edad,sexo_bin,indigena_bin,idioma_originario,lee_escribe_bin,hacinamiento,indice_servicios,piso_adecuado,pared_adecuada,internet_bin,log_alquiler,log_ingreso_pc,jefe_anios_estudio,jefe_edad,jefe_sexo,trabajo_bin,area_nombre_Urbana,depto_nombre_Chuquisaca,depto_nombre_Cochabamba,depto_nombre_La Paz,depto_nombre_Oruro,depto_nombre_Pando,depto_nombre_Potosí,depto_nombre_Santa Cruz,depto_nombre_Tarija,asistencia_real,pred_lr,proba_lr,pred_rf,proba_rf
7.0,0,0,1,1,5.0,2,1,1,0,6.2166061010848646,6.90875477931522,5.0,35.0,1.0,0,False,False,False,False,False,False,False,False,True,1,0,0.4095062260992533,1,0.530448027194966
16.0,1,0,1,1,1.2,3,1,1,1,7.313886831633462,6.034683666227958,18.0,44.0,1.0,0,True,False,False,False,True,False,False,False,False,0,0,0.32673749992886103,0,0.41180029291807707
15.0,0,0,1,1,1.6666666666666667,3,1,1,1,6.90875477931522,4.110873864173311,12.0,48.0,1.0,0,True,False,False,False,False,False,False,True,False,0,0,0.4921518876045038,1,0.5223621005448795
8.0,1,1,1,1,4.0,2,1,1,1,7.0909098220799835,8.657129031713755,12.0,32.0,1.0,0,False,False,False,False,True,False,False,False,False,0,0,0.3153830160094941,0,0.24007166108792333
14.0,1,1,1,1,1.0,2,0,1,0,5.017279836814924,7.467942332285852,3.0,52.0,1.0,0,False,False,False,False,False,False,True,False,False,1,1,0.5006196428670676,1,0.5635120921259138
6.0,1,0,1,1,2.6666666666666665,3,1,1,0,6.2166061010848646,0.0,12.0,42.0,1.0,0,True,False,False,True,False,False,False,False,False,1,1,0.826780760058574,1,0.7520812718810583
10.0,0,1,1,1,3.0,3,1,1,1,6.2166061010848646,5.993961427306569,12.0,36.0,1.0,1,True,False,False,False,False,False,False,True,False,0,0,0.4169110837380962,0,0.4907431850316126
11.0,1,0,1,1,1.2,2,1,1,1,6.2166061010848646,5.812138499293826,12.0,36.0,1.0,0,False,False,False,True,False,False,False,False,False,1,1,0.6729830001516557,1,0.603660745417809
10.0,0,0,1,1,2.0,3,1,1,0,6.2166061010848646,7.1316985104669115,14.0,29.0,2.0,0,True,False,False,True,False,False,False,False,False,1,1,0.8213337023821234,1,0.8038023379561706
6.0,0,0,1,1,2.5,3,1,1,1,6.2166061010848646,3.713572066704308,12.0,37.0,1.0,0,True,False,False,False,True,False,False,False,False,0,0,0.36895165228753557,0,0.4353471993627385
11.0,0,0,1,1,1.6666666666666667,3,1,1,1,6.68586094706836,7.0909098220799835,12.0,42.0,1.0,0,True,False,False,True,False,False,False,False,False,1,1,0.7558567624307132,1,0.7767182925924669
10.0,1,0,1,1,2.0,3,1,1,1,6.2166061010848646,4.047427642434349,17.0,29.0,1.0,0,True,False,False,False,True,False,False,False,False,1,0,0.34626436328970284,0,0.4537498504310048
17.0,1,1,1,1,2.0,3,1,1,1,6.2166061010848646,4.767855768265187,5.0,43.0,1.0,0,True,False,False,False,False,False,False,True,False,0,1,0.5446883494164549,1,0.5267637863127222
10.0,0,0,1,1,1.5,2,0,0,1,6.90875477931522,4.724433606814909,10.0,72.0,1.0,0,True,False,False,False,False,False,False,False,False,0,0,0.38287512375368477,0,0.373132026980018
10.0,1,0,1,1,1.3333333333333333,3,1,1,1,6.2166061010848646,0.0,17.0,42.0,1.0,0,True,False,False,False,False,False,False,True,False,0,1,0.5021712338265578,0,0.46126302571239414
8.0,0,1,1,1,2.0,3,1,1,0,6.2166061010848646,0.0,2.0,44.0,2.0,0,True,False,False,True,False,False,False,False,False,1,1,0.8666745224268158,1,0.7277796464885288
18.0,1,0,1,1,3.0,3,1,1,1,6.803505257608338,5.017279836814924,10.0,44.0,1.0,0,True,False,False,False,False,False,False,False,True,0,0,0.3761150852170085,0,0.314565732938939
7.0,0,0,1,1,2.0,2,1,1,0,4.61512051684126,8.658866349732383,11.0,32.0,1.0,0,False,False,False,True,False,False,False,False,False,1,1,0.7748402521998681,1,0.6432948503830686
15.0,0,0,1,1,5.0,3,1,1,1,6.2166061010848646,3.713572066704308,2.0,41.0,1.0,0,True,False,False,False,False,False,False,False,True,1,0,0.4037403614913492,0,0.40219312593130996
13.0,0,0,1,1,2.0,3,1,1,0,6.2166061010848646,0.0,12.0,72.0,1.0,0,False,False,False,False,False,False,False,False,False,1,1,0.5363631388437202,1,0.5392384047300322
12.0,1,0,0,0,1.6666666666666667,3,1,1,1,6.90875477931522,3.713572066704308,12.0,62.0,1.0,0,True,False,True,False,False,False,False,False,False,1,0,0.11522024725898025,0,0.37606334110634415
14.0,1,1,1,1,2.0,2,1,1,1,4.795790545596741,6.503789046997708,6.0,35.0,1.0,0,False,False,False,False,False,False,True,False,False,1,0,0.4586982392808459,0,0.39599444318722726
18.0,0,0,1,1,1.0,3,1,1,1,7.313886831633462,5.017279836814924,15.0,47.0,2.0,0,True,False,False,False,False,False,False,True,False,1,0,0.4839007028179435,1,0.5075303003672704
15.0,1,0,1,1,0.8,3,1,1,1,5.017279836814924,0.0,12.0,40.0,1.0,0,False,False,False,True,False,False,False,False,False,0,1,0.7404375999047074,1,0.6678588392249022
10.0,0,0,1,1,1.0,3,1,1,1,6.2166061010848646,0.0,12.0,42.0,2.0,0,True,False,False,False,False,False,False,True,False,1,1,0.5168234080019709,0,0.47772634187872337
18.0,1,0,1,1,2.5,3,1,1,1,6.2166061010848646,7.244941546337007,5.0,45.0,1.0,1,True,False,False,False,False,False,False,False,True,1,0,0.24301553155918607,0,0.316869293951375
10.0,1,0,1,1,2.0,2,1,1,1,6.621405651764134,7.919719760924575,8.0,41.0,2.0,1,False,False,False,True,False,False,False,False,False,1,1,0.522973266194111,1,0.662421140999027
16.0,0,1,1,1,3.5,3,1,1,1,6.2166061010848646,0.0,6.0,35.0,1.0,0,True,False,False,False,True,False,False,False,False,0,0,0.42383642919550985,1,0.5163215518552396
11.0,0,0,1,1,2.0,3,1,1,0,6.2166061010848646,5.198497031265826,5.0,43.0,2.0,0,False,False,False,False,False,False,True,False,False,1,1,0.5516740127107006,1,0.5992486915170917
16.0,0,0,1,1,4.0,2,1,1,1,5.303304908059076,0.0,5.0,36.0,1.0,0,False,True,False,False,False,False,False,False,False,1,0,0.23317796548728476,0,0.3333048961402848
9.0,1,0,1,1,2.0,3,1,1,0,6.2166061010848646,5.707110264748875,16.0,26.0,1.0,0,True,False,False,False,False,True,False,False,False,1,1,0.6673788625764632,1,0.5876628331770055
14.0,1,1,1,1,2.5,3,1,1,1,6.2166061010848646,6.774223886357614,17.0,46.0,1.0,0,True,False,False,False,False,False,False,True,False,1,1,0.557518849605957,1,0.5793226379003855
12.0,1,0,1,1,1.3333333333333333,2,0,1,1,3.9318256327243257,6.731614581263264,8.0,38.0,1.0,0,False,False,False,False,False,False,True,False,False,1,0,0.3597325580555038,0,0.3884140051728201
6.0,0,0,1,1,2.5,3,1,1,1,6.2166061010848646,6.329720905522696,8.0,32.0,1.0,0,True,False,False,False,False,False,False,False,False,1,0,0.45177910584257935,0,0.4240746903516605
14.0,0,0,1,1,1.25,3,1,1,1,6.90875477931522,8.294299608857235,9.0,34.0,1.0,1,True,False,False,False,False,False,False,True,False,0,0,0.3252027570878606,0,0.34032497125861416
8.0,1,0,1,1,1.0,3,1,1,1,6.2166061010848646,0.0,17.0,35.0,2.0,0,True,True,False,False,False,False,False,False,False,0,0,0.29576423358385645,0,0.23079882934937643
7.0,0,0,1,1,1.3333333333333333,3,1,1,1,7.313886831633462,6.621405651764134,12.0,51.0,1.0,0,True,False,False,False,False,False,False,True,False,1,0,0.49594048002492086,0,0.49093143691559604
14.0,0,0,1,1,2.0,2,0,1,0,6.398594934535208,8.207310953201803,10.0,60.0,1.0,1,False,False,False,True,False,False,False,False,False,0,1,0.582783848337406,1,0.5748732320429967
11.0,0,0,1,1,1.0,3,1,1,1,7.601402334583733,8.002526868264308,12.0,45.0,1.0,0,True,False,False,False,False,False,False,False,True,0,0,0.3813413664730671,0,0.34519291725873447
15.0,1,0,1,1,1.0,3,1,1,1,6.2166061010848646,4.454347296253507,17.0,51.0,1.0,1,True,False,False,False,False,False,False,True,False,1,0,0.3386794351981073,0,0.39886616044433265
7.0,0,0,1,1,3.0,3,1,1,1,6.2166061010848646,0.0,12.0,31.0,2.0,0,True,False,False,False,True,False,False,False,False,1,0,0.37652481188149817,0,0.4508651411436711
6.0,0,0,1,0,2.5,3,0,1,1,5.993961427306569,6.398594934535208,10.0,39.0,2.0,0,True,False,False,True,False,False,False,False,False,1,1,0.6697927482847701,1,0.7667553063831295
14.0,1,0,1,1,2.0,2,0,1,0,6.2166061010848646,9.952325334619427,9.0,37.0,1.0,0,False,True,False,False,False,False,False,False,False,0,0,0.23072819688732615,0,0.20905418573029957
12.0,0,1,1,1,3.0,1,0,0,0,5.707110264748875,8.517393171418904,4.0,64.0,1.0,0,False,False,False,False,False,False,False,False,False,0,0,0.45171530896506334,0,0.4421113465503233
9.0,1,0,1,1,2.5,3,1,1,1,7.313886831633462,0.0,17.0,47.0,1.0,0,True,False,False,False,False,False,False,False,True,0,0,0.39784256998104545,0,0.3292073258156323
13.0,0,0,1,1,1.0,3,1,1,1,7.313886831633462,0.0,15.0,41.0,1.0,0,True,False,False,True,False,False,False,False,False,0,1,0.7567145546035685,1,0.8456343668041835
7.0,1,0,1,1,2.0,3,0,1,1,6.2166061010848646,0.0,17.0,37.0,2.0,0,True,False,False,False,False,False,False,False,False,0,0,0.41151028554776653,0,0.43774200065360647
12.0,0,0,1,1,4.5,2,1,1,0,6.398594934535208,5.135144628592843,5.0,54.0,1.0,0,False,False,False,False,False,True,False,False,False,1,1,0.6057458550558014,1,0.6543417410328256
17.0,1,0,1,1,1.0,3,1,1,1,6.90875477931522,4.948759890378168,12.0,55.0,1.0,0,True,False,False,False,False,False,False,False,True,1,0,0.3779222559184771,0,0.27257994104581734
5.0,0,1,1,0,1.5,2,0,1,0,4.61512051684126,7.797428212952,2.0,49.0,1.0,0,False,True,False,False,False,False,False,False,False,0,0,0.264787068211853,0,0.21726909907774342
8.0,0,0,1,1,1.0,3,1,1,1,6.2166061010848646,4.151039905898646,12.0,35.0,1.0,0,True,True,False,False,False,False,False,False,False,0,0,0.2945928898084599,0,0.2876752319876054
15.0,0,0,1,1,1.5,3,1,1,1,6.90875477931522,0.0,12.0,35.0,1.0,0,True,False,False,True,False,False,False,False,False,1,1,0.7553219621695408,1,0.8027330519292383
7.0,1,0,1,1,2.0,3,1,1,0,5.993961427306569,2.772588722239781,12.0,29.0,1.0,0,False,False,False,False,False,False,False,True,False,0,1,0.5555439993517555,1,0.6117924893599916
19.0,1,1,1,1,2.0,2,1,1,0,5.303304908059076,6.821834216474498,2.0,50.0,2.0,0,False,False,False,False,True,False,False,False,False,1,0,0.40970992054447175,0,0.4079038393626447
17.0,0,0,1,1,1.4,3,1,1,1,7.741099090035366,6.572682063274631,15.0,43.0,1.0,0,True,False,False,False,False,False,False,True,False,0,0,0.4711648007174496,0,0.49810593319331276
17.0,0,0,1,1,2.0,3,1,1,0,5.017279836814924,5.993961427306569,1.0,42.0,2.0,0,True,False,False,False,True,False,False,False,False,0,0,0.44901037819880174,0,0.4051225415327162
17.0,1,1,1,1,1.6666666666666667,2,0,1,1,4.61512051684126,6.523562306149512,3.0,45.0,1.0,0,False,False,False,False,False,False,True,False,False,1,0,0.41048134613478915,0,0.43052318817471397
10.0,0,0,1,1,2.0,3,1,1,1,6.2166061010848646,0.0,17.0,33.0,1.0,0,True,False,False,False,False,False,False,False,False,1,0,0.46251063203001513,0,0.455548758633222
11.0,1,0,1,1,1.3333333333333333,3,1,1,1,6.2166061010848646,0.0,12.0,35.0,1.0,0,True,False,False,False,False,False,False,True,False,0,0,0.49289257503288686,0,0.4454985113952579
10.0,1,1,1,1,2.0,1,1,1,1,5.993961427306569,9.96415923206886,10.0,44.0,1.0,1,False,False,False,False,False,False,False,True,False,1,0,0.2656992546358454,0,0.3208281636048853
7.0,1,0,1,1,3.5,2,1,1,1,2.3978952727983707,6.90875477931522,5.0,32.0,1.0,0,False,False,True,False,False,False,False,False,False,0,0,0.38954071004452256,0,0.2860945353512062
13.0,0,0,1,1,0.5,2,1,1,1,7.601402334583733,7.419180722820095,19.0,50.0,1.0,0,True,False,True,False,False,False,False,False,False,1,0,0.3663583163892752,0,0.4473468151442481
6.0,0,0,1,1,2.0,3,1,1,1,6.2166061010848646,6.90875477931522,5.0,48.0,2.0,0,True,False,False,False,True,False,False,False,False,0,0,0.3673959055878072,0,0.3389338720411162
6.0,1,0,1,0,3.0,3,1,1,0,6.2166061010848646,0.0,12.0,38.0,1.0,0,True,False,False,True,False,False,False,False,False,1,1,0.7753862465257476,1,0.7588716065027544
14.0,1,1,1,1,1.6666666666666667,2,0,1,0,3.9318256327243257,7.244941546337007,5.0,61.0,2.0,0,False,False,False,False,True,False,False,False,False,0,0,0.39485436835036813,0,0.3210344640604862
7.0,1,0,1,1,5.0,3,1,1,0,6.2166061010848646,5.942799375126701,2.0,47.0,1.0,0,True,False,False,False,False,False,False,False,True,0,0,0.4918693618744814,0,0.45969323701579334
15.0,0,0,1,1,1.0,3,1,1,1,6.2166061010848646,0.0,17.0,43.0,1.0,0,True,False,False,True,False,False,False,False,False,1,1,0.7669765872638736,1,0.8524378335699838
12.0,1,1,1,1,2.3333333333333335,3,1,1,0,6.2166061010848646,3.8741727812970486,6.0,53.0,2.0,0,True,True,False,False,False,False,False,False,False,0,0,0.4368931983334765,0,0.38601889475709605
5.0,0,0,1,0,1.6666666666666667,3,1,1,1,6.2166061010848646,7.273092595999522,12.0,39.0,1.0,0,True,False,True,False,False,False,False,False,False,0,0,0.37094382063695847,0,0.381162327823518
8.0,0,0,1,1,0.2857142857142857,3,1,1,1,8.45553053102413,0.0,14.0,44.0,1.0,0,True,False,True,False,False,False,False,False,False,0,0,0.4266873423324541,0,0.36164477475829016
17.0,0,0,1,1,1.5,3,1,1,0,6.2166061010848646,0.0,15.0,45.0,1.0,0,True,False,False,False,False,False,True,False,False,1,1,0.5845528287372835,1,0.5532368015770011
16.0,1,0,1,1,1.5,3,1,1,0,6.2166061010848646,0.0,12.0,33.0,2.0,0,True,False,False,False,False,False,False,False,False,0,1,0.528542057580425,0,0.48760146954040734
11.0,1,0,1,1,7.0,2,1,1,0,5.303304908059076,2.9740707767728116,8.0,33.0,1.0,0,True,False,True,False,False,False,False,False,False,0,0,0.4855845126479088,0,0.44975253784882957
15.0,1,0,1,1,0.8,3,1,1,1,6.398594934535208,4.836281906951478,12.0,41.0,1.0,0,True,False,False,False,False,False,False,True,False,0,0,0.47626719664092637,0,0.48388944404865747
11.0,1,0,1,1,0.5,3,1,1,1,6.2166061010848646,0.0,3.0,65.0,2.0,0,True,False,False,True,False,False,False,False,False,1,1,0.765513046125597,1,0.6738521030856102
6.0,1,0,1,0,2.5,2,1,1,1,6.2166061010848646,0.0,0.0,46.0,2.0,0,True,False,True,False,False,False,False,False,False,1,0,0.3173831331644481,0,0.399093589860697
14.0,1,0,1,1,1.75,3,1,1,1,6.2166061010848646,5.371966049571182,12.0,33.0,2.0,0,True,False,False,True,False,False,False,False,False,1,1,0.7480881680109216,1,0.7804393825529451
18.0,0,0,1,1,1.5,2,1,1,1,6.2166061010848646,7.7554816189874085,8.0,23.0,1.0,1,False,False,False,False,False,False,False,False,True,0,0,0.18212872279980014,0,0.20455376401373196
15.0,1,0,1,1,1.75,2,1,1,1,6.2166061010848646,3.2851984677992734,12.0,37.0,1.0,0,False,False,False,False,False,False,True,False,False,0,0,0.3813769924756049,0,0.3290737316934261
16.0,0,0,1,1,3.0,2,0,0,1,6.2166061010848646,0.0,12.0,39.0,2.0,0,True,False,False,False,False,False,False,False,False,0,0,0.38278774287823203,0,0.4068882352672651
7.0,1,0,1,1,2.0,3,1,1,1,6.2166061010848646,7.630946580890459,12.0,27.0,1.0,0,True,False,False,True,False,False,False,False,False,1,1,0.7481817682849367,1,0.7840888732492506
10.0,1,0,1,1,1.3333333333333333,3,1,1,1,5.860786223465865,0.0,12.0,22.0,2.0,0,True,False,False,False,False,False,False,True,False,1,0,0.49641931508185966,1,0.5138712080799944
10.0,1,0,1,1,1.0,2,1,1,1,7.0909098220799835,7.346655163176539,6.0,39.0,2.0,0,False,True,False,False,False,False,False,False,False,0,0,0.20230422154665975,0,0.2058539501316266
5.0,1,0,1,0,1.2,3,1,1,1,5.707110264748875,5.5254529391317835,10.0,40.0,2.0,0,True,False,False,True,False,False,False,False,False,1,1,0.7027039965105563,1,0.7772724477255791
9.0,1,0,1,1,5.0,1,0,0,1,2.3978952727983707,7.783640596221253,7.0,27.0,1.0,0,False,False,False,False,False,True,False,False,False,0,0,0.4635368561687453,0,0.4533039770066701
8.0,0,0,1,1,2.0,2,1,1,0,4.394449154672439,8.086717920303906,4.0,50.0,1.0,0,False,True,False,False,False,False,False,False,False,0,0,0.31448693906833103,0,0.15379079882949137
13.0,0,0,1,1,0.5555555555555556,3,1,1,1,7.313886831633462,0.0,12.0,39.0,2.0,0,True,False,False,False,False,False,True,False,False,0,0,0.48179464891990237,0,0.40038587670874143
12.0,0,0,1,1,1.0,3,1,1,1,6.2166061010848646,0.0,17.0,50.0,1.0,0,True,False,False,False,False,False,False,True,False,0,1,0.5170811225748434,0,0.4616502302274639
15.0,1,1,1,1,1.3333333333333333,2,1,1,1,5.303304908059076,8.294299608857235,9.0,37.0,1.0,1,False,False,False,False,True,False,False,False,False,0,0,0.2011427450785363,0,0.15331162830445386
10.0,1,0,1,1,1.6666666666666667,2,1,1,1,5.303304908059076,8.699681400989514,8.0,44.0,1.0,0,False,False,False,False,False,False,True,False,False,1,0,0.3921888560094226,0,0.2779916597591253
8.0,1,0,1,1,1.0,3,1,1,1,6.2166061010848646,0.0,9.0,65.0,2.0,0,True,False,False,False,False,False,False,True,False,1,1,0.5167717093937185,0,0.48012548095990765
7.0,0,0,1,1,0.8333333333333334,3,1,1,1,6.90875477931522,0.0,12.0,41.0,1.0,0,True,False,False,False,True,False,False,False,False,1,0,0.36259066725116595,0,0.45823753095361974
12.0,1,0,1,1,2.5,2,1,1,0,6.2166061010848646,4.110873864173311,3.0,39.0,1.0,1,False,False,False,True,False,False,False,False,False,1,1,0.6140837886223149,1,0.6096614442235532
10.0,1,0,1,1,4.0,3,1,1,1,6.2166061010848646,3.258096538021482,11.0,41.0,2.0,0,True,False,False,False,True,False,False,False,False,0,0,0.3600521091864258,0,0.41066846562333836
12.0,0,0,1,1,2.5,3,1,1,1,6.2166061010848646,0.0,12.0,46.0,1.0,0,True,False,False,False,False,False,False,True,False,0,1,0.5159220301426811,0,0.4863145280138667
13.0,0,0,1,1,1.0,3,1,1,0,6.7464121285733745,0.0,17.0,43.0,1.0,0,True,False,False,True,False,False,False,False,False,1,1,0.823673785189201,1,0.8601321637342558
14.0,1,0,1,1,3.0,3,1,1,1,6.2166061010848646,0.0,12.0,44.0,2.0,0,True,False,False,False,False,False,False,True,False,1,1,0.5028871867866573,0,0.49581469414859286
7.0,1,0,1,1,2.5,2,0,1,1,4.61512051684126,7.496097345175956,5.0,51.0,1.0,0,False,True,False,False,False,False,False,False,False,0,0,0.19952036586864025,0,0.2503840603314037
17.0,1,0,1,1,6.0,3,1,1,1,6.2166061010848646,4.43477720005941,10.0,36.0,2.0,0,True,False,False,False,True,False,False,False,False,1,0,0.3496625772649874,0,0.3856095749243009
14.0,0,0,1,1,1.6666666666666667,2,1,1,1,6.90875477931522,0.0,12.0,38.0,2.0,0,True,False,False,False,False,False,False,False,False,0,0,0.391186868593059,0,0.3306638481876422
13.0,1,0,1,1,1.6666666666666667,3,1,1,1,5.303304908059076,0.0,2.0,47.0,1.0,0,False,True,False,False,False,False,False,False,False,1,0,0.26857535974074276,0,0.41402182668437326
17.0,0,0,1,1,1.75,2,1,1,0,4.61512051684126,7.369420670111807,3.0,37.0,1.0,0,False,True,False,False,False,False,False,False,False,0,0,0.29270508725808364,0,0.2708507042619905
10.0,0,0,1,1,1.3333333333333333,3,1,1,1,6.90875477931522,5.5254529391317835,12.0,35.0,2.0,0,True,False,False,False,False,False,False,False,False,0,0,0.44279416488149487,0,0.42451211763247476
8.0,1,0,1,1,1.5,2,1,1,0,3.9318256327243257,8.11202803831707,12.0,51.0,1.0,0,False,False,False,False,False,False,True,False,False,1,1,0.5113513818782642,0,0.43483926535189066
15.0,1,1,1,1,1.3333333333333333,2,1,1,0,6.2166061010848646,3.4339872044851463,5.0,42.0,1.0,0,False,False,False,True,False,False,False,False,False,1,1,0.7944275296939167,1,0.6281164314447616
8.0,1,0,1,1,1.6666666666666667,2,1,1,0,6.2166061010848646,6.68586094706836,12.0,28.0,1.0,0,False,False,False,False,True,False,False,False,False,0,0,0.3401288836384041,0,0.3116144994032557
10.0,1,0,1,1,2.0,3,1,1,1,6.2166061010848646,0.0,13.0,46.0,1.0,0,True,False,False,False,False,False,True,False,False,0,0,0.4918037040847687,0,0.4152952432353098
19.0,1,0,1,1,2.0,3,1,1,1,6.2166061010848646,4.330733340286331,12.0,45.0,2.0,1,True,False,False,True,False,False,False,False,False,0,1,0.6146825990627443,1,0.5955197359972021
8.0,0,0,1,1,1.6666666666666667,3,1,1,1,6.2166061010848646,6.90875477931522,14.0,32.0,1.0,0,True,False,False,True,False,False,False,False,False,1,1,0.7612467536152002,1,0.8304772072068353
9.0,0,0,1,1,3.5,3,1,1,1,6.2166061010848646,6.572682063274631,12.0,44.0,1.0,0,True,False,False,False,False,False,False,True,False,0,1,0.5103127569261235,1,0.5037433243354121
15.0,0,1,1,1,2.0,3,0,1,1,5.017279836814924,5.826982908442358,3.0,54.0,1.0,0,True,True,False,False,False,False,False,False,False,0,0,0.3195790861800707,0,0.38735226233866116
15.0,0,0,1,1,2.0,3,1,1,1,6.90875477931522,0.0,5.0,58.0,2.0,0,True,False,False,False,False,False,False,False,False,0,0,0.4553988995274702,0,0.4364728293212082
7.0,1,0,1,1,2.5,3,1,1,0,6.2166061010848646,0.0,12.0,38.0,1.0,0,True,False,False,False,False,False,False,True,False,1,1,0.5952016863455564,1,0.5649805120074309
12.0,1,0,1,1,1.5,3,0,0,1,5.993961427306569,0.0,12.0,37.0,2.0,0,True,False,False,False,False,False,False,False,False,0,0,0.43004897506892986,0,0.4794518457814812
17.0,0,0,1,1,1.4,3,1,1,1,5.993961427306569,7.04216128901732,12.0,41.0,1.0,0,True,False,False,True,False,False,False,False,False,1,1,0.7543951044754942,1,0.7972564207720783
10.0,1,0,1,1,2.5,3,0,1,1,6.2166061010848646,2.70805020110221,10.0,46.0,2.0,0,True,False,False,False,False,False,False,False,False,0,0,0.4034258260792454,0,0.4243845843667428
15.0,0,0,1,1,0.6666666666666666,3,1,1,1,7.313886831633462,0.0,17.0,42.0,1.0,0,True,False,False,True,False,False,False,False,False,1,1,0.7549404559750331,1,0.8263937630221918
12.0,0,1,1,1,1.5,3,1,1,1,6.68586094706836,0.0,15.0,39.0,2.0,0,True,False,False,True,False,False,False,False,False,1,1,0.8134876323879399,1,0.8625671039269279
19.0,1,0,1,1,2.0,3,1,1,1,5.993961427306569,0.0,8.0,50.0,1.0,0,True,False,False,False,False,False,False,True,False,1,0,0.4904916957431977,1,0.5310324271285844
13.0,1,0,1,1,1.3333333333333333,3,0,1,0,6.90875477931522,6.621405651764134,5.0,43.0,1.0,0,False,False,False,False,False,False,False,False,False,0,0,0.4271364732908646,1,0.5251901477611265
8.0,0,0,1,1,1.0,3,1,1,1,8.160803920954665,0.0,17.0,43.0,1.0,0,True,False,True,False,False,False,False,False,False,0,0,0.4343184774155756,0,0.38470534769904835
9.0,0,0,1,1,3.0,3,0,0,0,6.2166061010848646,6.621405651764134,15.0,44.0,2.0,0,True,False,False,False,False,False,False,False,False,0,1,0.5357528266596701,1,0.5393181471754318
17.0,1,0,1,1,7.0,2,1,1,1,5.707110264748875,0.0,6.0,32.0,2.0,0,False,False,False,False,False,False,False,False,True,0,0,0.32359044769391443,0,0.3282847157218689
15.0,0,0,1,1,1.6666666666666667,3,1,1,1,6.55250788703459,7.186144304522325,12.0,43.0,1.0,0,True,False,False,True,False,False,False,False,False,1,1,0.7525234107066916,1,0.7788927894275706
11.0,1,0,1,1,2.0,2,1,1,1,5.5254529391317835,6.775366090936392,12.0,39.0,1.0,0,False,False,True,False,False,False,False,False,False,0,0,0.3479921324613156,0,0.30519348613132036
17.0,1,0,1,1,1.0,3,1,1,1,7.0909098220799835,0.0,17.0,70.0,1.0,0,True,False,False,False,False,False,False,True,False,1,0,0.4937854618523063,0,0.46993111701656076
14.0,0,0,1,1,3.0,3,1,0,0,6.2166061010848646,0.0,5.0,57.0,1.0,0,False,False,False,False,False,False,False,False,False,1,1,0.5534821984989984,1,0.5202596978219539
18.0,1,0,1,1,1.0,3,1,1,1,6.68586094706836,7.601402334583733,19.0,48.0,1.0,0,True,True,False,False,False,False,False,False,False,0,0,0.2687671597140185,0,0.2988234707388984
5.0,1,1,1,0,1.6666666666666667,2,0,1,1,4.61512051684126,7.115582126184454,8.0,47.0,1.0,0,False,False,False,False,False,False,True,False,False,0,0,0.35752357131121015,0,0.3710835724628825
13.0,0,0,1,1,4.0,2,1,1,1,6.2166061010848646,7.330405211844402,12.0,34.0,2.0,0,False,True,False,False,False,False,False,False,False,0,0,0.2239396942880462,0,0.2489185523431887
12.0,1,0,1,1,1.6666666666666667,2,0,0,1,6.803505257608338,5.8888779583328805,17.0,33.0,2.0,0,True,False,False,False,False,False,False,False,False,0,0,0.3536113790677655,0,0.3485930302109627
18.0,0,1,1,1,0.8,3,1,1,1,6.2166061010848646,6.111467339502679,3.0,66.0,1.0,1,True,False,False,True,False,False,False,False,False,1,1,0.687002658418713,1,0.5384235506445979
18.0,1,1,1,1,1.5,3,1,1,0,6.2166061010848646,5.589742425278652,11.0,39.0,2.0,1,True,False,False,True,False,False,False,False,False,0,1,0.7472270343396563,1,0.6327384937076729
14.0,0,0,1,1,1.5,2,1,1,1,6.398594934535208,6.2166061010848646,3.0,57.0,2.0,0,False,False,True,False,False,False,False,False,False,0,0,0.3534104645707453,0,0.43236780655335516
17.0,1,0,1,1,5.0,2,1,1,1,6.2166061010848646,3.4339872044851463,11.0,32.0,2.0,0,True,False,False,True,False,False,False,False,False,1,1,0.7067232635260638,1,0.7549446685184162
15.0,1,0,1,1,1.3333333333333333,3,1,1,1,6.2166061010848646,4.836281906951478,1.0,39.0,2.0,0,True,False,False,True,False,False,False,False,False,1,1,0.7433598733352292,1,0.7109526000720914
15.0,0,0,1,1,1.5,3,1,1,0,6.90875477931522,7.215975002651466,2.0,50.0,2.0,1,True,False,False,False,False,False,False,False,False,0,0,0.3707509128340863,0,0.4313834052953735
6.0,1,0,1,0,2.0,3,1,1,0,6.2166061010848646,0.0,14.0,40.0,2.0,0,True,False,False,False,False,False,False,True,False,0,1,0.5239002936202583,1,0.5224464472920398
6.0,1,0,1,0,2.0,3,0,1,1,5.993961427306569,5.929589143389895,12.0,44.0,1.0,0,False,False,False,False,True,False,False,False,False,0,0,0.22588124349361474,0,0.3427757741507703
14.0,1,0,1,1,1.0,3,1,1,1,7.313886831633462,0.0,19.0,44.0,2.0,0,True,False,False,False,False,False,False,True,False,0,0,0.4866519338431819,0,0.48912434898366364
12.0,0,0,1,1,1.1666666666666667,3,1,1,1,6.90875477931522,6.879796624392638,2.0,53.0,1.0,0,True,False,False,False,False,False,False,False,True,0,0,0.38892498623903654,0,0.33921348715804606
17.0,1,0,1,1,3.5,1,1,1,0,6.2166061010848646,4.462618642004185,9.0,36.0,1.0,1,False,False,False,False,False,True,False,False,False,0,0,0.36426730221329395,0,0.38552716342437854
16.0,1,0,1,1,2.5,3,1,1,1,6.2166061010848646,6.90875477931522,12.0,43.0,1.0,0,True,False,False,True,False,False,False,False,False,0,1,0.74603931056827,1,0.7676187092288826
12.0,0,0,1,1,2.0,3,1,1,1,6.398594934535208,5.017279836814924,12.0,42.0,1.0,0,True,False,False,False,False,False,False,True,False,1,0,0.49993352824588994,0,0.4904172002203039
5.0,1,0,1,0,1.0,3,1,1,1,6.2166061010848646,5.303304908059076,17.0,41.0,2.0,0,True,True,False,False,False,False,False,False,False,0,0,0.2327137222166817,0,0.238812938965228
17.0,0,0,1,1,2.0,3,1,1,1,7.601402334583733,5.851244166332663,12.0,59.0,1.0,0,True,False,False,False,False,False,False,True,False,0,0,0.4834871092568299,1,0.5069921382803627
10.0,0,0,1,1,0.6666666666666666,3,1,1,1,7.313886831633462,6.621405651764134,1.0,65.0,2.0,0,True,False,False,True,False,False,False,False,False,1,1,0.7566567890522974,1,0.7120830899042797
7.0,1,0,1,1,1.3333333333333333,3,1,1,1,6.2166061010848646,0.0,17.0,35.0,1.0,0,True,False,False,True,False,False,False,False,False,1,1,0.7634872097594766,1,0.8504276012607218
9.0,1,0,1,1,1.6666666666666667,3,1,1,1,6.2166061010848646,6.608000625296087,6.0,43.0,1.0,0,True,False,False,False,False,False,False,False,True,1,0,0.3878579122547075,0,0.35908671183408203
18.0,1,0,1,1,2.0,3,1,1,1,6.2166061010848646,0.0,17.0,51.0,1.0,0,True,False,False,False,False,False,False,False,False,0,0,0.4450546159417598,0,0.4761437002352077
12.0,0,0,1,1,4.0,3,1,1,1,6.2166061010848646,8.517393171418904,12.0,34.0,1.0,1,True,False,False,False,False,False,False,False,True,1,0,0.26228702985471175,0,0.40396864935151916
16.0,1,0,1,1,1.0,3,1,1,0,5.303304908059076,0.0,3.0,45.0,1.0,0,True,False,False,True,False,False,False,False,False,1,1,0.8185056025114229,1,0.7946432840011451
16.0,0,0,1,1,2.0,3,1,1,0,6.2166061010848646,0.0,6.0,40.0,2.0,0,True,False,False,False,False,False,False,True,False,1,1,0.5947219031647025,1,0.5401681741050698
5.0,1,0,1,0,1.5,3,1,1,1,4.795790545596741,9.53490870409457,5.0,62.0,1.0,0,False,True,False,False,False,False,False,False,False,0,0,0.21902092729276865,0,0.2700145762362909
6.0,0,0,1,0,1.2,3,1,1,1,5.993961427306569,0.0,12.0,44.0,1.0,0,True,False,False,False,False,False,False,True,False,0,0,0.4442950911979245,0,0.4719549060545192
13.0,0,0,1,1,0.8333333333333334,3,1,1,1,6.2166061010848646,0.0,17.0,43.0,2.0,0,True,False,False,True,False,False,False,False,False,1,1,0.7722277286396232,1,0.8348998919986456
12.0,0,0,1,1,1.6666666666666667,2,1,1,0,6.2166061010848646,5.942799375126701,2.0,42.0,1.0,0,False,True,False,False,False,False,False,False,False,1,0,0.2855419563753172,0,0.35042381723820126
14.0,1,0,1,1,2.0,3,1,0,1,6.2166061010848646,6.311734809152915,9.0,36.0,2.0,0,False,False,False,False,False,False,False,False,False,0,0,0.42808989399443353,0,0.46634933237296244
8.0,0,0,1,1,0.8,3,1,1,1,8.517393171418904,9.328212292571072,17.0,43.0,1.0,0,True,False,False,False,False,False,False,True,False,0,0,0.4699511646929091,0,0.4157532961645285
6.0,0,0,1,1,1.5,3,1,1,1,6.2166061010848646,4.61512051684126,1.0,58.0,2.0,0,True,False,True,False,False,False,False,False,False,1,0,0.45852488600053604,0,0.37912117727591427
12.0,0,0,1,1,1.6666666666666667,3,1,1,1,5.707110264748875,3.4339872044851463,3.0,58.0,1.0,0,True,False,True,False,False,False,False,False,False,0,0,0.4550465802872322,0,0.3666501270507285
17.0,1,0,1,1,0.75,2,1,1,1,5.707110264748875,0.0,9.0,45.0,2.0,0,False,False,True,False,False,False,False,False,False,1,0,0.35026304398773844,0,0.4258081293554191
17.0,1,0,1,1,0.8571428571428571,2,1,1,1,6.90875477931522,8.314913795281337,3.0,43.0,1.0,1,True,False,False,True,False,False,False,False,False,1,1,0.5275499020711067,1,0.6405610301312247
11.0,1,0,1,1,1.25,3,1,1,1,6.2166061010848646,8.006700845440367,18.0,45.0,1.0,0,True,False,False,False,False,False,False,True,False,0,0,0.4873233756122705,0,0.4940044808990698
16.0,1,1,1,1,2.0,2,1,1,0,6.2166061010848646,7.334492522365841,11.0,36.0,2.0,1,False,False,False,True,False,False,False,False,False,1,1,0.6721462577585934,1,0.6133401109161124
14.0,1,0,1,1,1.4,3,1,1,1,6.2166061010848646,5.371966049571182,12.0,52.0,1.0,0,True,False,False,True,False,False,False,False,False,1,1,0.7521225626259408,1,0.7539913585299145
18.0,1,0,1,1,1.25,3,1,1,1,8.853808274977197,9.210440366976517,12.0,57.0,1.0,1,True,False,False,False,False,False,False,True,False,1,0,0.29602906993830425,0,0.3310552057738706
9.0,1,1,1,1,2.0,2,1,1,1,4.795790545596741,6.503789046997708,6.0,35.0,1.0,0,False,False,False,False,False,False,True,False,False,1,0,0.46703572457339715,0,0.38354809196948386
18.0,0,0,1,1,1.6666666666666667,3,1,1,1,6.2166061010848646,7.496097345175956,13.0,42.0,2.0,0,True,False,False,True,False,False,False,False,False,1,1,0.7552243669017435,1,0.8285561029774691
9.0,1,0,1,1,3.0,3,1,1,1,6.2166061010848646,6.147755791434351,12.0,55.0,1.0,0,True,False,True,False,False,False,False,False,False,0,0,0.44220591817522203,0,0.3800444834382199
7.0,1,0,1,1,6.0,3,1,1,1,6.90875477931522,0.0,11.0,32.0,1.0,0,True,False,False,False,False,False,False,True,False,0,1,0.5023514156453789,0,0.46033319377038223
8.0,1,0,1,1,5.0,3,1,1,1,6.2166061010848646,5.37989735354046,12.0,34.0,1.0,0,True,False,False,False,False,False,False,True,False,1,0,0.4985001697928698,0,0.4594725062270922
14.0,1,0,1,1,2.5,2,1,1,1,5.707110264748875,9.680406499268875,12.0,45.0,1.0,0,False,False,False,False,False,False,True,False,False,0,0,0.384528044417886,0,0.30402419187394236
10.0,1,0,1,1,1.0,2,0,0,1,7.0909098220799835,4.51085950651685,12.0,39.0,2.0,0,True,False,False,False,False,False,False,False,False,0,0,0.3535746962118717,0,0.29366964891789743
15.0,0,0,1,1,1.0,3,1,1,1,7.313886831633462,7.783640596221253,12.0,37.0,1.0,1,True,False,False,False,False,True,False,False,False,1,0,0.4130126089508176,0,0.4340552292282529
7.0,1,0,1,1,1.3333333333333333,2,1,1,1,6.2166061010848646,6.621405651764134,12.0,43.0,2.0,0,True,False,False,False,False,False,True,False,False,0,0,0.42492534046489805,0,0.40304715958470055
15.0,1,1,1,1,5.0,2,1,1,0,4.61512051684126,5.993961427306569,11.0,37.0,2.0,0,False,False,False,True,False,False,False,False,False,1,1,0.8159003504493768,1,0.7138471167697634
15.0,1,0,1,1,0.6666666666666666,2,1,1,1,6.2166061010848646,0.0,12.0,51.0,2.0,0,True,False,True,False,False,False,False,False,False,1,0,0.3811320978876463,0,0.4855286636936442
9.0,0,0,1,1,4.0,3,1,1,0,6.2166061010848646,4.61512051684126,6.0,36.0,2.0,0,True,False,False,False,False,False,False,True,False,0,1,0.6012786071384595,1,0.5455826354641627
8.0,1,0,1,1,2.5,3,1,1,1,6.2166061010848646,0.0,12.0,28.0,1.0,0,True,False,False,True,False,False,False,False,False,1,1,0.7593997764532822,1,0.7413129612867195
10.0,0,0,1,1,2.5,3,1,1,1,6.2166061010848646,0.0,4.0,25.0,1.0,0,True,False,False,True,False,False,False,False,False,1,1,0.7622478956934762,1,0.710970277285667
6.0,1,0,1,0,5.0,3,0,1,0,6.2166061010848646,0.0,0.0,32.0,2.0,0,True,True,False,False,False,False,False,False,False,1,0,0.2671863355625921,0,0.4320698142362672
9.0,0,0,1,1,2.0,3,1,1,1,6.90875477931522,4.61512051684126,12.0,41.0,1.0,0,True,False,False,False,False,False,False,False,True,0,0,0.4004593532159363,0,0.3078891794771584
19.0,0,0,1,1,0.5,3,1,1,0,6.2166061010848646,0.0,1.0,89.0,2.0,1,False,False,False,False,False,False,False,False,True,0,0,0.33072530378063236,0,0.3836530997719347
15.0,1,0,1,1,3.0,2,1,1,1,5.303304908059076,6.2166061010848646,7.0,40.0,1.0,1,True,False,True,False,False,False,False,False,False,0,0,0.24260159953309943,0,0.28930837570954265
18.0,0,0,1,1,3.0,3,1,1,1,6.2166061010848646,5.707110264748875,11.0,23.0,1.0,0,True,False,False,False,False,False,False,True,False,1,0,0.48240696225503915,1,0.5002234482628285
17.0,1,0,1,1,5.0,3,1,1,1,6.2166061010848646,2.70805020110221,2.0,42.0,2.0,1,True,False,True,False,False,False,False,False,False,0,0,0.2887371417678243,0,0.34061669368885467
14.0,1,0,1,1,3.5,2,1,0,0,6.2166061010848646,2.097141118779237,3.0,48.0,2.0,0,False,False,False,False,False,True,False,False,False,1,1,0.6212049086483207,1,0.6390636354690349
17.0,0,0,1,1,0.6666666666666666,2,1,1,1,7.550135342488429,4.330733340286331,17.0,38.0,2.0,1,True,False,False,False,False,False,False,False,False,1,0,0.23941758242405095,0,0.3645930808754922
18.0,0,0,1,1,1.5,3,1,1,1,6.621405651764134,0.0,9.0,33.0,2.0,1,False,False,False,False,False,False,False,True,False,1,0,0.3133614177065492,0,0.3357245352801936
10.0,0,0,1,1,1.4,2,1,1,1,6.2166061010848646,6.2166061010848646,4.0,41.0,2.0,0,False,False,True,False,False,False,False,False,False,1,0,0.3536574793262023,0,0.37085654215371044
17.0,0,0,1,1,1.5,3,1,1,1,8.006700845440367,4.214593690373678,17.0,44.0,1.0,0,True,False,False,False,False,False,False,True,False,1,0,0.4743760931928002,1,0.5199225247396968
17.0,1,0,1,1,1.0,3,1,1,1,6.55250788703459,0.0,17.0,48.0,1.0,0,True,False,False,False,False,False,False,False,True,0,0,0.39098496795688803,0,0.31245236703128365
8.0,0,0,1,1,4.0,3,1,1,0,6.2166061010848646,0.0,12.0,29.0,1.0,0,True,False,False,False,True,False,False,False,False,0,0,0.4610974187443119,0,0.49917798005567804
14.0,0,0,1,1,2.5,2,1,1,0,4.61512051684126,6.398594934535208,4.0,50.0,1.0,1,False,False,False,False,False,False,True,False,False,0,0,0.3544579470307174,0,0.4273786537550482
10.0,0,0,1,1,0.75,3,1,1,1,6.111467339502679,0.0,17.0,32.0,2.0,0,True,True,False,False,False,False,False,False,False,1,0,0.30434118044249153,0,0.24522929045648734
7.0,1,0,1,1,1.25,3,1,1,1,7.244941546337007,5.831882477283517,12.0,44.0,2.0,0,True,False,True,False,False,False,False,False,False,0,0,0.42518514571280736,0,0.3773849959251455
8.0,0,0,1,1,2.5,3,1,1,1,7.313886831633462,3.4339872044851463,10.0,43.0,1.0,0,False,False,False,False,False,False,False,False,False,0,0,0.4160141832607278,0,0.49962805773132674
5.0,1,0,1,0,1.3333333333333333,3,1,1,1,6.398594934535208,0.0,17.0,34.0,1.0,0,True,False,False,False,False,False,False,True,False,0,0,0.4242966411980909,0,0.4185763033554516
19.0,0,0,1,1,5.0,3,1,1,1,4.61512051684126,0.0,1.0,65.0,2.0,0,True,False,False,True,False,False,False,False,False,1,1,0.790170676842724,1,0.6702449698175158
5.0,0,0,1,0,4.0,3,1,1,1,6.2166061010848646,0.0,15.0,27.0,1.0,0,True,False,False,True,False,False,False,False,False,0,1,0.7179318067733909,1,0.8067721290050501
9.0,1,0,1,1,1.3333333333333333,3,1,1,1,6.2166061010848646,6.90875477931522,15.0,37.0,1.0,1,True,False,False,False,False,False,True,False,False,1,0,0.3252717427554044,0,0.4756283690963372
17.0,1,0,1,1,2.0,1,1,1,0,5.707110264748875,8.740496729931813,12.0,37.0,1.0,0,False,False,False,False,False,True,False,False,False,1,1,0.5142217117518335,0,0.42687606902218433
5.0,0,0,1,1,2.0,3,1,1,0,6.2166061010848646,0.0,9.0,25.0,1.0,0,False,False,False,False,False,False,False,False,False,0,1,0.5203792909720732,1,0.5133565974584458
16.0,1,0,1,1,2.0,2,0,1,0,6.2166061010848646,9.028138807982804,8.0,46.0,1.0,0,False,True,False,False,False,False,False,False,False,0,0,0.2328273441881642,0,0.21302051534950972
7.0,0,0,1,1,2.0,3,1,1,1,6.2166061010848646,6.79794041297493,12.0,62.0,1.0,0,True,False,False,False,False,False,False,False,True,0,0,0.4205786803031536,0,0.3628020023708607
13.0,0,0,1,1,0.625,3,1,1,1,6.68586094706836,2.3978952727983707,17.0,44.0,1.0,0,True,False,False,True,False,False,False,False,False,1,1,0.7610480391376154,1,0.8217934598914699
11.0,0,0,1,1,2.5,3,0,1,0,4.61512051684126,6.90875477931522,4.0,45.0,1.0,0,False,False,False,True,False,False,False,False,False,1,1,0.7827652940763257,1,0.6685001665747753
12.0,1,0,1,1,2.0,2,1,1,0,5.707110264748875,6.2166061010848646,10.0,33.0,1.0,1,False,False,False,False,False,True,False,False,False,0,0,0.42731415047756954,0,0.4277602985019751
8.0,1,0,1,1,4.0,3,1,1,1,6.2166061010848646,0.0,14.0,33.0,2.0,0,True,False,False,False,False,False,False,True,False,0,1,0.5110934642687347,0,0.4430850692789957
5.0,1,1,1,0,2.5,3,1,1,0,7.0909098220799835,3.4339872044851463,4.0,41.0,1.0,0,False,False,False,False,True,False,False,False,False,1,0,0.38949475665533123,1,0.5209725636311496
16.0,0,0,1,1,5.0,3,1,1,1,6.2166061010848646,0.0,3.0,44.0,2.0,0,True,False,True,False,False,False,False,False,False,1,0,0.45487219620681096,0,0.40711892641074365
16.0,0,0,1,1,2.0,3,1,1,1,7.601402334583733,8.987321812850125,12.0,39.0,1.0,0,True,False,False,False,False,False,False,True,False,0,0,0.46755512214941175,0,0.47146614410156656
12.0,1,0,1,1,1.3333333333333333,3,1,1,1,6.68586094706836,3.9318256327243257,5.0,40.0,2.0,0,True,False,False,False,True,False,False,False,False,0,0,0.33806558377576007,0,0.4269995599890634
11.0,0,0,1,1,4.0,3,1,1,1,6.2166061010848646,4.483002552013883,12.0,38.0,1.0,0,True,False,False,False,False,False,False,False,True,0,0,0.41090309781823925,0,0.2927770231867316
16.0,0,0,1,1,2.5,3,0,1,1,6.2166061010848646,0.0,6.0,54.0,1.0,0,True,False,False,False,False,False,False,False,False,1,0,0.41023285067227544,0,0.43287824426699845
18.0,1,0,1,1,2.0,3,1,1,0,6.2166061010848646,4.948759890378168,10.0,57.0,1.0,1,True,False,True,False,False,False,False,False,False,0,0,0.3639448090167628,0,0.35718738816191525
9.0,0,0,1,1,1.6666666666666667,3,0,1,1,6.2166061010848646,0.0,5.0,48.0,2.0,0,True,False,False,False,False,False,False,True,False,0,0,0.47003653550303603,0,0.4735837769606356
10.0,1,1,1,1,1.25,2,1,1,1,5.017279836814924,9.19023970026918,5.0,41.0,1.0,1,False,False,True,False,False,False,False,False,False,1,0,0.2716687689188128,0,0.19485184102442227
15.0,1,0,1,1,2.0,3,1,1,1,6.2166061010848646,0.0,17.0,25.0,1.0,0,True,False,False,False,False,False,False,True,False,1,0,0.48599261724664616,0,0.4540545058944926
15.0,0,0,1,1,1.4,3,0,1,0,5.993961427306569,6.467476873635335,17.0,47.0,1.0,0,True,False,False,True,False,False,False,False,False,1,1,0.792007355823552,1,0.7937036388123285
10.0,0,1,1,1,0.8333333333333334,3,1,1,1,6.398594934535208,6.46302945692067,12.0,37.0,1.0,0,True,False,False,True,False,False,False,False,False,1,1,0.8041593270062678,1,0.7620625754618393
11.0,1,0,1,1,1.25,3,1,1,1,6.2166061010848646,0.0,15.0,36.0,1.0,0,True,False,False,True,False,False,False,False,False,1,1,0.7578076252129272,1,0.8179608117995619
13.0,0,0,1,1,0.75,3,1,1,1,6.2166061010848646,7.313886831633462,15.0,42.0,2.0,0,True,False,False,False,False,False,False,True,False,1,0,0.4991011247296499,0,0.4830257034472384
17.0,0,0,1,1,1.3333333333333333,3,1,1,1,6.2166061010848646,5.420534999272286,4.0,50.0,1.0,0,True,False,True,False,False,False,False,False,False,1,0,0.4312499317372316,0,0.4189116189338318
19.0,1,0,1,1,2.0,3,1,1,1,6.2166061010848646,0.0,12.0,19.0,1.0,1,True,False,False,False,False,False,False,True,False,0,0,0.3234721285974624,0,0.3055507004631906
18.0,1,0,1,1,1.0,2,1,1,1,6.90875477931522,7.419180722820095,17.0,45.0,1.0,0,True,False,True,False,False,False,False,False,False,0,0,0.3512837564591418,0,0.4842670171857737
15.0,1,0,1,1,2.0,2,1,1,1,4.394449154672439,7.873217054862741,4.0,36.0,1.0,1,False,False,True,False,False,False,False,False,False,0,0,0.22130027201574926,0,0.16086289057685385
15.0,1,0,1,1,1.0,3,1,1,1,6.2166061010848646,0.0,12.0,35.0,1.0,0,True,False,False,False,False,False,False,False,True,0,0,0.387969092459505,0,0.3334651744414028
11.0,0,0,1,1,2.5,3,1,1,1,6.2166061010848646,0.0,19.0,45.0,1.0,0,True,True,False,False,False,False,False,False,False,0,0,0.31010832077111916,0,0.228549195773163
11.0,1,0,1,1,1.0,3,1,1,1,6.68586094706836,3.9318256327243257,11.0,41.0,1.0,0,True,False,False,False,False,False,False,False,True,1,0,0.38376523380150945,0,0.32219688867123236
13.0,1,0,1,1,1.25,2,1,1,1,7.496097345175956,8.294299608857235,12.0,48.0,1.0,0,True,False,True,False,False,False,False,False,False,0,0,0.34920337641537463,0,0.3643218187947524
19.0,0,0,1,1,2.5,2,1,1,1,6.2166061010848646,6.660575149839686,15.0,33.0,1.0,1,True,False,True,False,False,False,False,False,False,0,0,0.238726505005157,0,0.3720906368414276
5.0,1,0,1,0,1.25,2,1,1,1,6.68586094706836,6.90875477931522,12.0,39.0,1.0,0,True,False,True,False,False,False,False,False,False,0,0,0.29859590212058207,0,0.3449275077219261
14.0,1,0,1,1,1.3333333333333333,2,1,1,1,7.313886831633462,7.601402334583733,18.0,43.0,1.0,0,True,False,False,False,False,True,False,False,False,1,1,0.5051724809049103,1,0.5374535331504329
10.0,1,0,1,1,3.5,3,1,1,1,6.2166061010848646,2.097141118779237,8.0,39.0,1.0,0,True,False,False,False,False,False,False,True,False,1,0,0.496830781839473,0,0.4914717245896973
18.0,1,0,1,1,0.8,3,1,1,1,7.601402334583733,4.61512051684126,12.0,56.0,1.0,0,True,False,False,False,False,False,False,False,True,0,0,0.36810076920176493,0,0.2801136009009437
11.0,1,0,1,1,4.0,3,1,1,1,6.2166061010848646,5.707110264748875,10.0,32.0,2.0,0,True,False,False,False,False,False,False,True,False,0,0,0.4917076948407697,0,0.47755864688963073
10.0,0,0,1,1,0.6,3,1,1,1,6.2166061010848646,4.43477720005941,12.0,36.0,2.0,0,True,False,False,True,False,False,False,False,False,1,1,0.7638101561519035,1,0.7614865533305999
13.0,1,0,1,1,1.0,3,1,1,1,6.2166061010848646,0.0,14.0,58.0,1.0,0,True,False,False,False,False,False,False,False,True,0,0,0.4053334033295334,0,0.3235569989460656
16.0,0,0,1,1,1.5,3,0,0,0,6.2166061010848646,0.0,10.0,36.0,2.0,0,True,False,False,False,False,True,False,False,False,0,1,0.6663064820555589,0,0.47759720772927283
19.0,0,0,1,1,0.6,3,1,1,1,7.601402334583733,8.11202803831707,12.0,48.0,1.0,0,True,False,False,False,False,False,False,True,False,1,0,0.46506527585653057,1,0.5220678637103883
14.0,0,0,1,1,2.5,2,0,0,1,6.68586094706836,5.707110264748875,11.0,39.0,1.0,0,False,False,False,False,False,True,False,False,False,1,0,0.4772301661991241,1,0.6111574562414468
16.0,1,0,1,1,2.5,1,1,1,0,7.170888478512505,7.0909098220799835,8.0,40.0,1.0,1,False,False,False,False,False,False,False,True,False,0,0,0.2651751836396105,0,0.27329921780127914
16.0,1,0,1,1,1.6666666666666667,3,1,1,1,6.68586094706836,5.3981627015177525,5.0,56.0,1.0,0,True,False,False,False,False,False,True,False,False,0,0,0.46418589350917433,0,0.44180324279346905
16.0,1,0,1,1,1.5,3,1,1,1,7.313886831633462,4.9003242732785735,10.0,38.0,1.0,0,True,False,False,False,False,False,False,True,False,1,0,0.4611181542819031,1,0.5036014950920882
12.0,0,0,1,1,1.6666666666666667,3,1,1,1,6.2166061010848646,3.2188758248682006,17.0,43.0,1.0,0,True,False,False,False,False,False,False,True,False,0,1,0.5089272243392773,0,0.45394385327870823
14.0,1,1,1,1,4.0,3,1,1,1,5.707110264748875,4.5512418439625355,2.0,40.0,1.0,0,True,False,False,False,False,False,True,False,False,0,1,0.5474807077208838,1,0.5406374023524914
10.0,0,0,1,1,1.5,1,1,1,1,4.394449154672439,6.90875477931522,5.0,50.0,1.0,0,False,True,False,False,False,False,False,False,False,0,0,0.19912220172457995,0,0.24574703623414604
9.0,0,1,1,1,1.4,2,1,1,0,6.68586094706836,6.572682063274631,10.0,36.0,1.0,0,True,False,False,False,False,False,True,False,False,0,1,0.5795560417602776,0,0.4774067413828893
12.0,0,0,1,1,2.5,2,1,1,0,6.2166061010848646,0.0,12.0,27.0,1.0,0,False,False,False,False,False,False,False,False,False,1,0,0.45382487597599525,0,0.47336965791383995
10.0,0,0,1,1,1.3333333333333333,3,1,1,1,6.2166061010848646,0.0,14.0,39.0,1.0,0,True,False,False,False,True,False,False,False,False,0,0,0.36833802395367443,0,0.4476867846531467
18.0,1,0,1,1,1.5,3,1,1,1,6.398594934535208,5.303304908059076,9.0,60.0,2.0,1,True,False,False,False,False,False,False,True,False,0,0,0.3356289310553462,0,0.34640841894639424
12.0,0,0,1,1,0.6,3,1,1,1,7.496097345175956,8.517393171418904,19.0,50.0,2.0,0,True,True,False,False,False,False,False,False,False,0,0,0.28187840443130446,0,0.256184473593194
5.0,1,0,1,1,2.0,3,1,1,0,6.2166061010848646,6.439350371100098,17.0,41.0,1.0,0,True,False,False,True,False,False,False,False,False,0,1,0.8210845978684639,1,0.7784777509198427
10.0,1,0,1,1,1.5,3,1,1,1,6.2166061010848646,0.0,10.0,18.0,1.0,0,True,False,False,False,False,False,False,True,False,1,0,0.4837977369155535,0,0.47011151049651323
10.0,1,0,1,1,2.3333333333333335,3,1,1,1,7.0909098220799835,0.0,17.0,50.0,1.0,0,True,False,False,False,False,False,False,False,False,0,0,0.4470203172530283,0,0.4376404326705725
9.0,0,1,1,1,4.0,2,1,1,0,4.61512051684126,7.1316985104669115,12.0,33.0,1.0,0,False,False,False,True,False,False,False,False,False,1,1,0.8237083756664114,1,0.6478124015286464
5.0,1,0,1,0,2.0,3,1,1,0,6.2166061010848646,0.0,12.0,34.0,2.0,0,True,False,False,False,True,False,False,False,False,0,0,0.3755553228185206,0,0.4386958881532524
14.0,1,0,1,1,7.0,3,1,1,1,6.2166061010848646,4.0125145439744685,7.0,36.0,2.0,0,True,False,False,True,False,False,False,False,False,1,1,0.7608766437456986,1,0.7666994605685358
5.0,0,1,1,0,1.0,2,1,1,0,5.707110264748875,0.0,8.0,29.0,2.0,0,False,True,False,False,False,False,False,False,False,0,0,0.30116294915877984,0,0.30048628864122684
19.0,0,1,1,1,1.25,3,1,1,0,5.017279836814924,5.484796933490655,12.0,39.0,2.0,0,True,False,False,True,False,False,False,False,False,0,1,0.8615768277058015,1,0.7278883668417764
12.0,1,0,1,1,2.0,2,1,1,1,5.860786223465865,7.196187070324464,5.0,49.0,1.0,0,False,True,False,False,False,False,False,False,False,0,0,0.21372141946247253,0,0.20284968466337921
18.0,0,0,1,1,1.2,3,1,1,1,7.601402334583733,8.33511160582689,17.0,58.0,1.0,0,True,False,False,False,False,False,False,True,False,0,0,0.4774981233125565,0,0.4677231424951309
9.0,1,0,1,1,0.6666666666666666,3,1,1,1,6.398594934535208,0.0,18.0,30.0,2.0,0,True,False,False,True,False,False,False,False,False,1,1,0.7594588311273576,1,0.7497018918259855
5.0,0,0,1,0,2.0,3,1,1,0,6.2166061010848646,2.3978952727983707,10.0,25.0,1.0,0,True,False,False,True,False,False,False,False,False,1,1,0.7751304837962363,1,0.774311586138552
15.0,1,0,1,1,1.6666666666666667,2,1,1,0,6.2166061010848646,5.198497031265826,7.0,29.0,1.0,0,True,False,False,False,False,True,False,False,False,0,1,0.5982450385778934,1,0.5016217249627367
5.0,0,0,1,0,2.0,3,1,1,1,6.2166061010848646,0.0,17.0,40.0,1.0,0,True,False,False,False,False,False,False,True,False,0,0,0.44662728740780533,0,0.4020182987027454
12.0,1,0,1,1,2.0,3,1,1,1,6.2166061010848646,0.0,4.0,55.0,1.0,0,True,True,False,False,False,False,False,False,False,0,0,0.2910380247659164,0,0.3086007543490411
13.0,0,0,1,1,1.0,3,1,1,1,6.90875477931522,5.081404364984463,12.0,38.0,2.0,0,True,False,False,True,False,False,False,False,False,1,1,0.7541032534520767,1,0.7919986726990174
8.0,0,0,1,1,2.5,2,1,1,1,4.61512051684126,6.660575149839686,5.0,48.0,1.0,0,False,True,False,False,False,False,False,False,False,0,0,0.24206963951865848,0,0.23252480512942386
14.0,1,0,1,1,0.6666666666666666,3,1,1,1,6.2166061010848646,0.0,15.0,50.0,2.0,0,True,False,False,True,False,False,False,False,False,0,1,0.7620812596646682,1,0.7481790213348841
17.0,1,0,1,1,0.6666666666666666,2,1,1,1,5.303304908059076,4.189654742026425,4.0,42.0,1.0,1,False,False,False,True,False,False,False,False,False,1,1,0.5253181898430429,1,0.610991681833044
5.0,1,0,1,0,0.8,3,1,1,1,5.017279836814924,0.0,12.0,40.0,1.0,0,False,False,False,True,False,False,False,False,False,0,1,0.6892129314780602,1,0.6533386812066613
18.0,0,0,1,1,1.25,2,1,1,1,6.2166061010848646,5.831882477283517,7.0,46.0,1.0,0,True,False,True,False,False,False,False,False,False,0,0,0.3710482886147372,0,0.44035975342118144
18.0,0,0,1,1,0.8,3,1,1,1,7.601402334583733,0.0,17.0,44.0,2.0,0,True,False,False,False,False,False,False,True,False,0,0,0.48865698412087666,0,0.4900526552899549
13.0,1,0,1,1,1.5,3,1,1,1,5.707110264748875,6.503789046997708,2.0,49.0,1.0,0,True,False,False,True,False,False,False,False,False,1,1,0.7505815144244137,1,0.7770192998420669
5.0,0,1,1,0,3.0,2,1,1,1,6.2166061010848646,0.0,14.0,27.0,1.0,0,False,True,False,False,False,False,False,False,False,0,0,0.228652599470856,0,0.24855892648861083
15.0,1,0,1,1,1.3333333333333333,3,1,1,1,5.860786223465865,0.0,2.0,52.0,2.0,0,True,False,False,False,False,False,False,True,False,1,0,0.4984181699779317,1,0.525534881207811
5.0,1,0,1,0,3.0,3,1,1,0,6.2166061010848646,0.0,5.0,50.0,1.0,0,True,False,False,True,False,False,False,False,False,1,1,0.7779609061570346,1,0.6851844404739944
5.0,1,0,1,0,0.8333333333333334,3,1,1,1,7.696667081526462,6.55250788703459,12.0,37.0,2.0,0,True,False,False,False,False,False,True,False,False,0,0,0.38485268918501087,0,0.41699360363363447
7.0,1,0,1,1,1.25,3,1,1,1,6.90875477931522,0.0,4.0,43.0,1.0,0,True,True,False,False,False,False,False,False,False,0,0,0.28256680443027504,0,0.3533700076347796
12.0,0,0,1,1,1.0,3,1,1,1,6.68586094706836,7.719129840906732,12.0,44.0,2.0,0,True,False,False,False,False,False,False,False,True,0,0,0.3958866959669507,0,0.33920996520111074
10.0,1,0,1,1,0.8,2,1,1,1,5.707110264748875,9.528866827722945,12.0,34.0,1.0,0,False,False,False,False,False,False,False,False,True,0,0,0.30198622406811776,0,0.24677153015881131
10.0,0,1,1,1,2.3333333333333335,2,1,1,0,4.394449154672439,7.601402334583733,3.0,45.0,1.0,0,False,True,False,False,False,False,False,False,False,0,0,0.3724136085383219,0,0.2302193402134903
15.0,1,0,1,1,1.5,2,1,1,0,5.303304908059076,6.765807616326455,2.0,59.0,1.0,1,False,False,False,False,False,False,False,False,True,0,0,0.25904517499511803,0,0.4567300838635846
14.0,0,0,1,1,4.0,2,0,1,0,6.2166061010848646,5.170483995038151,2.0,47.0,2.0,0,True,False,False,False,False,False,False,False,False,0,0,0.43696471572315165,0,0.4620083186405673
18.0,1,0,1,1,1.5,3,1,1,1,6.90875477931522,3.258096538021482,7.0,50.0,1.0,0,True,False,False,False,True,False,False,False,False,0,0,0.3303925064149841,0,0.41642153868571263
19.0,1,0,1,1,2.75,3,1,1,1,6.2166061010848646,0.0,12.0,42.0,2.0,1,True,False,False,False,False,False,False,True,False,0,0,0.34148684865915546,0,0.3878097149296503
12.0,0,0,1,1,1.6,3,1,1,1,7.496097345175956,5.5254529391317835,12.0,55.0,1.0,0,True,False,False,False,False,False,False,True,False,0,0,0.4903444048995719,0,0.48807260238644995
11.0,0,0,1,1,6.0,3,1,1,0,6.2166061010848646,3.9318256327243257,1.0,41.0,2.0,1,True,True,False,False,False,False,False,False,False,1,0,0.25176850178214133,0,0.47348660522930675
11.0,0,0,1,1,1.5,3,1,1,1,6.2166061010848646,0.0,17.0,37.0,1.0,0,True,False,False,False,False,False,False,False,True,0,0,0.41451294138816513,0,0.33447781896665224
12.0,1,0,1,1,1.0,2,1,1,1,8.006700845440367,6.803505257608338,17.0,49.0,1.0,0,True,False,False,True,False,False,False,False,False,1,1,0.6852356626291737,1,0.7090389530147696
5.0,0,0,1,0,1.75,3,1,1,0,6.398594934535208,6.398594934535208,12.0,30.0,1.0,0,True,False,False,True,False,False,False,False,False,0,1,0.7704856921349249,1,0.7478085254825454
16.0,0,0,1,1,1.5,3,1,1,1,6.2166061010848646,9.210440366976517,12.0,39.0,1.0,0,False,False,False,False,False,False,False,True,False,0,0,0.45297268764746323,0,0.4867571515396525
10.0,1,0,1,1,1.6666666666666667,3,1,1,1,7.0909098220799835,6.68586094706836,12.0,44.0,2.0,0,True,False,False,False,False,False,False,True,False,1,0,0.4807114695626868,0,0.48492091502010126
18.0,0,0,1,1,1.6666666666666667,3,1,1,1,7.0909098220799835,6.508769136971682,5.0,48.0,1.0,0,True,False,False,False,False,False,False,True,False,0,0,0.47511923018688784,1,0.5087681505362315
11.0,0,0,1,1,1.2,2,1,1,1,5.303304908059076,8.136713336001982,1.0,45.0,1.0,0,False,False,True,False,False,False,False,False,False,0,0,0.35554813605171876,0,0.26429291142586386
7.0,1,0,1,1,1.0,2,1,1,1,6.2166061010848646,0.0,17.0,40.0,1.0,0,True,False,True,False,False,False,False,False,False,1,0,0.38777760573430803,0,0.4541664101092791
17.0,0,1,1,1,2.5,2,0,1,1,3.9318256327243257,6.55250788703459,3.0,41.0,2.0,1,False,False,True,False,False,False,False,False,False,0,0,0.2566501628139674,0,0.2394253258555246
6.0,0,0,1,0,2.0,2,1,1,1,6.2166061010848646,5.707110264748875,14.0,26.0,1.0,0,True,False,True,False,False,False,False,False,False,0,0,0.3137806250750178,0,0.3955972512710051
14.0,1,0,1,1,1.0,3,1,1,1,7.650168700845001,5.5254529391317835,19.0,71.0,1.0,0,True,False,True,False,False,False,False,False,False,1,0,0.4238475525013804,0,0.41749641043631164
11.0,0,0,1,1,2.0,1,1,1,0,2.3978952727983707,4.330733340286331,3.0,60.0,1.0,0,False,False,False,False,False,True,False,False,False,0,1,0.5981328652574709,1,0.5716862736492305
14.0,0,0,1,1,1.0,3,1,1,1,6.2166061010848646,5.62040086571715,12.0,37.0,2.0,0,True,False,False,True,False,False,False,False,False,1,1,0.758613183152907,1,0.7784563511473384
13.0,1,0,1,1,1.0,3,1,1,1,6.2166061010848646,0.0,12.0,38.0,1.0,0,True,False,False,False,False,False,False,True,False,1,0,0.49024050570186206,0,0.4591523016513905
19.0,1,0,1,1,0.8,3,1,1,1,7.601402334583733,10.12667110305036,12.0,50.0,1.0,1,True,False,False,False,False,False,False,False,False,0,0,0.2613795167330896,0,0.3423564847807436
12.0,1,0,1,1,1.1666666666666667,3,1,1,1,6.2166061010848646,6.467476873635335,12.0,27.0,1.0,0,True,False,True,False,False,False,False,False,False,0,0,0.41510843188619645,0,0.37799884874991785
7.0,0,0,1,1,1.0,2,0,0,0,6.2166061010848646,6.991790007925211,12.0,26.0,2.0,0,False,False,False,False,False,False,False,False,False,0,0,0.4287756192971484,0,0.4693522027068618
14.0,1,0,1,1,1.6666666666666667,2,1,1,0,6.2166061010848646,0.0,12.0,39.0,1.0,1,False,True,False,False,False,False,False,False,False,0,0,0.17520000707649167,0,0.26579428674951094
7.0,0,0,1,1,2.0,3,1,1,1,6.2166061010848646,0.0,12.0,29.0,1.0,0,True,False,False,False,False,False,False,True,False,0,1,0.5128565989275815,0,0.44372297747389794
12.0,1,0,1,1,1.0,3,1,1,1,6.2166061010848646,4.151039905898646,12.0,35.0,1.0,0,True,True,False,False,False,False,False,False,False,0,0,0.27714736766528314,0,0.29206966449642247
14.0,1,0,1,1,1.25,2,1,1,1,5.993961427306569,9.607571675157244,3.0,79.0,1.0,1,False,True,False,False,False,False,False,False,False,0,0,0.1285355802351556,0,0.21151121643519552
17.0,1,0,1,1,0.6666666666666666,3,1,1,1,6.2166061010848646,5.5254529391317835,12.0,58.0,2.0,0,True,False,True,False,False,False,False,False,False,0,0,0.4292148040733494,0,0.37387459960617286
14.0,1,0,1,1,2.3333333333333335,3,1,1,1,6.2166061010848646,0.0,14.0,44.0,1.0,0,True,False,False,True,False,False,False,False,False,1,1,0.7594981153020492,1,0.7878078195536627
10.0,1,0,1,1,1.5,3,1,1,0,5.303304908059076,0.0,8.0,45.0,2.0,0,True,False,False,False,True,False,False,False,False,0,0,0.4587380132321648,0,0.4725712371903563
13.0,0,0,1,1,1.6666666666666667,3,1,1,1,5.993961427306569,7.0825485693553,12.0,42.0,1.0,0,True,False,False,True,False,False,False,False,False,1,1,0.7603095219228602,1,0.7940153144667633
8.0,1,0,1,1,1.0,2,1,1,1,6.2166061010848646,6.175867270105761,13.0,34.0,1.0,0,True,False,True,False,False,False,False,False,False,1,0,0.36911126865690885,0,0.38590202456399736
15.0,1,0,1,1,2.5,3,1,1,1,6.2166061010848646,0.0,12.0,46.0,1.0,0,True,False,False,False,False,False,False,True,False,0,0,0.4962354547596575,0,0.48773612377199577
9.0,1,0,1,1,1.25,2,1,1,0,4.394449154672439,5.707110264748875,8.0,35.0,1.0,1,False,False,False,False,False,False,True,False,False,1,0,0.3437670786180836,0,0.46797398386158684
8.0,1,1,1,1,4.0,1,0,0,0,6.2166061010848646,7.62608275807238,5.0,37.0,1.0,0,False,False,False,False,False,False,False,False,False,1,0,0.42705334414865254,1,0.5179625334357362
15.0,0,1,1,1,2.0,3,1,1,0,6.90875477931522,7.313886831633462,8.0,52.0,1.0,0,False,False,False,False,True,False,False,False,False,1,0,0.4679850229356913,0,0.4922055523997617
9.0,1,0,1,1,1.6666666666666667,2,1,1,1,6.90875477931522,5.303304908059076,2.0,76.0,2.0,0,True,False,False,False,False,False,False,False,False,0,0,0.38983595962864215,0,0.43985474687279785
6.0,0,1,1,1,3.0,2,0,0,0,4.61512051684126,0.0,7.0,23.0,2.0,0,False,False,False,True,False,False,False,False,False,0,1,0.818504536086647,1,0.6001273580891243
18.0,0,1,1,1,3.0,2,0,1,1,4.61512051684126,6.791096610987463,5.0,38.0,1.0,1,False,False,True,False,False,False,False,False,False,0,0,0.2455464245614067,0,0.196923420417666
7.0,0,0,1,1,2.5,3,1,1,0,6.2166061010848646,6.55250788703459,12.0,32.0,1.0,0,True,False,False,False,False,False,True,False,False,1,1,0.5822654579627942,1,0.5050354007455352
16.0,1,0,1,1,1.0,3,1,1,1,6.2166061010848646,5.017279836814924,12.0,89.0,1.0,0,True,False,False,False,False,False,False,True,False,0,1,0.5052395608479779,0,0.4711451198534109
5.0,1,0,1,0,2.0,2,1,1,0,3.9318256327243257,0.0,12.0,46.0,1.0,0,False,False,False,True,False,False,False,False,False,0,1,0.7331679746967213,1,0.6216704558151419
14.0,1,0,1,1,1.6666666666666667,2,1,1,0,3.713572066704308,0.0,12.0,35.0,1.0,0,False,False,False,False,False,False,True,False,False,1,1,0.5110416189969265,1,0.5417838501921615
8.0,1,0,1,1,3.5,3,1,1,0,5.860786223465865,0.0,8.0,28.0,1.0,0,False,False,False,False,False,False,False,False,False,0,1,0.5112703476197653,1,0.5868791081113828
13.0,1,1,1,1,6.0,2,0,1,1,5.017279836814924,2.8233610476132043,5.0,34.0,2.0,1,False,False,True,False,False,False,False,False,False,0,0,0.2511528919165761,0,0.2662934115704094
9.0,0,0,1,1,1.0,3,1,1,1,6.2166061010848646,6.7464121285733745,12.0,39.0,2.0,0,True,False,False,True,False,False,False,False,False,1,1,0.76398208879707,1,0.762943554729552
10.0,1,0,1,1,2.0,2,0,1,1,6.2166061010848646,0.0,12.0,30.0,2.0,0,True,False,True,False,False,False,False,False,False,0,0,0.33628098814933016,0,0.367892392657718
13.0,1,0,1,1,0.8333333333333334,2,1,1,1,5.5254529391317835,3.2188758248682006,3.0,65.0,2.0,0,True,False,True,False,False,False,False,False,False,1,0,0.3895457895151381,0,0.4885111476427552
15.0,0,0,1,1,1.5,2,1,1,1,5.303304908059076,6.988720637805241,5.0,59.0,1.0,0,True,False,True,False,False,False,False,False,False,0,0,0.39195846619251457,0,0.40144519203836027
17.0,0,0,1,1,3.0,2,0,0,0,6.90875477931522,0.0,12.0,40.0,2.0,0,True,False,False,False,False,False,False,False,False,0,0,0.4615173714937987,0,0.349558949245162
16.0,0,0,1,1,0.6666666666666666,3,1,1,1,6.90875477931522,0.0,5.0,42.0,2.0,0,True,True,False,False,False,False,False,False,False,1,0,0.2845503467351575,0,0.30949580086096784
12.0,0,0,1,1,1.0,3,1,1,1,8.160803920954665,0.0,17.0,54.0,2.0,0,True,False,False,False,False,False,False,True,False,1,0,0.49755136682544476,0,0.47039817424639857
8.0,1,0,1,1,1.75,2,1,1,1,5.303304908059076,7.265129978035143,12.0,48.0,1.0,0,False,False,False,True,False,False,False,False,False,1,1,0.6932063034146885,1,0.6381305052435512
6.0,1,0,1,1,2.0,3,1,1,1,6.68586094706836,7.196187070324464,17.0,57.0,2.0,0,True,False,False,False,False,False,False,False,True,1,0,0.4060952928172136,0,0.38181092080388984
5.0,1,0,1,0,1.6666666666666667,3,1,1,1,6.2166061010848646,5.616771097666572,17.0,36.0,1.0,0,True,False,False,False,False,False,True,False,False,1,0,0.4067607057774692,0,0.4181955959656332
19.0,0,0,1,1,0.6,3,1,1,1,6.2166061010848646,7.593038284485281,6.0,38.0,1.0,0,True,False,False,False,True,False,False,False,False,1,0,0.3335633807539328,0,0.40043051756874
7.0,1,0,1,1,1.6666666666666667,2,1,1,1,6.2166061010848646,3.9318256327243257,8.0,39.0,1.0,0,True,False,True,False,False,False,False,False,False,1,0,0.37607419530953917,0,0.3842110458175501
12.0,1,0,1,1,3.0,3,0,1,0,5.993961427306569,4.214593690373678,7.0,48.0,1.0,0,False,False,False,False,False,False,False,True,False,0,1,0.5061334643006558,1,0.6144220974225891
14.0,0,0,1,1,1.6666666666666667,3,1,1,1,6.2166061010848646,5.081404364984463,12.0,54.0,1.0,0,True,False,True,False,False,False,False,False,False,0,0,0.4457280366084829,0,0.41535563951541
18.0,1,0,1,1,0.8571428571428571,3,1,1,1,5.993961427306569,7.658070132598423,12.0,52.0,1.0,0,True,False,False,True,False,False,False,False,False,1,1,0.7447677300071691,1,0.7848444952042246
19.0,1,0,1,1,5.0,3,1,1,1,6.398594934535208,4.110873864173311,12.0,49.0,1.0,0,True,False,False,False,False,False,True,False,False,1,0,0.4767989925557391,0,0.46012137148312865
5.0,1,0,1,1,3.5,3,1,1,1,6.2166061010848646,0.0,11.0,35.0,1.0,0,True,True,False,False,False,False,False,False,False,0,0,0.2991488658774531,0,0.30356980823102636
18.0,0,0,1,1,2.5,3,0,1,1,5.303304908059076,6.329720905522696,6.0,37.0,2.0,0,True,True,False,False,False,False,False,False,False,0,0,0.2536805905974983,0,0.317584216083219
11.0,1,0,1,1,0.75,3,1,1,1,7.496097345175956,0.0,17.0,41.0,1.0,0,True,False,False,False,False,False,True,False,False,0,0,0.4687729943512783,0,0.40332573717224
17.0,1,1,1,1,2.0,2,1,1,1,6.2166061010848646,8.195885391314796,6.0,46.0,1.0,1,False,False,True,False,False,False,False,False,False,0,0,0.255999262693883,0,0.2730646995614822
10.0,1,0,1,1,2.5,3,1,1,1,6.2166061010848646,4.110873864173311,12.0,36.0,1.0,0,True,False,False,False,False,False,False,False,True,0,0,0.3934678247469087,0,0.3238445025784915
5.0,1,0,1,1,5.5,3,1,1,1,6.2166061010848646,0.0,12.0,37.0,1.0,0,True,False,False,True,False,False,False,False,False,1,1,0.7734731618099449,1,0.7492169212506649
18.0,1,0,1,1,2.5,3,0,1,0,6.2166061010848646,0.0,15.0,38.0,2.0,0,True,False,False,False,False,False,False,False,False,1,0,0.4842443771926183,0,0.47665731139754075
14.0,1,0,1,1,1.3333333333333333,3,1,1,1,5.017279836814924,0.0,12.0,37.0,2.0,0,False,False,False,True,False,False,False,False,False,1,1,0.7451561846378649,1,0.6694306804584579
14.0,0,0,1,1,1.8,2,1,1,1,5.993961427306569,3.887274835738952,3.0,39.0,1.0,0,True,False,True,False,False,False,False,False,False,1,0,0.3788214483014387,0,0.4636489260625149
12.0,0,0,1,1,1.0,3,1,1,1,8.160803920954665,6.775366090936392,12.0,58.0,2.0,0,True,False,False,True,False,False,False,False,False,0,1,0.7488992388067038,1,0.708001730244579
12.0,0,0,1,1,1.3333333333333333,3,1,0,0,6.68586094706836,5.017279836814924,15.0,35.0,2.0,0,True,False,False,False,False,False,False,True,False,0,1,0.6153018648690436,1,0.5507875335938552
14.0,0,0,1,1,1.5,3,1,1,1,6.2166061010848646,0.0,12.0,38.0,2.0,0,True,False,False,True,False,False,False,False,False,0,1,0.7679585587317534,1,0.813610060481015
7.0,1,0,1,1,1.0,3,1,1,0,6.2166061010848646,0.0,12.0,26.0,1.0,0,True,False,False,False,True,False,False,False,False,1,0,0.4372272831199855,0,0.4893215286164589
6.0,0,0,1,1,2.5,3,0,0,0,5.707110264748875,0.0,12.0,26.0,2.0,0,True,False,False,False,False,False,False,False,False,1,1,0.5461928872353472,1,0.6077768007653142
11.0,1,1,1,1,1.4,2,1,1,0,6.68586094706836,6.572682063274631,10.0,36.0,1.0,0,True,False,False,False,False,False,True,False,False,0,1,0.5619033180310997,0,0.477315381415706
11.0,1,0,1,1,2.0,3,1,1,1,6.2166061010848646,0.0,12.0,35.0,2.0,0,True,True,False,False,False,False,False,False,False,0,0,0.2912600742222304,0,0.28213575720273104
6.0,0,0,1,1,1.0,3,1,1,1,7.313886831633462,8.006700845440367,12.0,42.0,1.0,0,True,False,True,False,False,False,False,False,False,0,0,0.42979561819239404,0,0.3810529572596628
17.0,1,1,1,1,1.5,3,1,1,1,6.68586094706836,0.0,15.0,38.0,1.0,0,True,False,False,True,False,False,False,False,False,1,1,0.7957654413886738,1,0.8542263151894056
18.0,1,0,1,1,1.5,3,1,1,1,6.2166061010848646,0.0,10.0,18.0,1.0,0,True,False,False,False,False,False,False,True,False,1,0,0.4704123908034043,0,0.4988350078508165
8.0,1,0,1,1,1.6,3,1,1,1,7.601402334583733,4.61512051684126,14.0,50.0,1.0,0,True,False,False,False,False,False,False,True,False,0,0,0.4812174703786313,0,0.46743225704101216
11.0,0,0,1,1,3.0,3,1,1,1,6.2166061010848646,7.062762734529377,12.0,34.0,1.0,0,True,False,False,False,False,False,False,True,False,1,0,0.49863909782905935,0,0.48107802895343604
15.0,0,0,1,1,1.5,3,1,1,0,6.2166061010848646,6.90875477931522,12.0,33.0,1.0,0,True,False,False,True,False,False,False,False,False,0,1,0.8134654032948424,1,0.7811708445119233
16.0,0,1,1,1,1.0,3,1,1,1,6.2166061010848646,0.0,17.0,44.0,1.0,0,True,False,False,True,False,False,False,False,False,1,1,0.8121825884480639,1,0.8712463890398098
7.0,0,0,1,1,2.0,3,1,1,0,6.2166061010848646,4.61512051684126,10.0,28.0,2.0,0,True,False,False,False,False,False,False,False,False,0,1,0.5465800915531506,1,0.5156188613281301
12.0,0,0,1,1,0.8,3,1,1,1,8.006700845440367,5.929589143389895,9.0,67.0,1.0,0,True,False,False,False,False,False,False,False,False,0,0,0.4341179219560031,0,0.4303948206499445
13.0,1,0,1,1,1.6666666666666667,3,1,1,1,7.0909098220799835,0.0,12.0,50.0,2.0,0,True,False,False,False,False,False,False,False,False,1,0,0.44101918945397434,0,0.4410402765187184
14.0,0,0,1,1,2.5,3,1,1,0,6.2166061010848646,7.919719760924575,1.0,36.0,1.0,0,True,False,False,False,False,False,False,True,False,1,1,0.5746112158525469,1,0.5358625526849758
18.0,0,0,1,1,1.0,3,1,1,1,7.601402334583733,8.699681400989514,5.0,48.0,1.0,0,True,False,False,True,False,False,False,False,False,1,1,0.7324000736406685,1,0.7151381865373756
13.0,1,1,1,1,1.3333333333333333,3,1,1,1,7.0909098220799835,6.90875477931522,17.0,46.0,1.0,0,True,False,False,False,False,False,False,True,False,1,1,0.5435414061061163,1,0.5698134800947863
17.0,0,0,1,1,2.0,3,1,1,1,5.993961427306569,6.621405651764134,4.0,62.0,2.0,0,True,False,False,False,False,False,False,True,False,1,1,0.5045255525918425,1,0.5256813810774381
15.0,0,0,1,1,1.6666666666666667,1,0,1,0,5.993961427306569,8.648396877031582,9.0,62.0,1.0,0,False,False,False,False,False,False,False,False,False,0,0,0.3468516341272723,0,0.3954129162673838
5.0,1,0,1,0,4.0,3,1,1,1,6.2166061010848646,4.483002552013883,12.0,30.0,1.0,0,True,False,False,False,False,False,False,True,False,0,0,0.4207493032425137,0,0.4294761150351291
19.0,0,1,1,1,1.5,3,1,0,1,6.2166061010848646,0.0,14.0,50.0,1.0,1,True,False,False,False,False,True,False,False,False,0,1,0.5444895049399854,0,0.4182244523636031
10.0,0,0,1,1,2.0,3,1,1,0,6.90875477931522,7.719129840906732,12.0,48.0,1.0,0,True,False,False,False,False,True,False,False,False,0,1,0.675919071068941,1,0.6078152440926184
13.0,1,0,1,1,2.3333333333333335,3,1,1,1,6.2166061010848646,3.1103356562929947,8.0,34.0,1.0,0,True,False,True,False,False,False,False,False,False,0,0,0.4245236788702845,0,0.3791543680875897
5.0,1,0,1,0,1.2,3,1,1,1,6.68586094706836,0.0,12.0,40.0,1.0,0,False,True,False,False,False,False,False,False,False,1,0,0.20814422790775358,0,0.31736922325403943
10.0,0,0,1,1,1.6666666666666667,3,1,1,1,6.2166061010848646,0.0,12.0,45.0,1.0,0,True,False,True,False,False,False,False,False,False,1,0,0.4568448608499418,0,0.4089714815187564
7.0,0,0,1,1,0.6666666666666666,3,1,1,1,6.2166061010848646,0.0,15.0,38.0,2.0,0,True,False,False,True,False,False,False,False,False,0,1,0.7758783882333024,1,0.8136120010544902
7.0,1,0,1,1,1.75,2,1,1,1,5.303304908059076,7.265129978035143,12.0,48.0,1.0,0,False,False,False,True,False,False,False,False,False,1,1,0.6946308683713245,1,0.6370686661476409
13.0,1,0,1,1,2.3333333333333335,1,1,1,0,2.3978952727983707,6.572682063274631,3.0,37.0,1.0,1,False,False,False,False,False,True,False,False,False,1,0,0.40907079248868256,0,0.48111358855236097
17.0,1,1,1,1,1.4,3,1,1,1,7.00397413672268,6.2166061010848646,12.0,40.0,1.0,0,True,False,False,True,False,False,False,False,False,1,1,0.7841374612108725,1,0.7880587040403236
17.0,1,0,1,1,1.3333333333333333,3,1,1,1,6.55250788703459,0.0,17.0,44.0,1.0,0,True,False,False,False,False,False,True,False,False,0,0,0.4750934012559269,0,0.4609169108989695
15.0,1,1,1,1,1.0,2,1,1,0,5.707110264748875,0.0,5.0,85.0,2.0,0,True,False,False,True,False,False,False,False,False,0,1,0.8383595783506295,1,0.7627655854974789
9.0,0,0,1,1,2.0,2,1,1,0,2.3978952727983707,6.2166061010848646,12.0,42.0,2.0,0,False,False,False,False,False,True,False,False,False,1,1,0.654235418213449,1,0.5496330027296011
10.0,0,0,1,1,2.0,3,1,1,1,6.111467339502679,5.420534999272286,8.0,30.0,1.0,0,True,False,False,False,False,False,True,False,False,0,0,0.48466155773474845,0,0.4402226193236524
9.0,1,0,1,1,1.3333333333333333,3,1,0,0,6.68586094706836,5.017279836814924,15.0,35.0,2.0,0,True,False,False,False,False,False,False,True,False,0,1,0.6061431677952002,1,0.5555303413201087
5.0,0,0,1,1,5.0,2,0,0,0,5.707110264748875,7.3783837129967145,5.0,33.0,1.0,0,False,False,False,False,False,False,False,False,False,1,0,0.4451296274881634,1,0.5537722933411663
13.0,1,0,1,1,1.5,3,1,1,1,6.2166061010848646,7.650168700845001,12.0,31.0,1.0,0,True,False,False,False,True,False,False,False,False,0,0,0.3320313195547739,0,0.38677370218532287
14.0,0,0,1,1,3.0,3,1,1,1,5.707110264748875,0.0,3.0,64.0,2.0,0,True,False,False,False,False,False,False,True,False,0,1,0.5297151577276789,1,0.5396259533697428
17.0,0,0,1,1,1.0,3,1,1,1,6.68586094706836,0.0,17.0,42.0,1.0,0,True,False,False,False,False,False,False,False,True,0,0,0.39993482216118487,0,0.33465025207281196
17.0,1,0,1,1,0.6,3,1,1,1,7.824445930877619,6.598963058134234,12.0,34.0,1.0,0,True,False,False,False,False,False,True,False,False,1,0,0.43386231127202246,0,0.4372822690669156
9.0,1,0,1,1,2.3333333333333335,2,0,1,1,3.9318256327243257,7.04216128901732,0.0,51.0,1.0,1,False,False,False,False,False,False,True,False,False,0,0,0.23766427494517117,0,0.2790957906972501
12.0,1,0,1,1,2.5,3,1,1,1,6.2166061010848646,0.0,15.0,32.0,1.0,0,True,False,False,False,False,False,False,False,True,1,0,0.3976063658315616,0,0.3697846383611651
14.0,1,1,1,1,1.3333333333333333,2,1,1,1,5.303304908059076,7.650168700845001,6.0,49.0,1.0,0,False,True,False,False,False,False,False,False,False,0,0,0.265529520011963,0,0.17705524981389267
13.0,0,0,1,1,1.0,3,1,1,1,6.90875477931522,7.033800385832796,5.0,44.0,1.0,0,True,False,False,False,False,True,False,False,False,0,1,0.5776390713590618,1,0.5733734379404458
17.0,1,1,1,1,0.8,3,1,1,1,7.824445930877619,6.752270376141742,12.0,53.0,1.0,1,True,False,True,False,False,False,False,False,False,0,0,0.3186997505260023,0,0.42415427049648996
12.0,0,0,1,1,0.5,3,1,1,1,8.699681400989514,0.0,19.0,37.0,2.0,0,True,False,False,True,False,False,False,False,False,0,1,0.746514981483939,1,0.7192202100009695
15.0,0,0,1,1,1.5,2,0,0,1,6.90875477931522,4.724433606814909,10.0,72.0,1.0,0,True,False,False,False,False,False,False,False,False,0,0,0.3749829883564093,0,0.38890724358964623
19.0,0,0,1,1,2.0,2,1,1,1,6.2166061010848646,5.2390980068880655,12.0,36.0,2.0,1,True,False,True,False,False,False,False,False,False,0,0,0.24264456347981228,0,0.3314131863187309
11.0,0,0,1,1,2.5,3,1,1,1,6.2166061010848646,7.696667081526462,3.0,36.0,1.0,0,False,False,False,False,True,False,False,False,False,0,0,0.3198148738438651,0,0.39925447716524226
15.0,0,1,1,1,1.6666666666666667,2,1,1,1,5.303304908059076,0.0,5.0,45.0,1.0,0,False,True,False,False,False,False,False,False,False,0,0,0.2860349332608379,0,0.23333998136859727
10.0,0,0,1,1,1.3333333333333333,3,1,1,1,6.90875477931522,6.054439346269371,12.0,44.0,2.0,0,True,False,False,False,False,False,True,False,False,1,0,0.4860547979248448,0,0.4354519189028894
13.0,1,0,1,1,0.8333333333333334,3,1,1,1,7.313886831633462,0.0,11.0,45.0,1.0,0,True,False,False,False,False,False,True,False,False,0,0,0.4662567472657428,0,0.4300321914887671
11.0,1,1,1,1,1.6666666666666667,3,1,1,1,5.303304908059076,6.2166061010848646,4.0,55.0,2.0,1,False,False,False,False,False,False,True,False,False,0,0,0.37670735843305253,0,0.456825825541868
16.0,1,0,1,1,4.0,2,1,1,0,5.707110264748875,6.152200638293575,12.0,39.0,1.0,0,False,False,False,False,True,False,False,False,False,0,0,0.34756608516605053,0,0.2642112374416469
7.0,1,0,1,1,1.2,3,1,1,1,6.90875477931522,7.062762734529377,15.0,49.0,1.0,0,True,False,False,True,False,False,False,False,False,0,1,0.7512491075985341,1,0.6809581811369279
17.0,0,0,1,1,2.0,3,1,1,1,5.707110264748875,3.5361166995615263,3.0,40.0,2.0,0,True,False,False,True,False,False,False,False,False,0,1,0.7618329497471085,1,0.7570141560526996
9.0,0,0,1,1,1.6666666666666667,2,1,1,1,6.2166061010848646,4.875197323201151,11.0,40.0,1.0,0,True,False,False,True,False,False,False,False,False,1,1,0.7189642121158947,1,0.7502719068417154
11.0,0,0,1,1,3.0,3,1,1,0,5.303304908059076,3.5361166995615263,4.0,64.0,2.0,0,True,False,False,True,False,False,False,False,False,1,1,0.840460800611933,1,0.7444907297554473
11.0,0,0,1,1,1.6666666666666667,2,1,1,1,5.017279836814924,4.948759890378168,5.0,36.0,1.0,0,True,False,False,False,False,False,True,False,False,0,0,0.4395777900190736,0,0.3677754476968861
13.0,0,0,1,1,1.6666666666666667,3,1,1,1,6.90875477931522,6.523562306149512,3.0,47.0,1.0,1,True,False,False,False,False,False,False,False,False,0,0,0.2898434658988829,0,0.42722994531675346
7.0,1,0,1,1,1.3333333333333333,3,0,1,1,4.61512051684126,3.6506582412937387,1.0,60.0,1.0,0,False,False,False,True,False,False,False,False,False,0,1,0.7153118085996921,1,0.659973239190679
9.0,1,0,1,1,1.25,3,1,1,1,6.2166061010848646,6.089044875446846,12.0,45.0,1.0,0,True,False,False,True,False,False,False,False,False,1,1,0.753958055146545,1,0.7254017411157541
7.0,0,0,1,1,2.5,3,1,1,1,6.2166061010848646,6.236369590203704,13.0,31.0,1.0,0,True,False,False,False,False,False,False,False,False,0,0,0.4532184205428759,0,0.4315161006549033
13.0,1,1,1,1,2.0,2,0,1,1,4.394449154672439,0.0,0.0,55.0,1.0,0,False,False,False,False,False,False,True,False,False,1,0,0.4368113387257115,1,0.5066047433732532
19.0,1,1,1,1,3.0,2,1,1,0,4.61512051684126,5.5254529391317835,3.0,22.0,2.0,1,False,False,False,False,True,False,False,False,False,0,0,0.2700299123302636,0,0.2665708538685689
6.0,1,0,1,0,5.0,2,0,0,1,6.2166061010848646,0.0,8.0,25.0,1.0,0,False,False,False,False,False,False,False,False,False,0,0,0.2786176410215419,0,0.3968368324338106
10.0,1,0,1,1,6.0,3,1,1,0,6.2166061010848646,0.0,10.0,27.0,2.0,0,True,False,False,False,False,False,False,False,False,0,1,0.5476788676809846,0,0.48745920372472895
18.0,1,0,1,1,2.0,3,1,1,1,6.2166061010848646,0.0,13.0,46.0,1.0,0,True,False,False,False,False,False,True,False,False,0,0,0.4784021378956134,0,0.44957579408352144
18.0,1,1,1,1,0.8333333333333334,3,1,1,1,7.601402334583733,7.601402334583733,17.0,45.0,1.0,0,True,False,False,True,False,False,False,False,False,1,1,0.7788147899475552,1,0.7976119031641963
8.0,0,1,1,1,1.5,3,1,1,1,4.61512051684126,6.073812288456735,8.0,39.0,2.0,0,False,False,False,False,False,False,True,False,False,1,1,0.5529617985021629,1,0.5315923036382112
15.0,0,0,1,1,2.5,3,1,1,0,6.2166061010848646,0.0,3.0,36.0,2.0,0,True,False,False,True,False,False,False,False,False,1,1,0.8231855832811058,1,0.7456845627426061
12.0,1,0,1,1,2.5,2,1,1,1,5.707110264748875,8.699681400989514,6.0,33.0,1.0,0,False,False,False,False,False,True,False,False,False,1,0,0.4861206185164505,0,0.48535419681564107
17.0,1,0,1,1,0.625,3,0,1,1,7.313886831633462,7.438971592395862,14.0,46.0,2.0,0,True,False,False,True,False,False,False,False,False,1,1,0.6938160195215193,1,0.7697021593405954
9.0,1,0,1,1,1.2,2,1,1,0,5.993961427306569,7.681406599201042,3.0,45.0,2.0,0,False,False,False,False,True,False,False,False,False,1,0,0.3456085623146483,0,0.36830291054069775
12.0,1,0,1,1,3.0,3,1,1,1,6.2166061010848646,0.0,13.0,29.0,2.0,0,True,False,False,False,True,False,False,False,False,0,0,0.3547248442229409,0,0.44079129985347704
10.0,0,0,1,1,2.3333333333333335,2,0,1,1,5.017279836814924,6.754770585794848,5.0,60.0,1.0,0,False,False,False,False,False,False,True,False,False,0,0,0.37555670638242605,0,0.39361084873671603
16.0,1,0,1,1,4.0,2,0,1,0,6.2166061010848646,5.170483995038151,2.0,47.0,2.0,1,True,False,False,False,False,False,False,False,False,0,0,0.2783912795797103,0,0.3568148507079341
11.0,1,1,1,1,2.0,3,1,1,1,6.2166061010848646,2.8716796248840124,9.0,44.0,1.0,0,True,False,False,True,False,False,False,False,False,0,1,0.8032965220969764,1,0.7357193300530145
12.0,1,0,1,1,1.5,3,1,1,1,7.313886831633462,4.9003242732785735,10.0,35.0,1.0,0,True,False,False,False,False,True,False,False,False,1,1,0.5633933079123278,1,0.594611727057525
6.0,1,0,0,0,1.0,3,1,1,1,7.601402334583733,6.710523109452428,18.0,58.0,1.0,0,True,False,False,False,False,False,False,True,False,0,0,0.13916793581998926,0,0.4206440058514021
11.0,0,0,1,1,2.3333333333333335,2,1,0,0,5.303304908059076,8.18100091560234,10.0,39.0,1.0,0,False,False,False,False,False,True,False,False,False,0,1,0.6323583610544022,0,0.48209037247916536
6.0,0,0,1,1,2.0,2,0,0,0,6.68586094706836,7.853993087224244,8.0,64.0,1.0,0,False,False,False,False,False,False,False,False,False,0,0,0.44005197743391966,0,0.4308236787347063
17.0,0,0,1,1,1.5,2,1,1,1,6.2166061010848646,8.805025252619144,8.0,39.0,1.0,0,False,False,False,False,False,False,False,False,True,0,0,0.3016997298493079,0,0.2850201732155234
15.0,1,0,1,1,1.0,3,1,1,1,5.707110264748875,6.68586094706836,6.0,56.0,1.0,0,True,False,False,True,False,False,False,False,False,1,1,0.751798106651685,1,0.7344615641435337
16.0,0,1,1,1,2.0,2,0,1,1,4.394449154672439,0.0,0.0,55.0,1.0,0,False,False,False,False,False,False,True,False,False,1,0,0.44631078663643253,0,0.4947211732170698
15.0,0,0,1,1,2.0,3,1,1,1,6.2166061010848646,2.917770732084279,0.0,72.0,2.0,0,True,False,False,False,False,False,False,True,False,0,1,0.5149443699341446,0,0.48742773347409213
5.0,0,0,1,1,4.0,3,1,1,1,6.2166061010848646,0.0,17.0,46.0,1.0,0,True,False,False,False,False,False,False,True,False,1,1,0.5358323965210492,0,0.4588187960881816
14.0,0,0,1,1,1.3333333333333333,3,1,1,1,6.2166061010848646,0.0,17.0,38.0,1.0,0,True,False,False,True,False,False,False,False,False,0,1,0.7668428567925841,1,0.8589163385792595
18.0,0,0,1,1,1.0,3,1,1,0,6.2166061010848646,6.7266330027636645,0.0,54.0,2.0,0,True,False,False,False,False,False,True,False,False,1,1,0.5680099923125406,1,0.5462528772161928
19.0,0,0,1,1,0.75,3,1,1,1,6.90875477931522,7.196187070324464,15.0,50.0,2.0,0,True,False,False,False,False,False,False,False,True,0,0,0.38736751601505465,0,0.34417434297833827
10.0,0,0,1,1,1.5,3,1,1,1,6.2166061010848646,7.438971592395862,12.0,44.0,1.0,0,True,False,False,False,False,False,True,False,False,1,0,0.4887569740810583,0,0.4655011835015164
16.0,1,1,1,1,8.0,3,1,1,1,4.61512051684126,2.9831534913471307,3.0,40.0,1.0,0,True,False,False,False,False,False,True,False,False,1,1,0.5747943929346286,1,0.5160933999522498
5.0,1,0,1,0,5.0,3,1,1,1,6.2166061010848646,5.303304908059076,9.0,24.0,1.0,0,True,False,False,False,False,False,False,True,False,0,0,0.4168055855951869,0,0.41182687286872977
9.0,0,0,1,1,4.0,3,1,1,1,5.017279836814924,4.047427642434349,10.0,34.0,1.0,0,True,False,False,True,False,False,False,False,False,1,1,0.7794715130027753,1,0.7641080550295001
17.0,1,0,1,1,2.5,2,1,1,1,7.372118028337787,6.928537818164665,12.0,43.0,1.0,0,True,False,True,False,False,False,False,False,False,0,0,0.3479373473621694,0,0.41074603683341904
14.0,1,0,1,1,1.5,3,1,1,0,6.2166061010848646,7.313886831633462,12.0,34.0,1.0,0,True,False,False,True,False,False,False,False,False,1,1,0.8053327214915159,1,0.7635341181091674
5.0,1,0,1,0,1.25,3,1,1,1,6.803505257608338,0.0,17.0,28.0,2.0,0,True,False,False,False,False,True,False,False,False,1,1,0.5167547284971824,1,0.5751179863976376
10.0,1,0,1,1,3.5,3,1,1,1,5.303304908059076,2.3978952727983707,10.0,37.0,1.0,0,True,True,False,False,False,False,False,False,False,0,0,0.2990562648827437,0,0.34562059852362154
12.0,1,0,1,1,2.0,3,1,1,0,5.017279836814924,5.017279836814924,0.0,53.0,2.0,0,False,False,False,False,False,False,False,True,False,1,1,0.5660281700805023,1,0.6257886366783264
12.0,1,0,1,1,1.6666666666666667,3,1,1,1,7.601402334583733,7.601402334583733,14.0,66.0,2.0,0,True,False,False,False,False,True,False,False,False,1,1,0.579900424457123,1,0.6080009973328364
7.0,1,0,1,1,1.5,3,1,1,1,5.993961427306569,0.0,17.0,32.0,2.0,0,True,False,False,False,False,False,True,False,False,0,0,0.49755091596528683,0,0.46442949395244765
11.0,1,0,1,1,2.5,2,0,0,1,5.303304908059076,7.057036981697891,12.0,36.0,1.0,1,False,False,False,True,False,False,False,False,False,0,1,0.5181271185773941,1,0.5046425942875361
11.0,1,0,1,1,3.0,2,1,1,1,5.303304908059076,6.2166061010848646,5.0,50.0,2.0,0,False,False,False,False,False,False,False,False,False,1,0,0.36761636232565337,0,0.4075255567276858
18.0,1,0,1,1,2.0,3,1,1,1,6.2166061010848646,0.0,14.0,37.0,1.0,0,True,False,False,False,False,False,False,True,False,0,0,0.485821855704891,0,0.4438449160036057
9.0,1,0,1,1,2.5,1,1,1,0,4.61512051684126,7.8636512654486515,5.0,31.0,1.0,0,False,False,False,False,False,False,False,False,True,1,0,0.34566497680893676,0,0.4909940488329212
14.0,1,0,1,1,1.3333333333333333,3,1,1,1,7.601402334583733,0.0,12.0,59.0,1.0,1,True,False,False,False,False,False,True,False,False,1,0,0.32239808105443285,0,0.37860887341884747
8.0,0,0,1,1,1.3333333333333333,3,1,1,1,7.824445930877619,7.226936018493289,15.0,40.0,2.0,0,True,False,False,False,False,True,False,False,False,1,1,0.5834016936893583,1,0.5569987662152464
11.0,0,0,1,1,5.0,3,1,1,0,6.2166061010848646,3.367295829986474,10.0,35.0,1.0,0,True,False,False,False,True,False,False,False,False,1,0,0.45485831833606,0,0.4529943521243622
9.0,0,0,1,1,0.8333333333333334,3,1,1,1,6.2166061010848646,4.795790545596741,17.0,55.0,2.0,1,True,False,False,False,False,False,False,True,False,1,0,0.3664655828584369,0,0.4145698345831645
7.0,0,0,1,1,1.6666666666666667,3,1,1,1,6.398594934535208,7.496097345175956,3.0,59.0,1.0,0,True,False,False,False,False,False,False,True,False,1,1,0.506045974149364,1,0.5315412083790776
14.0,1,0,1,1,2.0,3,1,1,1,6.2166061010848646,3.258096538021482,11.0,51.0,2.0,1,True,False,False,False,False,False,False,True,False,0,0,0.34537499014806916,0,0.4297463473347509
15.0,1,0,1,1,1.0,3,1,1,1,6.2166061010848646,7.111512116496157,12.0,33.0,2.0,0,True,False,False,False,False,False,False,False,True,0,0,0.3782919876138467,0,0.32929034686719966
12.0,1,0,1,1,1.0,2,1,1,1,5.017279836814924,6.598963058134234,5.0,45.0,2.0,0,True,False,True,False,False,False,False,False,False,0,0,0.38234544231468914,0,0.3801443233090936
9.0,0,0,1,1,3.0,3,1,1,1,5.993961427306569,7.062762734529377,12.0,30.0,1.0,0,True,False,False,False,False,False,True,False,False,1,0,0.49073797751116827,0,0.4554396844871962
19.0,1,0,1,1,2.5,2,0,0,0,6.2166061010848646,0.0,10.0,40.0,2.0,0,True,False,False,False,False,False,False,False,False,1,0,0.45002584710529037,0,0.3862199035886921
16.0,0,0,1,1,0.6666666666666666,3,1,1,1,7.313886831633462,7.824445930877619,10.0,62.0,2.0,0,True,False,False,False,False,False,False,False,False,0,0,0.4351306740676228,0,0.46060748370030474
10.0,1,0,1,1,1.3333333333333333,3,1,1,1,5.303304908059076,4.836281906951478,12.0,48.0,1.0,0,True,False,False,False,False,True,False,False,False,0,1,0.6015682421605468,1,0.5238150248555828
5.0,0,0,1,0,1.2,3,1,1,1,6.2166061010848646,4.694401319716034,12.0,43.0,1.0,0,True,False,False,False,True,False,False,False,False,0,0,0.29760289686802754,0,0.39736044191531195
19.0,1,0,1,1,1.2,3,1,1,1,6.90875477931522,6.503789046997708,12.0,56.0,1.0,0,True,False,False,False,False,False,False,False,False,1,0,0.41885869720386854,0,0.49081077452618344
19.0,0,0,1,1,0.6666666666666666,3,1,1,1,6.2166061010848646,0.0,17.0,58.0,1.0,0,True,False,False,False,False,False,True,False,False,0,0,0.497001869772808,0,0.4630798196372896
12.0,0,0,1,1,4.0,3,1,1,1,6.2166061010848646,6.311734809152915,12.0,38.0,1.0,0,True,False,False,True,False,False,False,False,False,1,1,0.7640143130042187,1,0.7858781545766156
18.0,0,0,1,1,0.8333333333333334,3,1,1,1,6.803505257608338,7.8636512654486515,9.0,39.0,2.0,0,True,False,False,True,False,False,False,False,False,1,1,0.7433041950795858,1,0.7921192980665352
17.0,1,0,1,1,1.6666666666666667,3,1,1,1,6.90875477931522,4.394449154672439,17.0,40.0,1.0,0,True,False,False,False,False,True,False,False,False,0,1,0.5697476980241737,1,0.5934244935255688
6.0,0,0,1,1,3.0,3,0,0,1,6.2166061010848646,5.1861435696561635,9.0,57.0,1.0,0,True,False,False,False,False,False,False,True,False,1,1,0.5022142987163738,1,0.5422427672306778
7.0,1,0,1,1,3.0,3,1,1,0,6.2166061010848646,3.9951379121386528,7.0,27.0,2.0,0,True,False,False,False,False,False,False,False,False,1,1,0.533623809427218,1,0.5111798497025591
15.0,0,0,1,1,4.0,3,1,1,1,6.2166061010848646,6.111467339502679,4.0,48.0,2.0,0,True,False,False,True,False,False,False,False,False,1,1,0.7640799500126498,1,0.642695257679246
10.0,0,0,1,1,1.0,3,1,1,1,6.90875477931522,0.0,17.0,44.0,2.0,0,True,False,False,False,False,False,False,False,True,0,0,0.4138753297094105,0,0.32562529231378945
14.0,1,0,1,1,0.6666666666666666,3,1,1,1,6.2166061010848646,0.0,17.0,43.0,2.0,0,True,False,True,False,False,False,False,False,False,0,0,0.43947590577945206,0,0.3705310109491898
14.0,0,0,1,1,2.0,2,0,0,1,6.68586094706836,4.43477720005941,3.0,39.0,2.0,0,True,False,False,False,False,False,False,False,False,0,0,0.3631235572756657,0,0.3702633243724398
16.0,1,0,1,1,1.0,3,1,1,1,6.2166061010848646,0.0,10.0,16.0,1.0,1,True,False,False,False,False,False,False,False,True,0,0,0.24244593783992735,0,0.2849802171529447
18.0,0,0,1,1,1.25,3,1,1,1,8.006700845440367,6.634633357861686,12.0,49.0,1.0,0,True,False,False,True,False,False,False,False,False,0,1,0.736115547680723,1,0.6676731770149817
18.0,0,0,1,1,2.0,2,1,1,1,6.2166061010848646,4.795790545596741,3.0,65.0,1.0,0,False,False,True,False,False,False,False,False,False,0,0,0.35353793343506684,0,0.4537531525007914
12.0,1,0,1,1,1.6666666666666667,3,1,1,1,8.006700845440367,0.0,19.0,44.0,1.0,0,True,False,False,False,False,False,False,False,True,1,0,0.3813007814294847,0,0.34595732411564056
10.0,0,1,1,1,2.3333333333333335,2,1,1,1,4.61512051684126,3.1103356562929947,6.0,39.0,1.0,0,False,False,False,False,False,False,True,False,False,1,0,0.49231145718991826,0,0.47940145352400565
10.0,1,0,1,1,1.75,3,1,1,1,6.2166061010848646,6.062788033933216,17.0,52.0,1.0,0,True,False,False,False,False,False,True,False,False,1,0,0.48570480974337565,0,0.46367114262224285
8.0,0,0,1,0,1.6666666666666667,3,1,0,0,6.2166061010848646,5.707110264748875,3.0,36.0,1.0,0,True,False,False,False,False,True,False,False,False,0,1,0.6325290394196184,1,0.5116180480989406
6.0,1,0,1,1,5.0,3,1,1,1,6.2166061010848646,4.574710978503383,9.0,24.0,2.0,0,True,False,False,False,False,False,False,True,False,1,1,0.5000367724354912,0,0.48879774853706676
11.0,1,0,1,1,1.25,3,1,1,1,6.2166061010848646,4.110873864173311,12.0,28.0,2.0,0,True,False,False,False,False,False,False,True,False,1,0,0.485248776136658,0,0.4473330322148909
9.0,0,0,1,1,2.0,3,1,1,1,5.303304908059076,5.170483995038151,12.0,33.0,1.0,0,True,False,True,False,False,False,False,False,False,1,0,0.4550972729599171,0,0.3844417561523014
13.0,0,0,1,1,2.0,3,1,1,1,6.2166061010848646,0.0,12.0,31.0,1.0,0,True,False,False,False,False,False,False,True,False,1,1,0.503961711955466,0,0.4409319080937898
9.0,0,1,1,1,2.0,3,1,1,1,6.2166061010848646,3.6506582412937387,9.0,29.0,1.0,0,False,False,False,False,True,False,False,False,False,0,0,0.39211528873766355,1,0.5086219207311684
17.0,1,0,1,1,2.3333333333333335,2,1,0,0,5.303304908059076,8.18100091560234,10.0,39.0,1.0,0,False,False,False,False,False,True,False,False,False,0,1,0.609082707417613,0,0.44394378205640583
10.0,1,0,1,1,1.0,3,1,1,1,7.824445930877619,0.0,15.0,48.0,1.0,0,True,False,False,False,False,True,False,False,False,0,1,0.5784239574534671,0,0.446733110645722
15.0,1,0,1,1,1.3333333333333333,3,1,1,1,7.313886831633462,0.0,15.0,39.0,1.0,0,True,False,False,True,False,False,False,False,False,1,1,0.743113202090168,1,0.8526837218923737
14.0,1,0,1,1,1.0,3,1,1,0,6.523562306149512,0.0,0.0,66.0,2.0,0,True,False,False,False,False,False,True,False,False,1,1,0.5756075764944375,1,0.5487193337234004
9.0,1,0,1,1,1.6666666666666667,3,0,1,1,6.2166061010848646,5.942799375126701,5.0,40.0,2.0,0,True,False,False,False,False,False,False,True,False,1,0,0.4395799013346556,0,0.4578898042096338
13.0,0,0,1,1,8.0,3,1,1,1,6.2166061010848646,5.25227342804663,2.0,36.0,2.0,1,True,False,False,False,False,False,False,True,False,0,0,0.3601886327922101,0,0.4118244594487407
11.0,0,0,1,1,0.8333333333333334,3,1,1,1,7.601402334583733,6.68586094706836,12.0,54.0,1.0,0,True,False,False,False,False,False,False,True,False,0,0,0.4853832483557825,0,0.4639213540425483
16.0,0,0,1,1,1.3333333333333333,3,1,1,1,6.621405651764134,6.775366090936392,12.0,42.0,1.0,0,True,False,True,False,False,False,False,False,False,0,0,0.42593208276575856,0,0.4229301674565685
14.0,1,0,1,1,1.6666666666666667,3,1,0,1,6.2166061010848646,0.0,5.0,62.0,1.0,0,True,False,False,False,False,False,False,True,False,0,1,0.5291024849066615,0,0.47708164235140865
7.0,0,0,1,1,1.3333333333333333,3,1,1,1,7.601402334583733,8.195885391314796,18.0,37.0,1.0,0,True,False,False,False,False,False,False,True,False,0,0,0.4851107297070207,0,0.4768231349981153
11.0,0,1,1,1,2.5,3,1,1,1,6.2166061010848646,0.0,11.0,44.0,1.0,0,True,False,False,True,False,False,False,False,False,1,1,0.8175190544551846,1,0.7553887309587793
12.0,1,0,1,1,2.5,2,0,1,0,3.9318256327243257,7.0909098220799835,2.0,46.0,1.0,1,False,False,True,False,False,False,False,False,False,0,0,0.26620228476774294,0,0.25357232167502397
13.0,1,0,1,1,0.7142857142857143,3,1,1,1,6.55250788703459,0.0,19.0,34.0,1.0,0,True,False,False,False,True,False,False,False,False,1,0,0.344873891958234,0,0.47551441013419704
14.0,0,0,1,1,1.6666666666666667,3,1,1,1,5.5254529391317835,4.110873864173311,7.0,36.0,2.0,0,True,False,True,False,False,False,False,False,False,0,0,0.4475400114755159,0,0.3785949602942885
9.0,0,0,1,1,2.0,3,1,1,1,6.2166061010848646,4.43477720005941,4.0,45.0,1.0,0,True,False,True,False,False,False,False,False,False,0,0,0.44551476342619484,0,0.4097022336476309
18.0,1,0,1,1,1.6666666666666667,3,1,1,1,6.2166061010848646,3.8066624897703196,12.0,40.0,1.0,0,True,False,False,False,False,False,False,False,True,0,0,0.381021498527096,0,0.30440208963173737
7.0,0,0,1,1,2.0,3,0,1,0,5.303304908059076,6.23962586139748,5.0,44.0,1.0,0,True,False,False,False,True,False,False,False,False,1,0,0.4124295711992039,0,0.4030463629126709
12.0,0,0,1,1,1.0,2,1,1,1,6.2166061010848646,7.696667081526462,17.0,36.0,1.0,0,True,False,True,False,False,False,False,False,False,0,0,0.377556509415971,0,0.42537321528948757
17.0,1,1,1,1,1.6666666666666667,2,1,1,1,4.61512051684126,6.175867270105761,9.0,30.0,2.0,1,True,False,False,False,False,False,True,False,False,0,0,0.340006775542251,0,0.3159027075266264
15.0,0,0,1,1,1.3333333333333333,3,1,0,0,6.68586094706836,5.017279836814924,15.0,35.0,2.0,0,True,False,False,False,False,False,False,True,False,0,1,0.6105281002745253,1,0.5588837909590837
13.0,0,0,1,1,1.3333333333333333,3,1,1,1,6.2166061010848646,4.483002552013883,17.0,39.0,1.0,0,True,False,False,True,False,False,False,False,False,1,1,0.7622751085793298,1,0.8390572679755212
8.0,1,0,1,1,0.8571428571428571,3,1,1,1,7.0909098220799835,7.824445930877619,6.0,48.0,2.0,0,True,False,False,True,False,False,False,False,False,1,1,0.7444192069855619,1,0.7522346422869071
8.0,1,1,1,1,1.6666666666666667,3,1,1,1,6.2166061010848646,9.105090961257085,12.0,35.0,1.0,0,False,False,False,False,True,False,False,False,False,0,0,0.3742617120876967,0,0.4236179508306028
9.0,1,0,1,1,2.5,3,1,1,1,6.2166061010848646,4.110873864173311,5.0,39.0,1.0,0,True,False,False,False,False,False,True,False,False,0,0,0.47745131774475263,0,0.41857737657214594
6.0,0,0,1,0,4.0,3,1,1,1,6.2166061010848646,0.0,15.0,32.0,2.0,0,True,False,False,False,False,False,False,False,True,1,0,0.35472046515926053,0,0.3821162317834205
8.0,0,0,1,1,2.3333333333333335,1,1,1,0,2.3978952727983707,6.572682063274631,3.0,37.0,1.0,0,False,False,False,False,False,True,False,False,False,1,1,0.5869277040969302,1,0.5962064522678819
10.0,0,0,1,1,1.3333333333333333,3,1,1,1,6.68586094706836,0.0,5.0,42.0,1.0,0,True,False,False,False,False,False,False,True,False,0,1,0.5019766647905497,0,0.47244283092987144
11.0,1,0,1,1,1.3333333333333333,2,0,1,0,6.2166061010848646,6.55250788703459,12.0,42.0,1.0,0,True,False,False,True,False,False,False,False,False,1,1,0.7362686023021936,1,0.6607990382071435
16.0,1,0,1,1,3.5,3,1,1,1,6.2166061010848646,3.1103356562929947,8.0,42.0,1.0,0,True,False,False,False,False,False,True,False,False,1,0,0.4746353847912415,0,0.4571117047959126
9.0,0,0,1,1,1.5,3,1,1,0,6.68586094706836,0.0,11.0,71.0,2.0,0,True,False,False,False,False,False,False,False,False,1,1,0.5695304887043605,1,0.5356170859145138
16.0,1,0,1,1,1.6666666666666667,2,1,1,1,6.398594934535208,5.545177444479562,3.0,50.0,1.0,0,True,False,True,False,False,False,False,False,False,0,0,0.3595243388348177,0,0.4399960040907925
6.0,1,0,1,1,1.3333333333333333,3,1,1,1,6.2166061010848646,0.0,7.0,26.0,1.0,0,True,False,False,False,False,False,True,False,False,0,0,0.48056352149805126,0,0.44760805736985476
8.0,0,0,1,1,2.0,3,0,0,0,6.2166061010848646,6.447305862541213,3.0,42.0,1.0,0,True,False,False,False,False,True,False,False,False,1,1,0.6632590337005698,1,0.5783471860657099
10.0,1,0,1,1,1.5,3,1,1,1,6.90875477931522,7.419180722820095,13.0,38.0,2.0,0,True,False,False,False,False,False,False,True,False,1,0,0.478479958415824,0,0.4938245460761619
17.0,1,0,1,1,3.0,3,1,1,0,6.2166061010848646,0.0,4.0,57.0,2.0,0,True,False,False,False,False,False,False,False,False,1,1,0.5398155269969506,0,0.47628170660073654
13.0,1,0,1,1,1.4,3,1,1,1,7.741099090035366,6.572682063274631,15.0,43.0,1.0,0,True,False,False,False,False,False,False,True,False,0,0,0.4632446545304467,0,0.46754774784914555
18.0,0,0,1,1,0.75,2,0,1,0,5.303304908059076,6.90875477931522,3.0,51.0,1.0,0,False,False,True,False,False,False,False,False,False,1,0,0.38952091267982547,0,0.45117494524312335
17.0,0,0,1,1,1.0,3,1,1,1,7.496097345175956,4.61512051684126,12.0,61.0,1.0,0,True,False,False,False,False,False,False,False,True,0,0,0.3881355545007933,0,0.2812959134720777
17.0,0,0,1,1,5.0,3,1,1,0,5.707110264748875,3.8918202981106265,12.0,42.0,2.0,0,True,False,False,False,False,False,False,True,False,1,1,0.6067890876141157,1,0.6324834551361795
8.0,0,0,1,1,1.6666666666666667,2,1,1,1,6.2166061010848646,0.0,12.0,43.0,1.0,0,True,False,True,False,False,False,False,False,False,0,0,0.400466641414374,0,0.4409638547509359
6.0,0,0,1,1,3.0,3,0,0,0,6.2166061010848646,7.601402334583733,11.0,32.0,2.0,0,False,False,False,False,False,False,False,False,False,0,0,0.4976490510228924,1,0.5188732167383643
13.0,1,0,1,1,1.6666666666666667,3,1,1,1,6.55250788703459,7.186144304522325,12.0,43.0,1.0,0,True,False,False,True,False,False,False,False,False,1,1,0.7440038284213176,1,0.7693332995720106
18.0,0,1,1,1,1.0,3,1,1,1,5.993961427306569,6.769641976852503,7.0,48.0,2.0,0,True,False,False,True,False,False,False,False,False,0,1,0.8038180652975006,1,0.6942526315739024
13.0,0,0,1,1,1.0,2,1,1,1,5.5254529391317835,0.0,5.0,66.0,2.0,0,False,False,True,False,False,False,False,False,False,1,0,0.38181569038858343,0,0.4560825540503552
10.0,0,1,1,1,3.5,2,1,1,0,5.303304908059076,4.087176072743488,7.0,30.0,1.0,1,True,False,False,True,False,False,False,False,False,1,1,0.7296171538626541,1,0.7185816373837234
11.0,0,0,1,1,1.25,3,1,1,1,6.2166061010848646,4.2626798770413155,1.0,51.0,2.0,0,True,False,False,False,False,False,False,True,False,0,1,0.5052204489989438,1,0.503583723962574
19.0,0,0,1,1,1.0,3,1,1,1,6.2166061010848646,6.8679744089702925,5.0,49.0,1.0,1,True,False,True,False,False,False,False,False,False,0,0,0.2825478684485197,0,0.34926532504391966
15.0,1,1,1,1,1.5,2,1,1,1,5.303304908059076,6.45257457862804,9.0,50.0,1.0,0,False,False,False,False,True,False,False,False,False,0,0,0.33052773454000006,0,0.30574213527545235
13.0,0,0,1,1,1.5,3,1,1,1,6.2166061010848646,0.0,12.0,38.0,2.0,0,True,False,False,False,False,False,False,True,False,1,1,0.5110372709608308,0,0.45704226546379834
15.0,1,0,1,1,1.0,2,1,1,1,5.707110264748875,8.727075871413607,10.0,40.0,2.0,1,False,False,True,False,False,False,False,False,False,0,0,0.2134872873334391,0,0.19968508476770153
11.0,1,0,1,1,1.5,3,1,1,1,6.2166061010848646,0.0,6.0,33.0,2.0,0,True,False,False,False,False,False,False,False,False,1,0,0.44160631950133844,0,0.4303696810140527
17.0,1,0,1,1,1.0,2,1,1,1,6.2166061010848646,4.110873864173311,9.0,44.0,2.0,1,True,False,True,False,False,False,False,False,False,1,0,0.23555584690092612,0,0.35484410233161867
6.0,1,0,1,1,1.5,3,1,1,1,6.2166061010848646,3.5361166995615263,12.0,30.0,1.0,0,True,False,True,False,False,False,False,False,False,0,0,0.4331549548594944,0,0.38279745123737674
12.0,0,1,1,1,2.0,2,1,1,1,4.795790545596741,6.503789046997708,6.0,35.0,1.0,0,False,False,False,False,False,False,True,False,False,1,0,0.4766361878701786,0,0.37609544258491945
14.0,1,0,1,1,2.0,3,1,1,0,6.2166061010848646,0.0,10.0,42.0,1.0,0,False,False,False,False,False,True,False,False,False,1,1,0.6458496018721753,1,0.5755319852329671
7.0,0,0,1,1,1.5,3,1,1,1,6.2166061010848646,3.7534179752515073,17.0,45.0,1.0,0,True,False,False,True,False,False,False,False,False,1,1,0.7733072309126885,1,0.8240319897016901
12.0,0,0,1,1,1.6666666666666667,3,1,1,1,6.2166061010848646,4.795790545596741,3.0,61.0,2.0,0,True,False,False,False,True,False,False,False,False,0,0,0.36655703471334905,0,0.3761420295912829
5.0,0,0,1,1,1.6666666666666667,3,1,1,1,6.2166061010848646,4.2626798770413155,12.0,39.0,1.0,0,True,False,False,True,False,False,False,False,False,1,1,0.770403438774855,1,0.7565217538717409
17.0,0,0,1,1,5.0,3,1,1,1,6.398594934535208,4.110873864173311,12.0,49.0,1.0,0,True,False,False,False,False,False,True,False,False,1,0,0.4947977537050987,0,0.45627994509129033
16.0,1,0,1,1,1.0,3,1,1,1,6.2166061010848646,4.9003242732785735,8.0,44.0,1.0,1,False,False,False,False,False,False,False,True,False,1,0,0.3000478981157996,0,0.3651065273382126
15.0,0,0,1,1,1.25,3,1,1,1,6.2166061010848646,5.564520407322694,5.0,44.0,1.0,0,True,True,False,False,False,False,False,False,False,0,0,0.28359672743617637,0,0.3444346133390942
18.0,1,0,1,1,1.3333333333333333,2,1,1,1,6.2166061010848646,7.026426808699636,11.0,39.0,2.0,1,True,False,True,False,False,False,False,False,False,0,0,0.23003901192178763,0,0.34225115813012263
18.0,1,0,1,1,2.5,3,1,1,0,6.2166061010848646,2.5649493574615367,12.0,40.0,1.0,0,True,False,False,False,False,False,False,True,False,1,1,0.5736351073584472,1,0.534990570807064
8.0,1,1,1,1,2.6666666666666665,3,1,1,0,4.61512051684126,7.151485463904735,5.0,35.0,1.0,0,False,False,False,False,False,False,True,False,False,1,1,0.6200576168039951,1,0.6523405213197825
17.0,1,1,1,1,2.5,3,1,1,1,7.313886831633462,0.0,14.0,34.0,1.0,0,True,False,False,False,False,True,False,False,False,1,1,0.6359530081688028,1,0.5981089897068294
8.0,1,0,1,1,2.0,3,1,1,1,6.2166061010848646,0.0,17.0,34.0,2.0,0,True,False,False,False,False,False,False,True,False,0,1,0.5075320176635847,0,0.4375797407998274
14.0,0,0,1,1,1.5,3,1,1,1,5.993961427306569,7.419180722820095,6.0,48.0,1.0,0,True,False,False,True,False,False,False,False,False,0,1,0.7576803028243486,1,0.790641414758571
5.0,1,0,1,0,1.0,3,1,1,1,5.860786223465865,0.0,3.0,70.0,2.0,0,True,False,False,False,False,False,True,False,False,1,0,0.43402780201971547,0,0.4690836881801465
17.0,0,0,1,1,2.5,3,1,1,1,6.2166061010848646,0.0,12.0,40.0,2.0,0,True,False,False,True,False,False,False,False,False,1,1,0.7674337564018078,1,0.7919762290688562
8.0,0,0,1,1,1.0,3,1,1,1,6.90875477931522,8.642532789389376,17.0,28.0,1.0,0,True,True,False,False,False,False,False,False,False,0,0,0.2793968159546742,0,0.3341199693028864
9.0,1,0,1,1,1.25,3,1,1,1,7.496097345175956,0.0,11.0,74.0,1.0,0,True,False,True,False,False,False,False,False,False,1,0,0.4414781566164233,0,0.3647346614950287
8.0,0,0,1,1,2.0,3,1,1,1,6.2166061010848646,0.0,14.0,34.0,1.0,0,True,False,False,True,False,False,False,False,False,0,1,0.7723067639230798,1,0.8004650884474525
9.0,0,0,1,1,3.5,3,1,1,1,6.2166061010848646,0.0,10.0,34.0,1.0,0,False,False,False,False,False,False,False,True,False,1,0,0.4841924974144532,1,0.519993810789715
7.0,0,0,1,1,5.0,2,1,0,1,5.303304908059076,2.740840023925201,6.0,50.0,1.0,0,True,False,False,False,False,False,False,False,False,1,0,0.45591987594778577,1,0.5004742159633259
6.0,0,0,1,0,7.0,3,1,1,0,6.2166061010848646,5.404606022778685,10.0,35.0,2.0,0,True,False,False,True,False,False,False,False,False,1,1,0.7878323926730251,1,0.7765483836288538
17.0,1,1,1,1,2.0,2,1,1,1,6.2166061010848646,0.0,12.0,38.0,1.0,0,False,False,False,True,False,False,False,False,False,1,1,0.7345960682888064,1,0.6549921789778623
14.0,1,0,1,1,1.0,3,1,1,1,7.313886831633462,6.8679744089702925,17.0,40.0,1.0,0,True,False,False,True,False,False,False,False,False,1,1,0.7349738562469424,1,0.7960366952052094
12.0,0,1,1,1,1.6666666666666667,3,1,1,1,6.2166061010848646,4.948759890378168,5.0,40.0,1.0,1,True,False,False,False,False,False,True,False,False,0,0,0.3975077417296508,0,0.45468816872794543
15.0,1,1,1,1,2.6666666666666665,2,1,1,1,5.860786223465865,8.740496729931813,12.0,50.0,1.0,0,False,False,False,True,False,False,False,False,False,1,1,0.7349748487395957,1,0.7131460371478511
15.0,0,0,1,1,2.0,2,0,1,0,6.68586094706836,7.076935307352917,2.0,54.0,1.0,0,True,False,False,True,False,False,False,False,False,0,1,0.7382605012903034,1,0.6142375187180944
13.0,0,0,1,1,1.25,3,1,1,1,5.707110264748875,4.394449154672439,5.0,41.0,1.0,0,True,False,False,True,False,False,False,False,False,1,1,0.7619296654816341,1,0.7565210536389317
5.0,0,0,1,0,1.0,3,1,1,1,6.2166061010848646,0.0,0.0,48.0,2.0,0,True,False,False,False,False,False,False,False,True,1,0,0.34651652148265066,0,0.3694424038160058
17.0,1,0,1,1,2.3333333333333335,2,1,1,0,5.017279836814924,0.0,0.0,43.0,1.0,1,False,True,False,False,False,False,False,False,False,0,0,0.1794093833529291,0,0.2554207963690601
16.0,1,0,1,1,1.0,3,1,1,1,6.2166061010848646,0.0,17.0,51.0,2.0,0,True,False,False,True,False,False,False,False,False,1,1,0.7618523516391289,1,0.7946555759480062
16.0,1,0,1,1,1.0,3,1,1,1,6.398594934535208,5.0604830998238235,5.0,52.0,1.0,1,False,False,False,False,False,False,False,True,False,1,0,0.2998392011998798,0,0.3546532578181135
9.0,1,0,1,1,2.5,3,1,1,0,6.90875477931522,6.634633357861686,5.0,55.0,1.0,0,True,False,False,False,False,True,False,False,False,0,1,0.666908065162771,1,0.5866512509345508
9.0,0,0,1,1,2.0,3,1,1,1,6.2166061010848646,0.0,12.0,36.0,1.0,0,True,False,False,False,False,False,False,True,False,0,1,0.513573277340547,0,0.43522315940057865
9.0,0,0,1,1,2.5,2,0,0,1,6.2166061010848646,0.0,8.0,31.0,2.0,0,True,False,False,False,False,False,False,False,False,0,0,0.3853369991067532,0,0.3799828555294213
12.0,1,0,1,1,1.5,3,1,1,1,6.2166061010848646,0.0,13.0,44.0,1.0,0,True,False,False,True,False,False,False,False,False,1,1,0.7595255707595608,1,0.8193842382423242
15.0,1,0,1,1,1.3333333333333333,3,1,1,1,6.2166061010848646,0.0,12.0,38.0,1.0,0,True,False,False,False,False,False,True,False,False,0,0,0.4759911798495304,0,0.4179447794579392
12.0,1,0,1,1,1.3333333333333333,3,1,1,1,6.68586094706836,9.328212292571072,17.0,41.0,1.0,0,True,False,False,False,True,False,False,False,False,0,0,0.3328315821832422,0,0.40009390037037545
12.0,1,0,1,1,1.6666666666666667,3,1,1,1,6.2166061010848646,2.5649493574615367,1.0,35.0,1.0,0,True,False,True,False,False,False,False,False,False,0,0,0.42088561428152954,0,0.3693160297167155
16.0,0,0,1,1,2.5,3,0,1,1,6.2166061010848646,6.311734809152915,6.0,36.0,1.0,0,True,False,False,False,False,False,False,True,False,1,0,0.43823407227897127,0,0.4700027406496312
17.0,0,1,1,1,1.25,3,1,1,1,6.803505257608338,8.006700845440367,11.0,51.0,1.0,0,True,False,False,False,False,False,False,False,False,0,1,0.5005695616039698,1,0.526626250049841
7.0,0,1,1,1,2.6666666666666665,2,1,1,1,5.860786223465865,8.740496729931813,12.0,50.0,1.0,0,False,False,False,True,False,False,False,False,False,1,1,0.7562659399738728,1,0.7336155172438182
11.0,1,0,1,1,2.5,3,1,1,0,6.2166061010848646,6.55250788703459,12.0,32.0,1.0,0,True,False,False,False,False,False,True,False,False,1,1,0.5613407065826748,0,0.4987686515882507
19.0,1,0,1,1,1.0,3,1,1,1,7.313886831633462,3.713572066704308,18.0,50.0,2.0,0,True,False,True,False,False,False,False,False,False,1,0,0.41539107372094003,0,0.4396722765786359
18.0,1,0,1,1,1.5,3,1,1,1,6.68586094706836,5.017279836814924,12.0,55.0,1.0,0,True,False,False,False,False,True,False,False,False,0,1,0.5744754477279144,1,0.5260148774203856
8.0,0,0,1,1,2.0,3,1,1,1,6.2166061010848646,6.621405651764134,12.0,42.0,2.0,0,True,False,False,False,False,False,False,False,True,0,0,0.4124166383997441,0,0.34371951613940027
7.0,0,0,1,1,2.6666666666666665,3,1,0,1,5.707110264748875,8.325063693631197,12.0,58.0,1.0,0,False,False,False,False,False,True,False,False,False,0,1,0.6162925806027966,1,0.5354788517353135
15.0,0,0,1,1,1.3333333333333333,3,1,1,1,7.244941546337007,7.4136688583871075,17.0,48.0,1.0,0,True,False,False,True,False,False,False,False,False,1,1,0.7491890560617399,1,0.7778720360951694
17.0,1,0,1,1,0.8,3,1,1,1,6.90875477931522,7.1316985104669115,7.0,47.0,1.0,0,True,False,False,False,False,False,False,False,True,0,0,0.3657779884867955,0,0.32831922137055947
18.0,0,0,1,1,1.6666666666666667,3,1,1,1,6.2166061010848646,6.78105762593618,12.0,39.0,1.0,0,True,False,False,False,False,False,False,False,False,0,0,0.43529258446795743,0,0.4402176949320438
12.0,1,0,1,1,1.0,3,1,1,1,6.90875477931522,7.419180722820095,12.0,35.0,2.0,0,True,False,False,False,False,False,False,True,False,0,0,0.471128506925137,0,0.4905587608252573
8.0,0,0,1,1,3.0,3,0,0,1,6.2166061010848646,0.0,12.0,42.0,1.0,0,True,False,False,False,False,False,False,True,False,0,1,0.5022081668553563,1,0.5252499698559214
15.0,1,0,1,1,1.5,3,0,1,0,5.303304908059076,5.589742425278652,8.0,34.0,1.0,1,False,False,False,False,False,False,False,True,False,1,0,0.34433990337348563,0,0.47158844018862317
11.0,0,0,1,1,2.75,3,1,1,1,6.2166061010848646,0.0,12.0,42.0,2.0,0,True,False,False,False,False,False,False,True,False,1,1,0.5206215744958089,1,0.5020590988720274
6.0,1,0,1,1,1.25,3,1,1,1,7.601402334583733,6.68586094706836,17.0,33.0,1.0,0,True,False,False,False,False,False,False,True,False,0,0,0.4717556329464375,0,0.44633883339383723
16.0,0,0,1,1,1.6666666666666667,3,1,1,1,7.601402334583733,0.0,17.0,48.0,1.0,0,True,False,False,False,False,False,False,True,False,0,0,0.49247705194257835,0,0.4840313510868185
12.0,1,0,1,1,2.5,2,0,0,1,5.303304908059076,7.057036981697891,12.0,36.0,1.0,1,False,False,False,True,False,False,False,False,False,0,1,0.5164523401614871,1,0.5039611843966012
10.0,0,1,1,1,1.5,2,1,1,1,6.2166061010848646,0.0,17.0,45.0,1.0,0,True,False,True,False,False,False,False,False,False,1,0,0.4693071764017253,1,0.5785383858857658
17.0,1,0,1,1,1.6666666666666667,2,0,0,1,6.398594934535208,0.0,9.0,52.0,2.0,0,True,False,False,False,False,False,False,False,False,0,0,0.36634666452236436,0,0.35087049534848014
10.0,1,1,1,1,3.0,3,1,1,1,6.2166061010848646,4.983606621708336,10.0,37.0,1.0,0,True,False,False,True,False,False,False,False,False,1,1,0.801642588942182,1,0.7407437721971096
6.0,1,0,1,1,2.0,2,0,1,1,4.110873864173311,8.492080490601163,2.0,61.0,1.0,0,False,False,True,False,False,False,False,False,False,0,0,0.330878386324745,0,0.21511002138793334
5.0,0,0,1,1,1.3333333333333333,2,1,1,1,5.5254529391317835,5.303304908059076,12.0,34.0,1.0,0,True,False,True,False,False,False,False,False,False,1,0,0.39852233874772297,0,0.3710679826516847
7.0,1,0,1,1,0.8,3,1,1,1,5.707110264748875,5.707110264748875,17.0,31.0,2.0,0,True,False,False,False,False,False,True,False,False,1,0,0.4877287983180209,0,0.4750725506651669
7.0,1,0,1,1,1.0,3,1,1,1,6.90875477931522,0.0,12.0,40.0,1.0,0,True,False,False,False,False,False,False,False,False,0,0,0.44108035310997107,0,0.43179888983431775
14.0,0,0,1,1,1.2,3,1,1,1,6.55250788703459,4.9003242732785735,12.0,49.0,1.0,0,True,False,False,False,False,False,False,True,False,1,0,0.4962771918625023,1,0.5011906597952701
13.0,1,0,1,1,2.0,3,1,1,1,6.2166061010848646,4.189654742026425,12.0,37.0,1.0,0,True,False,False,True,False,False,False,False,False,0,1,0.7499546610196263,1,0.761202373962983
12.0,1,0,1,1,0.5714285714285714,2,1,1,0,4.61512051684126,8.006700845440367,14.0,32.0,1.0,0,False,False,False,False,True,False,False,False,False,0,0,0.3517512173740882,0,0.28125411427289415
9.0,1,1,1,1,2.0,2,1,1,0,4.394449154672439,7.196187070324464,11.0,32.0,1.0,0,False,False,False,False,True,False,False,False,False,0,0,0.42891760539381074,0,0.30361955570577653
17.0,0,0,1,1,2.0,3,1,1,1,6.90875477931522,7.313886831633462,17.0,48.0,1.0,0,True,False,False,False,False,False,False,True,False,1,0,0.4872297895042147,1,0.5262054010533082
11.0,0,0,1,1,1.6666666666666667,3,1,1,1,6.398594934535208,7.696667081526462,15.0,38.0,1.0,0,False,False,False,False,False,False,False,False,True,1,0,0.3678168172458728,0,0.4700157250150261
15.0,1,0,1,1,0.4444444444444444,3,1,1,1,7.601402334583733,0.0,15.0,50.0,1.0,0,True,False,False,False,False,False,False,True,False,0,0,0.47543429893909533,0,0.44726663025008867
11.0,0,1,1,1,3.5,2,0,1,1,3.9318256327243257,5.957686140558988,5.0,46.0,1.0,1,False,False,True,False,False,False,False,False,False,1,0,0.2675426611410554,0,0.274612963781822
13.0,1,0,1,1,1.6666666666666667,3,1,1,1,6.2166061010848646,0.0,14.0,34.0,1.0,0,True,False,False,True,False,False,False,False,False,1,1,0.7549195551264766,1,0.8026400617294038
14.0,0,0,1,1,1.25,3,1,1,1,6.55250788703459,5.198497031265826,17.0,51.0,1.0,0,True,False,False,False,False,False,True,False,False,0,0,0.4886013523117057,0,0.45964117941182886
5.0,0,0,1,0,4.0,3,1,1,1,6.2166061010848646,0.0,6.0,26.0,1.0,0,True,False,False,False,False,False,False,False,True,1,0,0.343142746881713,0,0.3986407703970594
6.0,1,0,1,0,1.0,3,1,1,1,7.937731775260109,7.824445930877619,18.0,39.0,1.0,0,True,False,True,False,False,False,False,False,False,1,0,0.33564510287954386,0,0.37307535865274377
8.0,0,0,1,1,2.0,3,1,1,1,6.2166061010848646,0.0,15.0,25.0,2.0,0,True,False,True,False,False,False,False,False,False,0,0,0.45630696400996723,0,0.4179886945198456
12.0,1,0,1,1,1.2,3,1,1,1,6.2166061010848646,6.90875477931522,17.0,59.0,1.0,0,True,False,False,True,False,False,False,False,False,1,1,0.7575855831434751,1,0.7350433395404498
18.0,1,0,1,1,0.6,3,1,1,1,7.313886831633462,0.0,17.0,45.0,2.0,0,True,False,False,True,False,False,False,False,False,1,1,0.7447494330504211,1,0.7910779883698871
9.0,0,0,1,1,1.5,3,1,1,0,6.68586094706836,6.147755791434351,12.0,50.0,1.0,0,True,False,False,False,False,True,False,False,False,0,1,0.6822995656383881,1,0.5802785680537256
14.0,1,0,1,1,2.6666666666666665,2,0,1,1,7.313886831633462,0.0,10.0,34.0,2.0,0,True,False,False,False,False,False,False,False,False,1,0,0.3269549127405598,0,0.3183475019778698
15.0,1,0,1,1,2.5,3,1,1,1,7.313886831633462,3.4339872044851463,10.0,43.0,1.0,0,False,False,False,False,False,False,False,False,False,0,0,0.3906087642455689,1,0.5079910006153198
12.0,1,0,1,1,0.75,3,1,1,1,6.2166061010848646,6.503789046997708,17.0,39.0,2.0,0,False,False,False,False,True,False,False,False,False,0,0,0.3169292117242393,0,0.38419930862422186
8.0,0,0,1,1,1.6666666666666667,3,1,1,1,6.2166061010848646,0.0,15.0,39.0,1.0,0,True,False,False,False,False,False,False,True,False,0,1,0.5180652407400951,0,0.43829404297892055
12.0,1,0,1,1,1.3333333333333333,3,1,1,1,6.2166061010848646,0.0,17.0,38.0,1.0,0,True,False,False,True,False,False,False,False,False,0,1,0.7586581362639201,1,0.8457450745976037
16.0,0,0,1,1,2.0,3,1,1,1,7.496097345175956,0.0,12.0,42.0,2.0,0,True,False,False,False,False,False,False,True,False,1,0,0.4925042150929509,1,0.514768161636541
12.0,1,0,1,1,5.0,2,1,1,1,6.2166061010848646,8.53915035876828,11.0,28.0,1.0,1,False,True,False,False,False,False,False,False,False,0,0,0.1241700111165253,0,0.1887256593229609
17.0,1,1,1,1,2.0,3,1,1,1,5.707110264748875,5.951510231600949,3.0,42.0,2.0,1,True,False,False,True,False,False,False,False,False,1,1,0.6771347550727074,1,0.7020030788412508
8.0,0,0,1,1,1.6666666666666667,3,1,1,0,4.61512051684126,0.0,10.0,40.0,1.0,0,False,False,False,True,False,False,False,False,False,1,1,0.8243990682199447,1,0.7093510011172293
18.0,1,0,1,1,1.75,3,1,1,1,8.006700845440367,5.190573059534934,9.0,39.0,1.0,0,True,False,False,True,False,False,False,False,False,1,1,0.7216857218890756,1,0.7343653490212685
10.0,1,0,1,1,3.0,3,0,1,0,6.68586094706836,0.0,12.0,36.0,2.0,0,True,False,False,False,False,False,False,True,False,1,1,0.5407131868648746,1,0.5256033642148599
19.0,0,0,1,1,1.6666666666666667,2,1,1,1,6.398594934535208,5.545177444479562,3.0,50.0,1.0,1,True,False,True,False,False,False,False,False,False,0,0,0.23761344020558248,0,0.33897511813959674
7.0,1,0,1,1,3.0,3,0,0,1,6.2166061010848646,4.083171261623976,13.0,28.0,2.0,0,True,False,False,False,False,False,False,True,False,0,0,0.4785385800602272,0,0.4810507883963583
8.0,1,0,1,1,1.2,3,1,1,1,8.517393171418904,10.414343175852128,17.0,37.0,2.0,0,True,False,False,False,False,False,False,True,False,0,0,0.45562192930296413,0,0.43386280570845737
6.0,1,0,1,1,3.0,2,1,1,0,6.2166061010848646,0.0,11.0,37.0,1.0,0,True,False,True,False,False,False,False,False,False,1,0,0.4791840398571101,0,0.47443978998716674
7.0,0,0,1,1,2.0,3,1,1,1,6.2166061010848646,5.916202062607435,17.0,75.0,1.0,0,True,False,False,False,False,False,False,False,True,1,0,0.4330877308450669,0,0.3660826176676612
18.0,0,0,1,1,2.0,2,1,1,1,5.707110264748875,7.919719760924575,7.0,38.0,1.0,0,False,False,False,False,False,False,True,False,False,0,0,0.38657950601090646,0,0.2651309294773216
17.0,0,1,1,1,1.0,2,1,1,1,4.394449154672439,5.993961427306569,3.0,46.0,1.0,1,False,False,False,False,False,False,True,False,False,0,0,0.32659251058299615,0,0.34626937780480516
12.0,0,0,1,1,1.0,3,1,1,1,6.2166061010848646,0.0,5.0,76.0,1.0,0,True,False,True,False,False,False,False,False,False,0,0,0.46443939595879086,0,0.34732749766050114
17.0,1,0,1,1,1.6666666666666667,2,0,1,0,5.017279836814924,5.707110264748875,4.0,71.0,1.0,0,False,False,False,True,False,False,False,False,False,1,1,0.7273313525207963,1,0.6173940725528836
8.0,1,0,1,1,2.0,3,0,1,1,7.313886831633462,7.1316985104669115,17.0,40.0,1.0,0,True,False,False,False,False,False,False,True,False,0,0,0.4291858232210567,0,0.4820930526383259
9.0,1,0,1,1,2.0,2,0,0,1,5.303304908059076,10.389026137075234,0.0,40.0,2.0,0,False,False,False,False,False,False,False,True,False,0,0,0.38115259551346936,0,0.3846745403325226
17.0,0,0,1,1,3.5,2,1,0,0,5.707110264748875,6.936897905869128,12.0,42.0,2.0,0,False,False,False,False,False,True,False,False,False,0,1,0.6307007938939929,1,0.5778223184196289
19.0,1,0,1,1,1.3333333333333333,3,1,1,1,6.2166061010848646,4.151039905898646,5.0,40.0,1.0,1,True,False,False,False,False,False,False,False,True,0,0,0.2413262170559964,0,0.3002073358331527
7.0,1,0,1,1,3.0,3,1,1,1,6.2166061010848646,0.0,12.0,26.0,2.0,0,True,False,False,False,False,False,False,True,False,0,1,0.5041569764657309,0,0.47941287866003857
12.0,0,0,1,1,1.5,3,1,1,1,6.2166061010848646,0.0,15.0,33.0,1.0,0,True,False,False,True,False,False,False,False,False,1,1,0.766524578648768,1,0.8484769908744876
13.0,1,0,1,1,1.0,3,1,1,1,6.68586094706836,0.0,17.0,50.0,1.0,0,True,False,True,False,False,False,False,False,False,1,0,0.435379812881092,0,0.3827148369526167
15.0,0,0,1,1,2.0,3,1,1,1,6.2166061010848646,0.0,12.0,37.0,1.0,0,True,True,False,False,False,False,False,False,False,1,0,0.2950273595918829,0,0.2894293777889096
14.0,1,0,1,1,1.3333333333333333,3,1,1,1,5.5254529391317835,0.0,12.0,45.0,1.0,0,True,False,False,True,False,False,False,False,False,1,1,0.7634465585254422,1,0.801500628781774
19.0,1,1,1,1,0.8,3,1,1,1,6.2166061010848646,7.111512116496157,12.0,42.0,1.0,0,True,False,False,True,False,False,False,False,False,1,1,0.7874493355936069,1,0.6949092450294876
15.0,0,0,1,1,3.0,2,1,1,1,5.707110264748875,8.266135872936916,2.0,48.0,1.0,1,False,False,False,False,False,True,False,False,False,0,0,0.35189285457068126,0,0.31100875784123583
7.0,0,0,1,1,4.0,2,1,1,1,4.61512051684126,0.0,12.0,31.0,1.0,0,False,False,True,False,False,False,False,False,False,0,0,0.39306580503557714,0,0.35252651492284814
12.0,1,0,1,1,4.0,3,1,1,1,6.2166061010848646,0.0,12.0,47.0,1.0,0,True,False,False,True,False,False,False,False,False,1,1,0.7659441295345065,1,0.7273909427692306
11.0,1,1,1,1,1.0,3,1,1,1,6.2166061010848646,7.621195162809845,12.0,42.0,1.0,0,True,False,False,True,False,False,False,False,False,1,1,0.7960632919247516,1,0.7732726556570816
19.0,1,0,1,1,1.6666666666666667,2,0,1,0,4.61512051684126,6.90875477931522,5.0,39.0,2.0,1,False,False,False,False,True,False,False,False,False,0,0,0.1899295084460443,0,0.226078381090927
11.0,1,0,1,1,3.0,2,1,1,0,5.017279836814924,3.9318256327243257,2.0,50.0,1.0,0,False,True,False,False,False,False,False,False,False,0,0,0.29878282672589623,0,0.28564605884383565
6.0,0,0,1,1,4.0,1,0,0,0,5.707110264748875,6.621405651764134,9.0,30.0,1.0,0,False,False,False,False,False,True,False,False,False,1,1,0.5317627290999909,1,0.6303938203329413
13.0,0,0,1,1,1.0,3,1,1,1,7.601402334583733,7.919719760924575,15.0,53.0,1.0,0,True,False,True,False,False,False,False,False,False,1,0,0.42298265373411614,0,0.3978674052518587
18.0,1,0,1,1,3.0,2,1,1,0,5.707110264748875,7.196187070324464,2.0,42.0,2.0,1,False,False,False,False,False,False,False,False,True,0,0,0.24996680085687534,0,0.3505196843643778
10.0,1,0,1,1,2.0,3,1,0,1,6.68586094706836,0.0,15.0,33.0,2.0,0,True,False,False,False,False,True,False,False,False,1,1,0.6205881581425818,1,0.5873918329919376
11.0,1,0,1,1,2.5,2,1,1,0,6.2166061010848646,4.110873864173311,3.0,39.0,1.0,0,False,False,False,True,False,False,False,False,False,1,1,0.7499082207588557,1,0.6211767291153856
12.0,1,0,1,1,1.0,3,1,1,1,6.2166061010848646,0.0,14.0,38.0,1.0,0,True,False,False,True,False,False,False,False,False,1,1,0.7563341513083135,1,0.8183231347032841
15.0,0,1,1,1,1.3333333333333333,3,1,1,1,6.90875477931522,7.919719760924575,10.0,44.0,1.0,0,True,False,False,False,False,False,True,False,False,0,1,0.5373629298439758,1,0.5064658267309913
11.0,1,0,1,1,4.0,3,1,1,1,6.2166061010848646,3.6506582412937387,3.0,44.0,1.0,0,True,False,False,False,False,False,False,True,False,0,0,0.4931152642722071,1,0.520390218214338
12.0,1,0,1,1,1.3333333333333333,3,1,1,1,6.2166061010848646,6.90875477931522,12.0,33.0,1.0,0,True,False,False,False,False,False,False,True,False,1,0,0.47681192669314226,0,0.4743729686679148
18.0,1,0,1,1,2.3333333333333335,2,1,0,0,7.496097345175956,6.676903524224608,12.0,42.0,1.0,1,False,False,False,False,False,True,False,False,False,0,0,0.4291695965246834,0,0.3564999840326857
11.0,1,1,1,1,4.0,3,1,1,1,6.68586094706836,8.229777750081887,12.0,49.0,1.0,0,False,False,False,False,False,False,False,False,False,0,0,0.473808211595487,1,0.5257545880316298
8.0,0,0,1,1,1.5,3,1,1,1,6.2166061010848646,0.0,16.0,25.0,1.0,0,True,False,False,False,False,False,True,False,False,0,0,0.4981591455560688,0,0.43051219729053086
13.0,1,0,1,1,2.0,3,1,1,1,7.601402334583733,5.993961427306569,12.0,45.0,1.0,0,True,False,False,False,False,False,False,True,False,1,0,0.46715856231463937,0,0.47966948190652237
7.0,0,0,1,0,1.25,2,1,1,0,5.017279836814924,6.8679744089702925,3.0,63.0,1.0,0,False,True,False,False,False,False,False,False,False,1,0,0.2501352452832582,0,0.3335287960908624
8.0,0,0,1,1,6.0,3,1,1,0,6.2166061010848646,3.4339872044851463,6.0,25.0,2.0,0,True,False,False,False,False,False,True,False,False,1,1,0.5934403790766071,1,0.5273195051790316
16.0,0,0,1,1,1.6666666666666667,2,1,1,1,5.303304908059076,8.699681400989514,8.0,44.0,1.0,0,False,False,False,False,False,False,True,False,False,1,0,0.3965845077056436,0,0.2856433820137506
13.0,1,0,1,1,0.75,3,1,1,1,6.90875477931522,0.0,17.0,38.0,1.0,0,True,False,False,False,False,False,False,True,False,0,0,0.4835828718386006,0,0.45140179065627223
16.0,0,0,1,1,0.75,3,1,1,1,6.2166061010848646,9.446808094292654,17.0,44.0,1.0,0,True,False,False,False,True,False,False,False,False,1,0,0.34540361485738397,0,0.4011682505717471
7.0,1,0,1,1,1.5,3,0,1,1,5.017279836814924,0.0,5.0,46.0,1.0,0,True,False,False,True,False,False,False,False,False,1,1,0.7377563032220145,1,0.7681325778100059
11.0,1,0,1,1,5.0,3,1,1,0,5.707110264748875,3.8918202981106265,12.0,42.0,2.0,0,True,False,False,False,False,False,False,True,False,1,1,0.6023894743399412,1,0.6544831175208824
10.0,0,0,1,1,1.0,3,1,1,1,7.313886831633462,6.398594934535208,10.0,45.0,1.0,0,True,False,False,False,False,False,True,False,False,1,0,0.47345995791363366,0,0.4295389743512576
14.0,1,0,1,1,1.0,3,1,1,1,7.496097345175956,3.9318256327243257,12.0,44.0,1.0,0,True,False,False,False,False,False,False,True,False,1,0,0.4671574144263136,0,0.4915961086543653
7.0,1,0,1,1,1.0,2,1,1,0,3.713572066704308,5.812138499293826,1.0,75.0,2.0,0,False,False,False,False,True,False,False,False,False,0,0,0.39532458815004046,0,0.41758153948948157
5.0,1,0,1,1,1.5,2,1,1,1,6.2166061010848646,0.0,12.0,24.0,1.0,0,True,False,False,False,False,False,False,False,False,0,0,0.3879571479743647,0,0.390398573891847
11.0,1,0,1,1,2.0,3,1,1,1,6.2166061010848646,4.02535169073515,12.0,34.0,2.0,0,True,True,False,False,False,False,False,False,False,0,0,0.28444987629900226,0,0.31413307483435926
11.0,0,0,1,1,1.5,2,1,1,1,6.90875477931522,9.433563920090563,12.0,42.0,1.0,0,True,False,True,False,False,False,False,False,False,0,0,0.368627960822716,0,0.3363323756236026
13.0,0,0,1,1,3.0,3,1,1,0,6.2166061010848646,0.0,8.0,45.0,2.0,0,True,False,False,False,False,False,False,True,False,1,1,0.6066970857625398,1,0.5720812769668164
14.0,0,1,1,1,2.5,3,1,1,1,7.313886831633462,0.0,14.0,34.0,1.0,0,True,False,False,False,False,True,False,False,False,1,1,0.6539867094622838,1,0.6215829583412904
6.0,0,0,1,1,1.3333333333333333,3,1,1,1,7.0909098220799835,3.6506582412937387,17.0,47.0,1.0,0,True,False,False,False,True,False,False,False,False,0,0,0.3633135219970269,0,0.4474854167344655
7.0,0,1,1,1,2.0,2,1,1,1,5.017279836814924,4.43477720005941,11.0,33.0,1.0,0,False,False,False,True,False,False,False,False,False,1,1,0.7614270176721292,1,0.6482952388494767
19.0,1,0,1,1,0.6666666666666666,3,1,1,1,7.601402334583733,0.0,17.0,25.0,1.0,0,True,False,True,False,False,False,False,False,False,1,0,0.3983607219973594,0,0.4178893974831979
8.0,1,0,1,1,1.5,3,1,1,1,6.2166061010848646,4.61512051684126,12.0,48.0,1.0,0,True,False,False,False,False,False,False,True,False,0,0,0.4971485919099324,0,0.49203766556194495
6.0,1,0,1,1,1.25,3,1,1,1,6.90875477931522,7.00397413672268,12.0,38.0,1.0,0,True,False,False,True,False,False,False,False,False,0,1,0.7463059409433933,1,0.6858846872122952
10.0,0,0,1,1,1.75,3,1,1,0,6.2166061010848646,2.9740707767728116,7.0,51.0,1.0,0,True,False,True,False,False,False,False,False,False,0,1,0.542526416151156,0,0.45722941074852047
14.0,1,0,1,1,3.0,3,1,1,1,6.2166061010848646,6.7266330027636645,12.0,42.0,2.0,0,True,False,False,True,False,False,False,False,False,1,1,0.7529926355640324,1,0.7718153909990125
16.0,0,0,1,1,4.0,2,1,1,1,6.2166061010848646,0.0,12.0,47.0,1.0,1,False,False,False,False,False,False,False,False,True,1,0,0.20905922334243998,0,0.3431649085199209
11.0,1,1,1,1,1.3333333333333333,2,1,1,1,6.2166061010848646,7.919719760924575,15.0,42.0,1.0,0,False,False,False,False,True,False,False,False,False,0,0,0.3222067985393385,0,0.2682545106907736
5.0,1,0,1,1,0.75,2,1,1,1,3.9318256327243257,6.42594893761725,6.0,57.0,1.0,0,False,False,False,False,False,False,True,False,False,0,0,0.4256955134685344,0,0.40053123734618296
10.0,1,0,1,1,2.0,2,1,1,1,6.111467339502679,0.0,12.0,34.0,2.0,0,True,False,True,False,False,False,False,False,False,0,0,0.3850105309077071,0,0.43018664028116677
10.0,0,0,1,1,1.6666666666666667,3,1,1,1,5.017279836814924,6.066108090103747,3.0,59.0,2.0,0,True,False,False,True,False,False,False,False,False,1,1,0.7803702554330665,1,0.7244522766300507
5.0,0,0,1,1,1.5,3,1,1,1,6.90875477931522,7.062762734529377,12.0,48.0,1.0,0,True,False,False,True,False,False,False,False,False,1,1,0.7631996391385494,1,0.7104814780083855
19.0,1,1,1,1,1.0,2,0,1,1,3.9318256327243257,9.228278517107196,5.0,50.0,1.0,1,False,False,False,True,False,False,False,False,False,0,1,0.5573061555466433,1,0.5203100622964566
15.0,1,0,1,1,2.5,3,1,1,0,6.2166061010848646,2.5649493574615367,12.0,40.0,1.0,0,True,False,False,False,False,False,False,True,False,0,1,0.5785489150927803,1,0.5568321718205184
17.0,0,0,1,1,1.0,3,1,1,1,6.90875477931522,0.0,17.0,51.0,1.0,0,True,False,False,False,False,False,False,True,False,1,0,0.49987436882714387,0,0.48953318994997064
7.0,0,0,1,1,5.0,2,1,1,1,4.61512051684126,8.294299608857235,1.0,40.0,1.0,0,False,False,False,False,True,False,False,False,False,0,0,0.2995287592499679,0,0.2105915543920663
12.0,0,0,1,1,1.5,3,1,1,1,6.2166061010848646,0.0,17.0,34.0,1.0,0,True,False,False,False,False,False,False,True,False,1,1,0.5093479133205356,0,0.4253654109602249
6.0,1,0,1,1,2.5,2,0,1,1,5.993961427306569,8.177796683277778,1.0,44.0,1.0,0,False,False,False,True,False,False,False,False,False,1,1,0.6356320884511213,1,0.6290449411897427
9.0,0,0,1,1,1.6666666666666667,3,1,1,1,7.601402334583733,4.61512051684126,14.0,34.0,2.0,0,True,False,False,False,False,False,False,False,False,1,0,0.43873277573094693,0,0.4399681582850311
13.0,0,1,1,1,1.5,2,0,1,1,3.9318256327243257,6.398594934535208,5.0,37.0,1.0,0,False,False,False,False,False,False,True,False,False,1,0,0.43698062233389134,0,0.4208145661933085
16.0,1,0,1,1,1.0,3,1,1,1,7.601402334583733,5.420534999272286,9.0,45.0,1.0,0,True,False,False,False,False,False,False,True,False,0,0,0.45802960566003753,0,0.4817181337640271
15.0,1,0,1,1,1.3333333333333333,3,1,1,1,6.2166061010848646,0.0,3.0,55.0,1.0,0,True,False,True,False,False,False,False,False,False,0,0,0.4325204225979882,0,0.3794322033552553
6.0,1,0,1,0,5.0,3,1,1,1,6.2166061010848646,5.37989735354046,12.0,34.0,1.0,0,True,False,False,False,False,False,False,True,False,1,0,0.42275879319886434,0,0.4356723773350016
14.0,1,0,1,1,1.1666666666666667,3,1,1,1,5.303304908059076,0.0,4.0,64.0,2.0,0,True,False,False,True,False,False,False,False,False,1,1,0.7723356613175612,1,0.7553972245970215
12.0,1,1,1,1,1.0,3,1,1,1,5.860786223465865,0.0,12.0,45.0,1.0,0,True,False,False,True,False,False,False,False,False,1,1,0.8084528692423354,1,0.8297559662181986
17.0,0,0,1,1,1.25,3,1,1,1,7.824445930877619,7.749753406274437,17.0,83.0,1.0,0,True,False,False,False,False,False,False,True,False,0,0,0.4919459075637654,0,0.4722268816592684
15.0,0,0,1,1,1.25,3,1,1,1,6.7464121285733745,7.244941546337007,12.0,38.0,2.0,0,True,False,False,False,False,False,False,False,True,0,0,0.38859213040785284,0,0.3186436873217177
18.0,1,0,1,1,1.0,3,1,1,1,6.2166061010848646,0.0,14.0,36.0,2.0,0,True,False,False,False,False,False,False,True,False,0,0,0.48668038927213986,0,0.46100743178954817
14.0,1,0,1,1,1.2857142857142858,3,1,1,1,6.2166061010848646,3.044522437723423,10.0,46.0,1.0,0,True,False,True,False,False,False,False,False,False,0,0,0.4280060959278487,0,0.3885100775159167
7.0,0,0,1,1,3.5,3,1,1,1,5.707110264748875,4.28260085453587,5.0,40.0,1.0,0,False,False,False,False,False,False,False,False,False,0,0,0.4353258412199592,1,0.5354371761496406
13.0,0,0,1,1,0.6666666666666666,3,1,1,1,7.313886831633462,8.229777750081887,17.0,36.0,2.0,0,True,False,False,True,False,False,False,False,False,1,1,0.7464404401298627,1,0.7834501378397243
10.0,0,0,1,1,3.0,3,1,1,0,6.2166061010848646,5.993961427306569,10.0,43.0,2.0,0,True,False,False,False,True,False,False,False,False,0,0,0.45445959861754864,0,0.36239892553778974
14.0,0,0,1,1,1.1666666666666667,2,1,1,1,6.90875477931522,0.0,18.0,36.0,1.0,0,True,False,True,False,False,False,False,False,False,0,0,0.3805999598720707,0,0.4133415396684307
16.0,1,0,1,1,2.0,3,1,1,1,6.2166061010848646,5.2390980068880655,12.0,47.0,2.0,0,True,False,False,True,False,False,False,False,False,1,1,0.7524542585238514,1,0.7395498061211928
19.0,0,0,1,1,1.3333333333333333,3,1,1,1,7.0909098220799835,0.0,14.0,47.0,1.0,0,True,False,True,False,False,False,False,False,False,1,0,0.43171952803184704,0,0.4439810948064643
11.0,0,0,1,1,4.0,3,1,1,1,6.2166061010848646,0.0,12.0,52.0,1.0,0,True,False,False,False,True,False,False,False,False,0,0,0.3803489289394063,0,0.44454787294750703
9.0,0,0,1,1,5.0,3,1,1,1,6.2166061010848646,0.0,3.0,44.0,2.0,0,True,False,True,False,False,False,False,False,False,1,0,0.4665366480812303,0,0.4029980715678021
18.0,1,0,1,1,1.6666666666666667,3,1,1,1,7.601402334583733,7.601402334583733,14.0,66.0,2.0,0,True,False,False,False,False,True,False,False,False,1,1,0.5700663343636813,1,0.6030205358580059
18.0,1,0,1,1,0.75,3,1,1,1,6.2166061010848646,2.8716796248840124,17.0,77.0,1.0,0,True,True,False,False,False,False,False,False,False,0,0,0.29309773235401054,0,0.20789072068957748
16.0,0,0,1,1,1.6666666666666667,2,1,1,1,5.303304908059076,9.042040056544483,4.0,48.0,1.0,1,False,False,True,False,False,False,False,False,False,0,0,0.22429178329090496,0,0.17910451600888536
16.0,1,0,1,1,2.5,3,1,1,1,6.2166061010848646,0.0,6.0,40.0,2.0,0,True,False,False,True,False,False,False,False,False,1,1,0.7549123474771317,1,0.7788308339271017
10.0,0,0,1,1,5.0,3,1,1,1,6.2166061010848646,0.0,14.0,34.0,2.0,0,True,False,False,False,False,False,False,True,False,1,1,0.5260928038386782,0,0.4136687460837244
8.0,1,0,1,1,1.0,3,1,1,1,7.313886831633462,4.529008825022528,17.0,30.0,2.0,0,True,False,False,False,False,False,False,True,False,0,0,0.4784780817137378,0,0.45287274741972544
18.0,0,0,1,1,1.0,3,1,1,1,5.707110264748875,7.1316985104669115,12.0,52.0,1.0,0,True,False,False,True,False,False,False,False,False,1,1,0.7596891025006449,1,0.7629410754161664
14.0,0,0,1,1,2.0,3,1,1,1,6.2166061010848646,0.0,18.0,45.0,1.0,0,True,False,False,True,False,False,False,False,False,1,1,0.7717164104231468,1,0.7556891983339655
17.0,1,0,1,1,0.8,2,1,1,1,5.993961427306569,7.467942332285852,17.0,45.0,1.0,1,True,False,False,True,False,False,False,False,False,1,1,0.5523217334897825,1,0.6949050100258968
15.0,1,0,1,1,1.6666666666666667,2,1,1,0,6.2166061010848646,0.0,3.0,61.0,1.0,0,False,False,False,False,False,False,False,False,True,1,0,0.3983826719111147,0,0.4814479418825459
5.0,1,0,1,1,2.0,2,1,1,0,4.394449154672439,7.661997558901893,7.0,39.0,1.0,0,False,False,False,False,False,False,True,False,False,1,1,0.5020127762561996,1,0.5270461786978974
5.0,1,0,1,0,5.0,1,0,1,0,3.9318256327243257,7.313886831633462,5.0,33.0,1.0,0,False,False,True,False,False,False,False,False,False,0,0,0.2910299487979389,0,0.34916434101757254
19.0,0,0,1,1,2.5,3,1,1,1,6.2166061010848646,0.0,12.0,21.0,2.0,1,True,False,True,False,False,False,False,False,False,0,0,0.2916426459311248,0,0.3047433468566549
18.0,0,0,1,1,2.0,3,1,1,0,6.2166061010848646,5.5254529391317835,9.0,35.0,1.0,0,True,False,False,True,False,False,False,False,False,0,1,0.8123910896342497,1,0.7207688596661203
17.0,1,1,1,1,1.0,3,1,1,1,6.2166061010848646,6.8679744089702925,5.0,49.0,1.0,1,True,False,True,False,False,False,False,False,False,0,0,0.3318627539225407,0,0.3886605237734809
19.0,0,1,1,1,2.5,3,1,1,0,5.303304908059076,7.0909098220799835,2.0,53.0,1.0,1,False,False,False,True,False,False,False,False,False,0,1,0.7406400549247498,1,0.5258147869594669
10.0,1,0,1,1,2.0,2,0,1,0,6.2166061010848646,9.952325334619427,9.0,37.0,1.0,0,False,True,False,False,False,False,False,False,False,0,0,0.23552443145654825,0,0.19966295436981768
18.0,1,1,1,1,1.5,3,1,1,0,6.2166061010848646,6.7266330027636645,12.0,45.0,2.0,0,True,False,False,True,False,False,False,False,False,1,1,0.8479790977806614,1,0.7278003503636934
18.0,1,0,1,1,3.0,3,1,1,1,6.55250788703459,0.0,11.0,50.0,1.0,1,True,False,False,False,False,False,False,True,False,1,0,0.3390320311532084,0,0.37367167598645706
16.0,0,1,1,1,4.0,3,1,1,1,6.2166061010848646,0.0,10.0,43.0,2.0,0,True,False,False,False,True,False,False,False,False,1,0,0.4371882809544202,1,0.5185898919828431
13.0,1,1,1,1,1.0,3,1,1,0,5.5254529391317835,3.713572066704308,12.0,38.0,1.0,1,True,False,False,True,False,False,False,False,False,1,1,0.7586605669277363,1,0.7609323882836381
17.0,0,0,1,1,1.0,2,1,1,1,5.5254529391317835,0.0,5.0,66.0,2.0,0,False,False,True,False,False,False,False,False,False,1,0,0.37550367138597013,0,0.44736957058876464
6.0,1,0,1,0,4.0,2,1,0,0,6.2166061010848646,6.90875477931522,12.0,32.0,2.0,0,True,False,False,False,False,True,False,False,False,0,1,0.5776258627543857,1,0.5352468472586588
17.0,0,0,1,1,1.0,3,1,1,1,6.2166061010848646,0.0,18.0,42.0,1.0,0,True,False,True,False,False,False,False,False,False,0,0,0.4456212574973714,0,0.3965884708853764
13.0,0,0,1,1,5.0,3,1,1,1,6.2166061010848646,0.0,0.0,40.0,2.0,0,True,False,False,False,False,False,True,False,False,0,1,0.5027299727401783,0,0.4561876530660141
15.0,1,0,1,1,2.5,2,1,1,1,5.303304908059076,6.90875477931522,12.0,38.0,1.0,0,False,False,False,False,False,False,True,False,False,0,0,0.3893305118485181,0,0.3142981985738036
13.0,0,0,1,1,1.0,3,1,1,1,7.0909098220799835,0.0,9.0,34.0,2.0,0,True,False,False,True,False,False,False,False,False,1,1,0.756195323767443,1,0.7895043111605291
16.0,1,0,1,1,0.5,3,1,1,1,6.2166061010848646,0.0,17.0,45.0,1.0,0,True,False,False,False,True,False,False,False,False,0,0,0.34836159087233654,0,0.47394109032717474
16.0,1,0,1,1,1.0,3,1,1,0,5.707110264748875,8.357845698182103,9.0,26.0,2.0,1,False,False,False,False,False,True,False,False,False,1,0,0.4724791428346991,0,0.37425184898415415
10.0,1,0,1,1,1.25,2,1,1,1,5.860786223465865,3.713572066704308,12.0,35.0,1.0,0,True,False,True,False,False,False,False,False,False,0,0,0.3755307094919152,0,0.41295277143328457
15.0,1,0,1,1,2.0,3,1,1,0,6.2166061010848646,0.0,12.0,42.0,1.0,0,True,False,False,True,False,False,False,False,False,0,1,0.8167177552714782,1,0.7654070922425504
15.0,0,0,1,1,3.0,2,0,1,1,4.61512051684126,6.7266330027636645,5.0,42.0,1.0,1,False,True,False,False,False,False,False,False,False,0,0,0.11712148364695277,0,0.18457006119648423
14.0,1,0,1,1,1.25,3,1,1,1,6.2166061010848646,5.802118375377063,15.0,36.0,1.0,0,True,False,False,True,False,False,False,False,False,1,1,0.7457442184537739,1,0.782105644877759
16.0,1,0,1,1,1.25,3,1,1,1,6.2166061010848646,6.68586094706836,14.0,45.0,2.0,0,True,False,False,True,False,False,False,False,False,1,1,0.748804001290533,1,0.7716551519893882
8.0,0,0,1,1,1.3333333333333333,3,1,1,1,5.017279836814924,8.517393171418904,5.0,38.0,1.0,0,True,True,False,False,False,False,False,False,False,0,0,0.29941406475234134,0,0.28352471464749435
7.0,0,0,1,1,1.5,3,1,1,1,6.2166061010848646,6.034683666227958,15.0,45.0,2.0,0,True,False,False,False,False,False,True,False,False,0,1,0.5037528266016148,0,0.4505797528312109
8.0,1,0,1,1,1.2857142857142858,2,1,1,1,8.006700845440367,4.767855768265187,5.0,53.0,1.0,0,True,False,False,False,False,False,True,False,False,0,0,0.39943342135756704,0,0.3763751913624951
17.0,0,0,1,1,1.75,3,1,1,0,6.2166061010848646,6.754770585794848,8.0,46.0,1.0,0,False,False,False,True,False,False,False,False,False,1,1,0.7951870573269562,1,0.6671355243385259
9.0,0,0,1,1,2.5,3,1,1,1,6.2166061010848646,7.6783263565068856,17.0,40.0,1.0,0,True,False,False,False,False,False,False,True,False,0,1,0.5062661834339909,0,0.4918343201629564
18.0,1,0,1,1,1.6666666666666667,3,1,1,1,6.2166061010848646,0.0,3.0,54.0,1.0,1,True,True,False,False,False,False,False,False,False,1,0,0.17266986652306504,0,0.3045054169871311
12.0,1,0,1,1,1.3333333333333333,3,1,1,1,6.2166061010848646,4.483002552013883,11.0,40.0,2.0,0,True,False,False,False,False,False,False,True,False,0,0,0.4893883097577681,0,0.4875054905175191
12.0,1,0,1,1,5.0,2,0,1,0,5.303304908059076,3.4339872044851463,11.0,56.0,1.0,0,True,False,False,False,False,False,False,True,False,0,1,0.5024662028071742,0,0.4206176272704908
13.0,0,0,1,1,1.3333333333333333,2,0,0,1,5.303304908059076,9.741027444837728,9.0,42.0,1.0,0,False,False,False,True,False,False,False,False,False,1,1,0.6714925256999323,1,0.592761290068371
15.0,1,0,1,1,1.3333333333333333,3,1,1,1,8.006700845440367,9.282754052485227,17.0,55.0,1.0,0,True,False,False,False,False,False,False,False,True,0,0,0.36363076334913363,0,0.35276413931791706
15.0,0,0,1,1,0.6,3,1,1,1,6.90875477931522,7.419180722820095,11.0,45.0,1.0,0,True,False,False,False,False,False,False,True,False,0,0,0.4800223888060974,1,0.5035125295622911
13.0,0,1,1,1,2.5,3,1,1,0,6.2166061010848646,4.653960350157523,8.0,52.0,2.0,0,True,False,False,True,False,False,False,False,False,1,1,0.8634726547898343,1,0.7304655313590793
6.0,0,0,1,1,3.0,2,1,1,1,5.707110264748875,0.0,8.0,66.0,2.0,0,True,False,False,True,False,False,False,False,False,1,1,0.7524226971035219,1,0.7608376691491631
14.0,1,0,1,1,2.5,2,1,1,1,6.2166061010848646,8.006700845440367,12.0,37.0,1.0,1,False,False,False,False,False,False,False,False,False,0,0,0.2162068814267987,0,0.2706234550852084
19.0,1,0,1,1,2.5,3,1,1,1,6.2166061010848646,2.9444389791664403,11.0,41.0,2.0,1,True,False,False,False,False,False,False,True,False,0,0,0.33457646803823354,0,0.39396408577818837
13.0,0,0,1,1,1.3333333333333333,3,1,1,1,6.2166061010848646,7.824445930877619,14.0,37.0,1.0,0,True,False,False,True,False,False,False,False,False,0,1,0.7551772805785383,1,0.8468386657349527
16.0,1,1,1,1,3.0,2,0,1,1,5.993961427306569,8.006700845440367,11.0,44.0,1.0,1,False,False,False,False,True,False,False,False,False,0,0,0.17150851105452933,0,0.2032802048303269
7.0,1,0,1,1,2.5,3,1,1,1,6.2166061010848646,4.948759890378168,8.0,38.0,1.0,0,True,False,True,False,False,False,False,False,False,0,0,0.4337159709876918,0,0.3886866268361446
16.0,1,0,1,1,1.0,3,1,1,1,6.2166061010848646,0.0,12.0,65.0,1.0,0,True,False,False,False,False,False,False,True,False,1,1,0.5009103723402539,0,0.4774978994953018
6.0,1,0,1,1,6.0,3,1,1,0,6.2166061010848646,5.243509130053042,10.0,36.0,1.0,0,True,False,False,False,False,False,False,False,False,0,1,0.5450090702234428,0,0.4650575498894747
12.0,1,0,1,1,1.25,3,1,1,1,7.313886831633462,7.02197642307216,5.0,64.0,1.0,0,True,False,False,True,False,False,False,False,False,1,1,0.7421731237647753,1,0.6821036277028046
18.0,1,0,1,1,1.2,3,1,1,1,5.707110264748875,5.5254529391317835,10.0,40.0,2.0,0,True,False,False,True,False,False,False,False,False,1,1,0.7487370790101685,1,0.7674783340812563
11.0,0,0,1,1,1.6666666666666667,2,1,1,0,4.61512051684126,7.783640596221253,11.0,49.0,1.0,1,False,False,False,False,True,False,False,False,False,0,0,0.24482587159705804,0,0.19833106721440574
5.0,1,0,1,0,1.6666666666666667,3,1,1,0,6.2166061010848646,0.0,12.0,33.0,2.0,0,True,False,False,True,False,False,False,False,False,0,1,0.7748046781250107,1,0.7782155922647107
9.0,1,0,1,1,1.5,3,1,1,1,7.00397413672268,5.121977881431629,12.0,28.0,1.0,0,True,False,False,False,False,False,False,True,False,0,0,0.472191505690833,0,0.44466890186675356
10.0,1,0,1,1,1.5,3,1,1,1,6.90875477931522,5.121977881431629,6.0,48.0,1.0,0,True,False,False,True,False,False,False,False,False,1,1,0.7457484966620429,1,0.7063681141554464
15.0,1,0,1,1,5.0,3,0,0,0,6.2166061010848646,0.0,11.0,35.0,1.0,1,True,False,False,False,False,False,False,True,False,1,0,0.41284849475196167,0,0.4629539645525558
12.0,1,0,1,1,3.0,2,1,1,1,6.2166061010848646,0.0,7.0,29.0,2.0,1,False,False,True,False,False,False,False,False,False,0,0,0.22206953143778357,0,0.26749150638729924
7.0,1,0,1,1,1.5,2,1,1,1,6.2166061010848646,0.0,14.0,26.0,2.0,0,False,False,False,False,False,False,True,False,False,0,0,0.39900456680695195,0,0.3213106914348792
15.0,1,0,1,1,1.5,3,1,1,1,6.2166061010848646,2.3978952727983707,12.0,40.0,1.0,1,True,False,False,False,False,False,False,True,False,1,0,0.3347338877853254,0,0.4272569868724978
11.0,0,0,1,1,1.6666666666666667,3,1,1,1,6.2166061010848646,4.59511985013459,15.0,26.0,1.0,0,True,False,False,False,False,False,False,True,False,0,0,0.4966654302746854,0,0.41514299287117185
18.0,1,0,1,1,2.0,2,1,1,1,7.601402334583733,8.160803920954665,12.0,41.0,2.0,1,True,False,False,False,False,False,False,False,False,1,0,0.2237646277060314,0,0.31608317915862416
5.0,0,0,1,1,2.0,3,1,1,1,7.313886831633462,0.0,17.0,47.0,1.0,0,True,False,False,False,False,False,False,True,False,0,1,0.5152879774081466,0,0.4518047477664366
8.0,1,0,1,1,7.0,2,1,1,0,5.303304908059076,2.9740707767728116,8.0,33.0,1.0,0,True,False,True,False,False,False,False,False,False,0,0,0.49061197489965186,0,0.460030341822033
16.0,1,0,1,1,0.4,3,1,1,1,6.398594934535208,0.0,8.0,16.0,1.0,0,True,True,False,False,False,False,False,False,False,0,0,0.2637564115609671,0,0.30095898527756676
15.0,1,0,1,1,1.25,3,1,1,1,6.2166061010848646,3.4339872044851463,6.0,51.0,1.0,0,True,False,False,False,True,False,False,False,False,1,0,0.3421729673703805,0,0.40230378219519386
12.0,0,0,1,1,1.25,3,1,1,1,6.90875477931522,7.244941546337007,17.0,42.0,1.0,0,True,False,False,False,False,False,False,False,True,0,0,0.3925036835607224,0,0.3404375314935216
13.0,1,0,1,1,2.5,3,0,1,1,6.2166061010848646,2.70805020110221,10.0,46.0,2.0,0,True,False,False,False,False,False,False,False,False,0,0,0.3985926898284745,0,0.43388925430461067
10.0,0,0,1,1,6.0,2,0,1,1,3.9318256327243257,7.256767606585524,12.0,60.0,1.0,0,False,True,False,False,False,False,False,False,False,1,0,0.22666919531487062,0,0.34087947584467476
9.0,0,0,1,1,2.0,3,1,1,0,5.017279836814924,5.993961427306569,1.0,42.0,2.0,0,True,False,False,False,True,False,False,False,False,0,0,0.46231837006295384,0,0.42622453958505263
12.0,0,0,1,1,2.6666666666666665,3,1,1,1,6.2166061010848646,5.05783689558055,5.0,46.0,1.0,0,True,False,False,False,False,False,False,False,True,0,0,0.4039045256793388,0,0.3559186304100879
6.0,0,0,1,1,1.4,3,1,1,1,5.993961427306569,7.04216128901732,12.0,41.0,1.0,0,True,False,False,True,False,False,False,False,False,1,1,0.7678072095490416,1,0.8057794944132946
7.0,1,0,1,1,4.0,3,1,1,1,6.2166061010848646,0.0,11.0,38.0,1.0,0,False,False,False,False,False,False,True,False,False,0,0,0.46557507646976487,0,0.4419667026863807
13.0,0,0,1,1,1.6666666666666667,2,1,1,0,6.2166061010848646,6.042632833682381,12.0,32.0,2.0,0,True,False,False,False,False,False,False,False,False,0,0,0.4768191876568625,0,0.46001710277098923
11.0,0,0,1,1,1.5,3,1,1,1,6.68586094706836,8.065998231601899,10.0,53.0,2.0,0,True,False,False,False,False,False,False,True,False,1,0,0.499845102112459,1,0.5381962614796487
7.0,0,0,0,0,2.3333333333333335,2,0,1,1,3.9318256327243257,7.04216128901732,0.0,51.0,1.0,0,False,False,False,False,False,False,True,False,False,0,0,0.09679619580493451,0,0.4053224987918523
13.0,1,1,1,1,2.5,3,1,1,1,6.2166061010848646,6.90875477931522,17.0,36.0,1.0,0,True,False,False,True,False,False,False,False,False,0,1,0.797845425211136,1,0.7743961441277283
11.0,1,0,1,1,4.0,3,1,1,0,6.2166061010848646,4.330733340286331,6.0,33.0,2.0,0,True,False,False,False,False,False,True,False,False,0,1,0.5710438816035803,0,0.4950155357657248
9.0,0,0,1,1,1.3333333333333333,2,0,1,1,7.313886831633462,6.111467339502679,12.0,38.0,1.0,0,True,False,False,False,False,False,False,False,False,0,0,0.33253276025274325,0,0.2910036078304342
15.0,1,0,1,1,4.0,2,1,1,0,6.68586094706836,6.2166061010848646,12.0,40.0,2.0,0,True,False,False,True,False,False,False,False,False,1,1,0.7721492984599565,1,0.7124044511227826
9.0,1,1,1,1,1.3333333333333333,3,1,1,1,6.2166061010848646,6.957497370876951,12.0,30.0,1.0,0,True,False,False,False,True,False,False,False,False,0,0,0.40276385140121496,0,0.49422622686680556
6.0,0,0,1,0,1.4,2,1,1,1,7.313886831633462,7.670361888840676,5.0,65.0,2.0,0,True,False,True,False,False,False,False,False,False,1,0,0.3140645842354305,0,0.3946517385825722
8.0,1,0,1,1,2.5,3,1,1,1,7.313886831633462,0.0,17.0,61.0,1.0,0,True,False,False,True,False,False,False,False,False,1,1,0.7650561575444602,1,0.7586091705566125
16.0,1,0,1,1,2.0,3,1,1,1,7.313886831633462,0.0,17.0,37.0,1.0,0,True,False,False,False,False,False,False,True,False,1,0,0.4763886507637593,0,0.468292787572647
15.0,0,1,1,1,4.0,3,1,1,0,6.2166061010848646,0.0,3.0,45.0,2.0,0,True,False,False,False,False,False,False,True,False,1,1,0.6672456542057726,1,0.5996435271617953
18.0,1,0,1,1,1.75,3,1,1,1,6.2166061010848646,3.780937598531884,12.0,47.0,1.0,0,True,False,False,False,True,False,False,False,False,1,0,0.3401783134394858,0,0.4629372064946189
7.0,0,0,1,1,1.6666666666666667,3,1,1,1,6.2166061010848646,6.90875477931522,12.0,36.0,2.0,0,True,False,False,True,False,False,False,False,False,1,1,0.7664149323620988,1,0.7847385374453535
13.0,1,0,1,1,5.0,2,1,1,0,6.2166061010848646,6.880384082186005,12.0,37.0,1.0,0,True,False,True,False,False,False,False,False,False,1,0,0.4612791989142837,1,0.5125327409440559
7.0,0,0,1,1,3.0,3,1,1,1,6.2166061010848646,0.0,12.0,43.0,1.0,0,True,False,True,False,False,False,False,False,False,0,0,0.46483810719373564,0,0.4140146638677297
7.0,0,0,1,1,2.5,3,1,1,0,6.2166061010848646,0.0,9.0,30.0,1.0,0,True,False,False,False,False,False,True,False,False,0,1,0.5912766776036499,1,0.506389799459814
19.0,0,1,1,1,1.5,3,1,0,1,5.993961427306569,0.0,11.0,19.0,2.0,0,False,False,False,False,False,False,False,False,False,0,1,0.5082938320166832,1,0.5414625662494987
7.0,0,0,1,1,2.0,3,1,1,1,7.601402334583733,6.598963058134234,11.0,37.0,1.0,0,True,False,False,False,False,False,False,True,False,0,0,0.4853182953241172,1,0.5081295036833005
7.0,0,0,1,1,2.0,2,1,1,1,6.2166061010848646,6.68586094706836,8.0,63.0,2.0,0,True,False,False,True,False,False,False,False,False,1,1,0.7323025504242772,1,0.7565761083009827
15.0,1,0,1,1,1.0,3,1,1,1,6.2166061010848646,7.346655163176539,8.0,63.0,1.0,0,True,False,False,False,False,True,False,False,False,1,1,0.5815022567569884,1,0.5549142079433845
17.0,0,0,1,1,7.0,3,1,1,0,6.2166061010848646,5.404606022778685,10.0,35.0,2.0,1,True,False,False,True,False,False,False,False,False,1,1,0.7170953740850173,1,0.725774979130676
17.0,0,0,1,1,0.75,2,1,1,1,6.2166061010848646,0.0,13.0,20.0,2.0,0,True,False,True,False,False,False,False,False,False,1,0,0.37572003579473784,0,0.4008656689175769
11.0,1,0,1,1,2.5,3,1,1,1,6.2166061010848646,0.0,12.0,38.0,1.0,0,True,False,False,False,True,False,False,False,False,1,0,0.3547854221517251,0,0.43804417826446274
11.0,1,0,1,1,3.5,1,1,1,0,5.707110264748875,6.062788033933216,9.0,32.0,1.0,0,False,False,False,False,False,False,False,False,True,1,0,0.33827791207782815,1,0.5276680462181647
13.0,0,0,1,1,1.0,3,1,1,1,6.2166061010848646,0.0,5.0,35.0,2.0,0,False,False,False,False,False,False,True,False,False,0,0,0.4594060079702337,0,0.4653183833925325
14.0,0,0,1,1,5.0,3,1,1,1,6.2166061010848646,4.143134726391533,12.0,45.0,2.0,1,True,False,False,False,False,False,False,False,True,0,0,0.27736859665364805,0,0.337069560510634
10.0,0,0,1,1,1.0,3,1,1,1,6.2166061010848646,0.0,12.0,39.0,2.0,0,True,False,False,True,False,False,False,False,False,1,1,0.772012737647482,1,0.8099362628635327
11.0,0,0,1,1,2.5,3,1,1,1,6.2166061010848646,0.0,8.0,30.0,1.0,0,True,False,False,False,False,False,False,True,False,0,1,0.5054741179057205,0,0.4506905840087919
14.0,1,0,1,1,2.0,2,0,1,0,5.303304908059076,6.7266330027636645,1.0,61.0,2.0,0,False,True,False,False,False,False,False,False,False,0,0,0.25383561995417875,0,0.3500602220419697
12.0,1,0,1,1,1.1666666666666667,3,1,1,1,6.90875477931522,0.0,12.0,58.0,1.0,0,True,False,False,False,False,False,False,True,False,0,0,0.49465788670418437,0,0.4495879414239093
14.0,1,0,1,1,0.75,2,1,1,1,6.55250788703459,4.61512051684126,0.0,47.0,2.0,0,True,False,True,False,False,False,False,False,False,0,0,0.3603386022087213,0,0.4571068000067314
11.0,1,0,1,1,1.0,3,1,1,1,6.2166061010848646,0.0,15.0,43.0,2.0,0,True,False,True,False,False,False,False,False,False,0,0,0.44407423298323895,0,0.37869361901358906
9.0,0,1,1,1,1.6666666666666667,2,1,1,0,6.2166061010848646,8.328692583545568,6.0,33.0,1.0,0,False,False,False,False,True,False,False,False,False,0,0,0.41304482612967686,0,0.2703705658616706
8.0,0,0,1,1,1.0,2,1,1,1,6.90875477931522,6.68586094706836,17.0,46.0,1.0,0,True,False,True,False,False,False,False,False,False,1,0,0.3823162927160828,0,0.4055508535255193
17.0,1,0,1,1,3.0,3,1,1,1,6.803505257608338,5.017279836814924,10.0,44.0,1.0,0,True,False,False,False,False,False,False,False,True,0,0,0.3776902354705414,0,0.31876228141798785
11.0,0,0,1,1,4.0,3,0,1,1,7.0909098220799835,6.803505257608338,14.0,38.0,1.0,0,True,False,False,False,False,False,False,True,False,0,0,0.44520158028019907,0,0.46191130031454297
9.0,0,0,1,1,2.0,3,1,1,1,6.2166061010848646,0.0,12.0,31.0,2.0,0,True,False,False,False,False,False,True,False,False,0,1,0.5032843470205351,0,0.41622897671272446
10.0,1,1,1,1,4.0,3,1,1,1,6.68586094706836,4.836281906951478,2.0,39.0,1.0,0,True,False,False,False,False,False,False,True,False,1,1,0.5516667491652233,1,0.5314952096846415
12.0,1,0,1,1,4.0,2,1,1,1,6.2166061010848646,8.922791623969637,7.0,28.0,2.0,0,True,True,False,False,False,False,False,False,False,0,0,0.22986841794431212,0,0.2707047971151761
14.0,1,0,1,1,1.3333333333333333,3,0,1,0,5.303304908059076,9.632400353656184,0.0,70.0,1.0,0,False,True,False,False,False,False,False,False,False,0,0,0.2952833643048881,0,0.3038629810482701
6.0,0,0,1,1,1.0,3,1,1,1,6.2166061010848646,9.721225993942246,17.0,33.0,2.0,0,True,False,True,False,False,False,False,False,False,1,0,0.4440635526911817,0,0.425641542659355
13.0,1,0,1,1,1.6666666666666667,3,1,1,0,6.2166061010848646,5.303304908059076,5.0,44.0,1.0,0,True,False,False,False,False,False,False,True,False,0,1,0.5715809659105806,1,0.5521475191238359
8.0,1,0,1,1,2.6666666666666665,2,0,1,1,6.2166061010848646,2.772588722239781,4.0,36.0,2.0,0,True,False,True,False,False,False,False,False,False,0,0,0.3344618913289718,0,0.3305774841627407
6.0,1,0,1,1,2.0,3,1,1,0,6.2166061010848646,9.076923258535832,12.0,42.0,2.0,0,True,True,False,False,False,False,False,False,False,1,0,0.36735029343917175,0,0.3630078735952862
16.0,1,0,1,1,5.0,2,1,0,1,5.303304908059076,2.740840023925201,6.0,50.0,1.0,1,True,False,False,False,False,False,False,False,False,0,0,0.2844090838471187,0,0.41151668077639714
18.0,0,0,1,1,0.8333333333333334,2,1,1,1,7.601402334583733,6.133398042996649,12.0,52.0,1.0,0,True,False,False,True,False,False,False,False,False,1,1,0.6930235883268692,1,0.7001234785173645
8.0,1,0,1,1,2.0,2,0,1,0,6.2166061010848646,9.028138807982804,8.0,46.0,1.0,0,False,True,False,False,False,False,False,False,False,0,0,0.24254854107824103,0,0.22375044297620914
9.0,0,1,1,1,1.0,3,1,1,1,6.2166061010848646,7.419180722820095,17.0,42.0,1.0,0,True,False,False,True,False,False,False,False,False,0,1,0.8099379451299663,1,0.8270152397895885
12.0,1,1,1,1,1.75,2,1,1,1,6.2166061010848646,5.993961427306569,1.0,67.0,1.0,0,False,False,False,True,False,False,False,False,False,1,1,0.7386271774461749,1,0.6566159984380429
15.0,0,0,1,1,2.5,2,1,1,1,5.5254529391317835,6.68586094706836,0.0,49.0,2.0,0,False,True,False,False,False,False,False,False,False,0,0,0.22591346778017402,0,0.22092559744228854
9.0,1,0,1,1,1.6666666666666667,3,1,1,1,6.90875477931522,0.0,17.0,39.0,1.0,0,True,False,False,False,False,False,False,False,True,0,0,0.39616352723209247,0,0.3550570317318991
13.0,1,0,1,1,2.0,3,1,1,1,6.2166061010848646,0.0,12.0,29.0,2.0,0,True,False,False,False,False,False,False,True,False,0,0,0.49270988424386397,0,0.44822739483558854
7.0,1,1,1,1,1.5,2,1,1,0,5.303304908059076,7.790558166695303,12.0,42.0,1.0,0,False,True,False,False,False,False,False,False,False,0,0,0.3535952384597391,0,0.20275442245920086
17.0,0,0,1,1,1.5,3,1,1,1,6.90875477931522,0.0,12.0,41.0,1.0,0,True,False,False,False,False,False,False,True,False,1,0,0.4920938555202337,1,0.5030067674476986
8.0,1,0,1,1,1.0,3,1,1,1,7.313886831633462,6.398594934535208,5.0,65.0,2.0,0,True,False,False,False,False,False,False,True,False,0,0,0.4867582586852278,0,0.47347228919676154
5.0,0,0,1,1,1.3333333333333333,3,1,1,1,6.2166061010848646,6.957497370876951,12.0,36.0,1.0,0,True,False,False,True,False,False,False,False,False,0,1,0.764723478114512,1,0.7949970104488853
11.0,1,1,1,1,3.0,3,1,1,1,6.111467339502679,0.0,12.0,28.0,1.0,0,True,False,False,False,True,False,False,False,False,1,0,0.4177464739283487,1,0.5523541392473742
15.0,0,0,1,1,2.0,2,0,0,1,6.90875477931522,6.439350371100098,5.0,46.0,1.0,0,True,False,False,False,False,False,False,False,False,0,0,0.3560834682643383,0,0.3669742169225504
7.0,1,0,1,1,1.6666666666666667,2,0,1,0,6.2166061010848646,7.2875606403097235,4.0,34.0,1.0,0,True,False,False,True,False,False,False,False,False,0,1,0.7331795229500214,1,0.625417950530618
12.0,1,0,1,1,3.5,2,0,1,1,4.61512051684126,5.880931949102981,3.0,51.0,1.0,1,False,False,False,False,False,False,True,False,False,0,0,0.23311429008296583,0,0.33751378868062054
5.0,1,0,1,0,2.5,2,1,1,1,5.303304908059076,6.90875477931522,12.0,38.0,1.0,0,False,False,False,False,False,False,True,False,False,0,0,0.33138463416045827,0,0.3066043337266126
14.0,1,0,1,1,1.0,3,1,1,1,6.2166061010848646,7.313886831633462,1.0,56.0,2.0,0,True,False,False,False,False,False,False,False,False,0,0,0.43099502082109803,0,0.44606159564979786
16.0,1,0,1,1,0.8333333333333334,3,1,1,1,6.2166061010848646,4.795790545596741,12.0,57.0,1.0,0,True,False,False,False,True,False,False,False,False,1,0,0.34409549481881935,0,0.407091274732146
9.0,0,0,1,1,2.5,3,1,1,1,7.0909098220799835,0.0,12.0,47.0,2.0,0,True,False,False,False,False,False,False,True,False,0,1,0.5142200493678531,1,0.5096927546527281
16.0,1,0,1,1,1.0,1,1,1,0,6.90875477931522,7.419180722820095,10.0,38.0,1.0,1,False,False,False,False,False,False,False,True,False,0,0,0.2639971552784753,0,0.25606581184166716
5.0,1,0,1,0,1.6666666666666667,3,1,1,1,6.2166061010848646,4.61512051684126,14.0,39.0,2.0,0,True,False,True,False,False,False,False,False,False,0,0,0.36761187426718234,0,0.38518982201106305
17.0,0,0,1,1,3.0,2,1,1,0,6.2166061010848646,4.948759890378168,11.0,37.0,1.0,0,True,False,True,False,False,False,False,False,False,0,0,0.4659458504929861,1,0.5074548038534885
17.0,1,0,1,1,6.0,2,1,1,0,6.2166061010848646,6.503789046997708,12.0,38.0,1.0,0,True,False,False,True,False,False,False,False,False,1,1,0.7742560967213535,1,0.7330722555135292
10.0,0,1,1,1,1.3333333333333333,2,0,1,0,4.61512051684126,7.8636512654486515,5.0,45.0,1.0,1,False,False,True,False,False,False,False,False,False,0,0,0.328240143478584,0,0.23034821041269748
17.0,0,0,1,1,1.25,3,1,1,1,6.2166061010848646,3.8066624897703196,14.0,39.0,1.0,0,True,False,False,False,False,False,True,False,False,1,0,0.48171771194821766,0,0.43096243245583266
9.0,0,0,1,1,6.0,2,1,0,0,6.2166061010848646,9.504079066010494,12.0,61.0,1.0,0,True,False,False,False,False,False,False,False,False,1,1,0.5321582975586631,0,0.4861941100253462
8.0,1,0,1,1,3.0,2,0,1,0,4.394449154672439,6.803505257608338,3.0,32.0,2.0,1,False,False,False,False,False,False,True,False,False,1,0,0.30455322501548004,0,0.4670940473583881
19.0,0,0,1,1,0.75,3,1,1,1,9.210440366976517,0.0,7.0,53.0,2.0,0,True,False,False,False,False,False,False,True,False,0,0,0.46318124265205424,0,0.49603676241845684
15.0,1,0,1,1,1.0,2,1,1,1,5.303304908059076,7.147559271189454,4.0,52.0,1.0,1,True,False,True,False,False,False,False,False,False,0,0,0.24026462070086427,0,0.33884640171588976
10.0,1,0,1,1,2.5,3,1,1,1,5.707110264748875,7.0909098220799835,12.0,37.0,1.0,0,False,False,False,True,False,False,False,False,False,0,1,0.7318742179121286,1,0.6395435542268672
12.0,1,0,1,1,0.6666666666666666,3,1,1,1,7.601402334583733,0.0,17.0,79.0,2.0,0,True,False,False,False,False,False,False,True,False,0,1,0.5039901866740117,0,0.4426831467311574
10.0,0,0,1,1,1.6666666666666667,3,1,1,1,6.2166061010848646,4.2626798770413155,12.0,39.0,1.0,0,True,False,False,True,False,False,False,False,False,1,1,0.7644178605165742,1,0.7623276907150449
16.0,0,0,1,1,1.25,2,1,1,1,5.303304908059076,7.438971592395862,7.0,42.0,1.0,0,True,False,True,False,False,False,False,False,False,0,0,0.3807712925480765,0,0.392979541951654
13.0,0,0,1,1,2.5,3,1,1,1,6.398594934535208,7.8636512654486515,2.0,60.0,1.0,1,True,False,False,False,False,False,False,True,False,1,0,0.3461866120592152,0,0.4543822742894698
11.0,0,0,1,1,1.25,2,1,1,1,5.303304908059076,0.0,12.0,38.0,1.0,0,False,False,True,False,False,False,False,False,False,1,0,0.373585601778947,0,0.3614256164957099
11.0,1,0,1,1,1.3333333333333333,3,1,1,1,6.2166061010848646,7.719129840906732,10.0,30.0,1.0,0,True,False,False,False,False,False,False,False,True,1,0,0.37721589965662367,0,0.41515778972910833
8.0,0,0,1,1,1.0,3,1,1,1,6.2166061010848646,7.448722059660114,12.0,46.0,1.0,0,True,False,False,False,False,False,False,False,True,1,0,0.40568193921276463,0,0.324581443645603
14.0,0,0,1,1,0.6,3,1,1,1,6.2166061010848646,0.0,17.0,51.0,2.0,0,True,False,False,True,False,False,False,False,False,0,1,0.7738032320837424,1,0.7489589503579654
11.0,1,0,1,1,1.3333333333333333,3,1,1,1,6.90875477931522,3.4339872044851463,12.0,44.0,2.0,0,True,False,False,False,False,False,False,True,False,1,0,0.48670100787369,0,0.4890362922203384
12.0,0,0,1,1,1.75,3,1,1,1,6.2166061010848646,5.371966049571182,12.0,33.0,2.0,0,True,False,False,True,False,False,False,False,False,1,1,0.7614240417333487,1,0.7777880328052948
14.0,1,0,1,1,0.8,3,1,1,1,7.496097345175956,0.0,17.0,41.0,2.0,0,True,False,False,False,False,False,False,True,False,1,0,0.4803977579405018,0,0.47308660817680687
15.0,1,1,1,1,1.0,3,1,1,1,6.111467339502679,0.0,17.0,47.0,1.0,0,True,False,False,True,False,False,False,False,False,1,1,0.8061229328935084,1,0.8427612276527837
19.0,0,0,1,1,1.3333333333333333,3,1,1,1,4.795790545596741,3.258096538021482,3.0,68.0,1.0,0,True,False,False,False,False,False,True,False,False,0,1,0.5080824096095927,0,0.4686502517471186
11.0,0,0,1,1,4.0,3,1,1,1,6.2166061010848646,0.0,15.0,31.0,2.0,0,False,False,False,False,False,False,True,False,False,1,0,0.47681855886331764,0,0.45268793045539596
17.0,1,0,1,1,0.8,3,1,1,1,6.7464121285733745,0.0,15.0,49.0,1.0,0,True,False,False,True,False,False,False,False,False,1,1,0.7495554308375975,1,0.7593557892836091
19.0,1,0,1,1,1.0,3,1,1,1,7.0909098220799835,6.559615237493242,12.0,43.0,1.0,1,True,False,False,False,False,False,False,True,False,0,0,0.311640988674583,0,0.35993943215008045
9.0,0,0,1,1,2.5,3,1,1,1,6.2166061010848646,4.2626798770413155,11.0,31.0,1.0,0,True,False,False,False,False,False,False,True,False,1,1,0.5033488605895776,1,0.5077027576444949
9.0,1,0,1,1,1.25,3,1,1,1,6.2166061010848646,3.044522437723423,14.0,31.0,1.0,0,True,False,False,False,False,False,False,True,False,0,0,0.4892308457381807,0,0.42958699842441755
16.0,0,0,1,1,2.5,3,0,1,0,6.2166061010848646,4.61512051684126,1.0,37.0,1.0,0,True,False,False,False,False,False,False,False,False,0,0,0.4783697441256967,0,0.4656139521291604
18.0,0,0,1,1,1.0,3,1,1,1,6.90875477931522,7.033800385832796,5.0,44.0,1.0,0,True,False,False,False,False,True,False,False,False,0,1,0.5694367061348167,1,0.5601322432253818
10.0,1,0,1,1,8.0,1,0,1,0,3.9318256327243257,6.26530121273771,2.0,43.0,1.0,0,False,False,True,False,False,False,False,False,False,0,0,0.36710972128780134,0,0.37122304969637127
14.0,0,0,1,1,2.25,3,0,1,0,5.707110264748875,0.0,3.0,40.0,1.0,0,False,False,False,False,False,False,False,False,False,1,0,0.4683985735211973,1,0.6276978649557277
9.0,1,0,1,1,3.0,3,1,1,1,6.2166061010848646,0.0,12.0,31.0,2.0,0,True,False,False,False,True,False,False,False,False,1,0,0.3597645959599005,0,0.4350324181399461
11.0,0,0,1,1,1.3333333333333333,3,1,1,1,6.2166061010848646,0.0,12.0,46.0,1.0,0,True,False,True,False,False,False,False,False,False,0,0,0.45472247620932016,0,0.40444443403841973
5.0,0,0,1,0,7.0,1,0,1,0,5.017279836814924,0.0,9.0,30.0,1.0,0,False,False,False,False,False,False,False,True,False,1,0,0.36173260348010366,0,0.37695806550201527
6.0,0,0,1,1,1.0,3,1,1,1,6.398594934535208,7.550135342488429,8.0,51.0,1.0,0,True,False,False,True,False,False,False,False,False,1,1,0.7644105802789866,1,0.766372239044818
14.0,1,1,1,1,3.0,2,1,1,1,5.303304908059076,6.503789046997708,10.0,39.0,2.0,0,False,False,False,False,True,False,False,False,False,0,0,0.3351087244163173,0,0.2443386071311765
10.0,0,0,1,1,3.5,2,1,1,1,5.017279836814924,6.572682063274631,10.0,37.0,1.0,0,False,False,False,False,True,False,False,False,False,0,0,0.2934549505847962,0,0.21219264870571614
5.0,1,0,1,0,1.5,3,1,1,1,5.707110264748875,6.034683666227958,12.0,48.0,1.0,0,True,False,False,True,False,False,False,False,False,1,1,0.703918378942541,1,0.7967754705424991
11.0,1,0,1,1,1.0,3,1,1,1,6.803505257608338,0.0,15.0,47.0,1.0,0,True,False,True,False,False,False,False,False,False,0,0,0.434000484782064,0,0.3682748442576345
12.0,0,0,1,1,1.75,3,1,1,1,8.006700845440367,5.190573059534934,9.0,39.0,1.0,1,True,False,False,True,False,False,False,False,False,1,1,0.6046369447578047,1,0.7315793852027828
14.0,1,0,1,1,2.0,3,1,1,1,6.90875477931522,0.0,17.0,54.0,1.0,0,True,False,False,False,False,False,False,True,False,0,0,0.49511941066997756,0,0.4607470978307267
18.0,0,0,1,1,1.0,3,1,1,1,6.2166061010848646,8.72029728739272,11.0,54.0,1.0,0,True,False,False,True,False,False,False,False,False,1,1,0.7526692696708449,1,0.776547338925996
10.0,1,1,1,1,8.0,3,1,1,1,4.61512051684126,2.9831534913471307,3.0,40.0,1.0,0,True,False,False,False,False,False,True,False,False,1,1,0.5845991414434382,1,0.5181075717140899
6.0,1,0,1,0,2.0,2,1,1,0,2.3978952727983707,6.2166061010848646,12.0,42.0,2.0,0,False,False,False,False,False,True,False,False,False,1,1,0.5696223341397283,1,0.5091681680711083
14.0,0,0,1,1,1.2,2,1,1,1,7.313886831633462,0.0,14.0,46.0,1.0,0,True,False,True,False,False,False,False,False,False,0,0,0.37832620788644217,0,0.4161469708834044
9.0,0,0,1,1,1.25,2,1,1,1,6.398594934535208,0.0,6.0,26.0,1.0,0,False,True,False,False,False,False,False,False,False,0,0,0.22132589477287148,0,0.21637982126794392
18.0,0,1,1,1,2.0,3,1,1,1,6.2166061010848646,8.621733370690162,11.0,40.0,2.0,1,True,False,False,True,False,False,False,False,False,1,1,0.6818571412922114,1,0.6341192736307
5.0,0,0,1,0,5.0,3,1,1,0,6.2166061010848646,4.07753744390572,12.0,32.0,2.0,0,True,False,False,True,False,False,False,False,False,1,1,0.7862421758400411,1,0.7964281439730136
9.0,1,0,1,1,2.0,3,1,1,0,6.2166061010848646,4.948759890378168,10.0,57.0,1.0,0,True,False,True,False,False,False,False,False,False,0,1,0.532201808405137,0,0.4994511443523929
9.0,1,0,1,1,1.5,2,1,1,1,8.517393171418904,8.006700845440367,15.0,41.0,1.0,0,True,False,False,False,False,True,False,False,False,0,0,0.49365526373183427,0,0.4231157369240396
12.0,1,0,1,1,2.0,1,1,1,0,5.707110264748875,8.412054873292933,6.0,47.0,1.0,0,False,False,False,False,False,True,False,False,False,1,1,0.5247967658769509,0,0.4893057990496853
7.0,1,0,1,1,2.0,3,1,1,1,6.2166061010848646,4.61512051684126,5.0,46.0,2.0,0,True,False,True,False,False,False,False,False,False,0,0,0.4397970590921029,0,0.3983593728586436
11.0,1,0,1,1,0.6666666666666666,3,1,1,1,6.2166061010848646,7.313886831633462,17.0,39.0,2.0,0,True,True,False,False,False,False,False,False,False,0,0,0.28116699437320647,0,0.23445227144219907
10.0,0,0,1,1,1.25,3,1,1,1,7.601402334583733,0.0,17.0,40.0,1.0,0,True,False,False,False,False,False,False,True,False,1,0,0.4965801282944746,0,0.4472319369031583
17.0,1,0,1,1,2.0,2,1,1,0,6.398594934535208,7.550135342488429,12.0,42.0,1.0,1,False,False,False,True,False,False,False,False,False,0,1,0.6036800511893057,1,0.6168993965735416
13.0,1,0,1,0,1.6666666666666667,2,1,1,1,7.0909098220799835,8.052296499538647,16.0,49.0,1.0,0,False,False,False,False,False,False,False,False,True,0,0,0.23438212612677117,0,0.3126165680316527
10.0,1,1,1,1,0.8,3,1,1,1,6.90875477931522,6.024657514463746,2.0,68.0,1.0,0,True,False,False,True,False,False,False,False,False,0,1,0.797849535200344,1,0.6672750562422484
18.0,0,0,1,1,1.0,3,1,1,1,5.993961427306569,6.90875477931522,11.0,48.0,1.0,0,True,False,False,False,False,False,False,True,False,0,0,0.4913971985138614,1,0.5601621783072246
8.0,1,0,1,1,1.3333333333333333,3,1,1,1,6.2166061010848646,5.420534999272286,7.0,60.0,1.0,0,True,False,False,False,False,False,False,True,False,0,0,0.4985279620012176,0,0.4652039111599069
15.0,1,0,1,1,1.3333333333333333,3,1,1,1,5.993961427306569,0.0,7.0,29.0,1.0,0,True,False,False,True,False,False,False,False,False,1,1,0.7480305943902256,1,0.7861113103864555
15.0,1,0,1,1,4.0,2,0,0,0,6.2166061010848646,0.0,10.0,38.0,2.0,0,True,False,False,False,False,False,False,False,False,0,0,0.46018438568248426,0,0.37354931795608237
13.0,0,1,1,1,2.5,3,1,1,1,6.2166061010848646,7.0909098220799835,12.0,45.0,1.0,0,True,False,False,True,False,False,False,False,False,1,1,0.8079802912429065,1,0.7492623549909458
9.0,0,0,1,1,1.5,3,1,1,1,6.2166061010848646,0.0,12.0,36.0,2.0,0,True,False,False,False,False,True,False,False,False,1,1,0.6123662573750587,1,0.5283491876181309
11.0,1,1,1,1,1.5,3,1,1,1,6.90875477931522,0.0,17.0,44.0,1.0,0,True,False,False,False,True,False,False,False,False,1,0,0.4151201699862894,1,0.562017599806695
8.0,0,0,1,1,2.5,3,1,1,1,6.90875477931522,8.881975184248867,5.0,41.0,1.0,0,False,False,False,False,False,False,False,False,True,1,0,0.3614323943859973,1,0.5277003619136775
10.0,1,0,1,1,4.0,2,0,1,0,3.9318256327243257,8.006700845440367,7.0,28.0,1.0,0,False,False,True,False,False,False,False,False,False,0,0,0.40380357693997593,0,0.3002490420473814
17.0,0,0,1,1,3.0,3,1,0,0,6.2166061010848646,0.0,0.0,40.0,1.0,0,False,False,False,False,False,True,False,False,False,0,1,0.6763136369835254,1,0.5073120546081714
15.0,0,0,1,1,1.0,3,1,1,1,6.2166061010848646,0.0,17.0,42.0,1.0,0,True,False,False,True,False,False,False,False,False,1,1,0.7665605927630521,1,0.8485570782253297
17.0,0,0,1,1,6.0,2,1,1,0,5.707110264748875,4.17694809075731,12.0,38.0,1.0,1,False,False,False,True,False,False,False,False,False,1,1,0.641934181182195,1,0.6716401809495174
7.0,1,0,1,1,2.0,3,1,1,1,6.90875477931522,0.0,17.0,35.0,2.0,0,True,False,True,False,False,False,False,False,False,1,0,0.4412992761017503,0,0.3998758611649064
10.0,1,0,1,1,2.0,3,1,1,1,6.2166061010848646,0.0,4.0,32.0,2.0,0,True,False,False,True,False,False,False,False,False,1,1,0.756706263145211,1,0.7209896995757574
19.0,1,0,1,1,0.8333333333333334,3,1,1,1,6.2166061010848646,0.0,12.0,40.0,1.0,0,True,True,False,False,False,False,False,False,False,0,0,0.2760376981826043,0,0.2592621937478199
16.0,0,0,1,1,6.0,3,0,1,0,6.2166061010848646,0.0,10.0,26.0,1.0,0,True,False,False,False,False,False,False,False,False,1,0,0.4981326551835645,0,0.4578230861810959
8.0,0,0,1,1,3.0,3,1,1,1,6.2166061010848646,6.503789046997708,12.0,31.0,2.0,0,True,False,False,False,True,False,False,False,False,0,0,0.3633272828879185,0,0.37007151136255295
12.0,1,0,1,1,4.0,3,0,0,0,6.2166061010848646,0.0,9.0,61.0,2.0,0,True,False,False,False,False,False,False,False,False,1,1,0.5375365029265224,0,0.42840818083045096
18.0,1,0,1,1,1.0,3,1,1,1,6.2166061010848646,7.601402334583733,12.0,52.0,2.0,0,True,False,True,False,False,False,False,False,False,0,0,0.42129054284666906,0,0.4552156898382075
15.0,0,0,1,1,1.3333333333333333,3,1,1,1,6.2166061010848646,7.496097345175956,12.0,48.0,1.0,0,True,False,False,True,False,False,False,False,False,1,1,0.7568453175347893,1,0.8228315862048102
16.0,1,1,1,1,1.0,3,1,1,1,7.313886831633462,0.0,14.0,53.0,1.0,0,True,False,False,True,False,False,False,False,False,1,1,0.7954978291194426,1,0.7936148165544921
12.0,1,0,1,1,2.5,1,1,1,0,7.170888478512505,7.0909098220799835,8.0,40.0,1.0,0,False,False,False,False,False,False,False,True,False,0,0,0.4096268251246195,0,0.2768245778564765
11.0,1,0,1,1,2.6666666666666665,2,0,1,1,6.2166061010848646,2.772588722239781,4.0,36.0,2.0,0,True,False,True,False,False,False,False,False,False,0,0,0.32999794033792806,0,0.32516744610995096
11.0,0,0,1,1,1.5,3,1,1,1,5.707110264748875,3.258096538021482,11.0,44.0,2.0,0,True,False,False,True,False,False,False,False,False,1,1,0.7739542710585748,1,0.8256466260770228
7.0,0,0,1,1,1.5,3,1,1,1,6.2166061010848646,7.196187070324464,13.0,40.0,1.0,0,True,False,False,True,False,False,False,False,False,1,1,0.7645383364015041,1,0.8539307175379328
19.0,1,0,1,1,1.0,2,1,1,1,6.2166061010848646,0.0,12.0,19.0,1.0,1,True,False,True,False,False,False,False,False,False,0,0,0.22670177908476374,0,0.2579480515341934
14.0,1,0,1,1,1.25,2,1,1,1,5.707110264748875,6.950239890588293,12.0,46.0,1.0,1,True,False,True,False,False,False,False,False,False,0,0,0.23990646229119772,0,0.37433066610520976
16.0,0,0,1,1,1.25,3,1,1,1,7.601402334583733,0.0,15.0,41.0,2.0,0,True,False,True,False,False,False,False,False,False,1,0,0.4313444445605754,0,0.3906255442488893
16.0,1,1,1,1,3.0,2,0,1,1,5.303304908059076,6.2166061010848646,1.0,58.0,1.0,0,False,False,False,False,False,False,True,False,False,0,0,0.4136128086986502,0,0.4516093343912
15.0,1,0,1,1,1.0,3,1,1,1,5.707110264748875,6.341534391994578,15.0,65.0,1.0,0,True,False,False,True,False,False,False,False,False,0,1,0.7608292269352748,1,0.7526841607094731
14.0,1,0,1,1,1.6666666666666667,3,1,1,1,6.2166061010848646,0.0,5.0,47.0,2.0,0,True,False,False,False,False,False,False,True,False,0,0,0.49551221402418133,0,0.4732312802502332
15.0,1,0,1,1,1.3333333333333333,3,1,1,1,6.85751406254539,7.313886831633462,5.0,40.0,1.0,0,True,False,False,False,False,False,False,False,True,0,0,0.3656735805160854,0,0.3888921467538172
11.0,1,0,1,1,6.0,1,0,0,0,2.3978952727983707,8.33511160582689,12.0,24.0,1.0,1,False,False,False,False,False,True,False,False,False,0,0,0.3999994617109464,0,0.34158128292799134
7.0,0,0,1,1,1.3333333333333333,2,0,1,1,4.61512051684126,6.621405651764134,7.0,46.0,1.0,0,False,False,False,False,False,False,True,False,False,1,0,0.3763956008944891,0,0.39762876998626673
16.0,1,0,1,1,1.5,3,0,1,1,6.2166061010848646,6.398594934535208,3.0,39.0,2.0,0,True,False,False,False,True,False,False,False,False,0,0,0.290159239233948,0,0.3604700779925659
17.0,0,0,1,1,1.3333333333333333,3,1,1,1,6.2166061010848646,0.0,15.0,33.0,1.0,0,True,True,False,False,False,False,False,False,False,0,0,0.2903499986558316,0,0.25999404823823996
13.0,0,0,1,1,2.5,2,1,1,0,6.2166061010848646,6.07073772800249,12.0,37.0,1.0,0,True,False,False,False,False,False,False,False,False,1,0,0.4777084409338738,0,0.4829489279965594
5.0,1,0,1,0,1.75,3,1,1,0,6.2166061010848646,3.5221499920798176,14.0,47.0,2.0,0,True,False,False,False,False,False,False,True,False,1,1,0.5221102015019177,1,0.5037936927455244
8.0,1,0,1,1,1.6666666666666667,2,1,1,1,6.2166061010848646,6.8679744089702925,12.0,42.0,1.0,0,True,False,True,False,False,False,False,False,False,1,0,0.3735051356318627,0,0.4191628295800852
8.0,1,0,1,1,4.0,3,1,1,1,6.2166061010848646,0.0,12.0,35.0,1.0,0,True,False,True,False,False,False,False,False,False,0,0,0.44711932463838455,0,0.37622606857551316
16.0,1,0,1,1,1.3333333333333333,3,1,1,1,5.707110264748875,6.26530121273771,12.0,41.0,1.0,0,True,False,False,True,False,False,False,False,False,1,1,0.7485664522692038,1,0.8091165343511748
14.0,0,0,1,1,0.5,3,1,1,0,7.496097345175956,11.002116507732017,12.0,31.0,2.0,0,True,False,False,False,False,False,False,False,False,0,1,0.5037850610612217,0,0.4772930527742083
9.0,1,0,1,1,5.0,2,1,0,0,6.2166061010848646,3.713572066704308,5.0,37.0,1.0,0,True,False,False,False,False,False,False,False,False,1,1,0.5066191599210084,1,0.5001353553248161
15.0,0,0,1,1,2.0,2,1,1,1,6.2166061010848646,4.9003242732785735,17.0,40.0,1.0,1,True,False,False,False,False,False,False,False,False,1,0,0.25516715535003576,0,0.46674305164929963
7.0,1,1,1,1,1.0,2,1,1,1,4.61512051684126,7.7696602203297,12.0,24.0,1.0,0,False,False,False,False,False,False,True,False,False,0,0,0.46513503023048247,0,0.3238051741104257
13.0,1,0,1,1,1.0,3,1,1,0,7.0909098220799835,6.503789046997708,3.0,45.0,2.0,0,True,True,False,False,False,False,False,False,False,1,0,0.3431410767276137,0,0.47969314411001895
10.0,0,0,1,1,2.0,3,1,1,1,6.2166061010848646,4.7318028369214575,11.0,31.0,2.0,0,False,False,True,False,False,False,False,False,False,0,0,0.4137848591679155,0,0.4088036447567862
11.0,1,0,1,1,2.0,3,1,1,1,6.2166061010848646,0.0,17.0,25.0,2.0,0,False,False,False,False,False,False,False,True,False,1,0,0.4658107770534825,0,0.47910696787392487
18.0,0,1,1,1,1.3333333333333333,3,1,1,1,6.2166061010848646,4.836281906951478,1.0,39.0,2.0,0,True,False,False,True,False,False,False,False,False,1,1,0.7988864752301662,1,0.6805477772596862
17.0,1,1,1,1,1.5,3,1,1,1,6.2166061010848646,0.0,17.0,48.0,2.0,0,True,False,False,True,False,False,False,False,False,1,1,0.8073306977401722,1,0.8285264852213663
5.0,1,0,1,1,1.75,3,1,1,1,6.398594934535208,8.18100091560234,17.0,45.0,1.0,0,True,False,False,False,True,False,False,False,False,1,0,0.35217256699142496,0,0.4305151215055242
8.0,1,0,1,1,6.0,3,0,1,0,6.2166061010848646,0.0,10.0,26.0,1.0,0,True,False,False,False,False,False,False,False,False,1,0,0.4968852899864939,0,0.4762370413702582
14.0,1,0,1,1,1.5,3,1,1,1,8.006700845440367,8.11202803831707,12.0,36.0,2.0,1,True,False,False,False,False,False,False,False,False,0,0,0.26554135668737966,0,0.38991505992028
17.0,0,0,1,1,2.5,3,1,1,1,6.2166061010848646,0.0,19.0,45.0,1.0,0,True,True,False,False,False,False,False,False,False,0,0,0.30156515925015875,0,0.24132596998195993
8.0,0,0,1,1,1.6666666666666667,3,1,1,1,6.2166061010848646,2.5649493574615367,1.0,35.0,1.0,0,True,False,True,False,False,False,False,False,False,1,0,0.44184842988988243,0,0.3843403154048309
17.0,0,0,1,1,1.0,3,1,1,1,6.2166061010848646,0.0,17.0,36.0,2.0,0,True,False,True,False,False,False,False,False,False,0,0,0.44599361480353883,0,0.3981083795481278
12.0,0,0,1,1,0.6,3,0,1,1,5.017279836814924,7.458378372622194,4.0,43.0,1.0,0,True,True,False,False,False,False,False,False,False,0,0,0.2562169387614356,0,0.31911407714714896
13.0,1,0,1,1,0.8,3,1,1,1,5.707110264748875,4.764308407326388,17.0,59.0,1.0,0,True,False,True,False,False,False,False,False,False,0,0,0.44402531879653984,0,0.39241571527173646
11.0,1,0,1,1,2.0,3,1,1,1,6.2166061010848646,0.0,17.0,48.0,1.0,0,True,False,True,False,False,False,False,False,False,0,0,0.4469196142079322,0,0.3950821869889115
7.0,0,0,1,1,2.3333333333333335,2,0,0,0,5.303304908059076,8.790638688751686,1.0,65.0,1.0,0,False,False,False,False,False,True,False,False,False,0,1,0.5994068879353418,0,0.43743980001309196
9.0,0,0,1,1,1.2,2,1,1,0,6.2166061010848646,7.313886831633462,13.0,29.0,2.0,0,True,False,True,False,False,False,False,False,False,1,0,0.47049907508090455,1,0.5398490789510295
6.0,1,0,1,1,2.5,3,1,1,1,7.601402334583733,0.0,19.0,49.0,1.0,0,True,False,False,True,False,False,False,False,False,1,1,0.7606263837485934,1,0.7342665068134818
10.0,0,0,1,1,1.6666666666666667,3,1,1,1,6.2166061010848646,7.313886831633462,17.0,35.0,1.0,0,True,False,False,False,False,False,False,False,True,1,0,0.40195287445936206,0,0.3463949303107231
14.0,1,0,1,1,0.8333333333333334,2,1,1,1,8.294299608857235,8.294299608857235,17.0,49.0,1.0,0,False,True,False,False,False,False,False,False,False,0,0,0.1919260774571582,0,0.18377832790151657
13.0,0,0,1,1,3.0,2,1,1,1,6.2166061010848646,0.0,17.0,36.0,1.0,0,False,False,False,False,False,False,False,False,False,1,0,0.37375707185074913,0,0.4049407283145631
13.0,1,0,1,1,1.5,3,1,1,1,6.90875477931522,6.2166061010848646,11.0,46.0,1.0,0,True,False,False,True,False,False,False,False,False,1,1,0.7421197813764988,1,0.721504837559808
18.0,0,0,1,1,0.4,3,1,1,1,7.313886831633462,0.0,17.0,73.0,1.0,0,True,True,False,False,False,False,False,False,False,0,0,0.29461693166092956,0,0.22699499581203297
14.0,0,0,1,1,0.6666666666666666,3,1,1,1,5.303304908059076,5.303304908059076,5.0,54.0,1.0,0,True,False,False,False,False,False,True,False,False,0,0,0.49682544219761854,0,0.47531049452291607
7.0,0,0,1,1,4.0,2,1,1,1,6.2166061010848646,8.922791623969637,7.0,28.0,2.0,0,True,True,False,False,False,False,False,False,False,0,0,0.24659196927595914,0,0.2666293702712829
5.0,1,0,1,0,1.3333333333333333,2,1,1,1,5.707110264748875,10.948189089173493,8.0,30.0,1.0,0,False,False,True,False,False,False,False,False,False,0,0,0.2711090814009106,0,0.2374506377704298
16.0,1,0,1,1,0.75,3,1,1,1,6.2166061010848646,3.5361166995615263,12.0,18.0,1.0,0,True,False,False,False,False,False,True,False,False,0,0,0.4541820075283892,0,0.4360921176711699
7.0,0,0,1,1,4.0,3,1,1,1,6.2166061010848646,7.53689712956617,14.0,45.0,2.0,0,True,False,False,True,False,False,False,False,False,1,1,0.7754195526181638,1,0.827143354152009
11.0,1,0,1,1,1.6666666666666667,3,1,1,1,6.55250788703459,0.0,12.0,39.0,1.0,0,True,False,False,False,False,False,False,False,False,1,0,0.4407282219200658,0,0.4386158502809307
15.0,0,0,1,1,3.5,1,0,0,0,5.707110264748875,5.7516651977470294,9.0,36.0,1.0,0,False,False,False,False,False,True,False,False,False,1,1,0.5202956625611487,1,0.6599995432515012
10.0,0,0,1,1,1.3333333333333333,3,1,1,1,5.017279836814924,0.0,12.0,37.0,2.0,0,False,False,False,True,False,False,False,False,False,1,1,0.7610451816724583,1,0.668508191513334
12.0,0,0,1,1,0.8,3,1,1,1,7.313886831633462,0.0,17.0,40.0,1.0,0,True,True,False,False,False,False,False,False,False,0,0,0.288111376712745,0,0.23761869962050053
13.0,1,0,1,1,0.6,3,1,1,1,7.496097345175956,10.396179755105976,12.0,47.0,2.0,0,True,False,False,True,False,False,False,False,False,1,1,0.7320715594348016,1,0.7346299079192317
15.0,0,0,1,1,2.0,3,1,1,1,6.2166061010848646,4.61512051684126,9.0,37.0,1.0,0,True,False,False,False,False,False,False,True,False,0,0,0.4931231151946246,0,0.4651866600323701
12.0,0,0,1,1,3.0,3,0,1,0,6.2166061010848646,3.5361166995615263,11.0,41.0,2.0,0,True,False,False,False,True,False,False,False,False,0,0,0.40718889609651415,0,0.4241008133349031
8.0,1,0,1,1,2.0,2,1,1,1,5.017279836814924,8.922791623969637,14.0,50.0,1.0,0,False,False,True,False,False,False,False,False,False,0,0,0.3623078179373707,0,0.23152597953364132
14.0,0,1,1,1,3.0,2,0,1,1,5.993961427306569,8.006700845440367,11.0,44.0,1.0,1,False,False,False,False,True,False,False,False,False,0,0,0.18199150898584945,0,0.20709730449342675
15.0,1,1,1,1,1.0,3,1,1,1,7.313886831633462,10.691967639914864,17.0,42.0,1.0,0,True,False,False,True,False,False,False,False,False,0,1,0.7800433932930797,1,0.7644392998635143
13.0,1,0,1,1,4.0,2,1,1,1,7.601402334583733,0.0,17.0,48.0,2.0,0,True,False,True,False,False,False,False,False,False,1,0,0.37807097107347254,0,0.48843431062145803
19.0,1,0,1,1,1.0,3,1,1,1,6.2166061010848646,5.3981627015177525,12.0,60.0,1.0,0,True,False,False,True,False,False,False,False,False,0,1,0.748349082900566,1,0.6407788408644843
10.0,0,0,1,1,1.6666666666666667,3,1,1,1,5.303304908059076,0.0,12.0,35.0,1.0,0,False,False,False,False,False,False,False,True,False,0,0,0.49118225234031015,1,0.5508778542700836
16.0,0,0,1,1,1.5,3,1,1,1,6.2166061010848646,3.9318256327243257,9.0,40.0,1.0,0,True,False,True,False,False,False,False,False,False,1,0,0.43397118640781857,0,0.4329974050924313
19.0,1,0,1,1,2.0,2,1,1,1,5.5254529391317835,8.358822508778069,9.0,40.0,1.0,1,False,False,False,False,False,True,False,False,False,0,0,0.3321682565449003,0,0.217419494469485
15.0,1,0,1,1,1.5,3,1,1,0,6.2166061010848646,7.196187070324464,9.0,42.0,1.0,0,True,False,False,False,False,False,True,False,False,0,1,0.5540616072031713,1,0.5384991276160399
13.0,1,0,1,1,1.0,3,1,1,1,7.170888478512505,8.006700845440367,17.0,53.0,1.0,0,True,False,False,False,False,False,False,True,False,0,0,0.4741779473494833,0,0.4876752454160462
19.0,1,0,1,1,0.6666666666666666,3,1,1,1,6.2166061010848646,7.467942332285852,13.0,48.0,2.0,0,True,False,False,False,False,False,False,True,False,1,0,0.4759173749533768,1,0.5323091464857691
8.0,0,0,1,1,2.5,2,1,1,0,5.707110264748875,0.0,2.0,28.0,2.0,0,True,False,True,False,False,False,False,False,False,0,0,0.488825276054282,0,0.4979066971491366
9.0,0,0,1,1,1.5,3,1,1,0,5.017279836814924,3.5361166995615263,11.0,41.0,2.0,0,True,False,True,False,False,False,False,False,False,0,1,0.5600429307783156,0,0.48790688938003685
19.0,0,0,1,1,1.0,3,1,1,1,6.90875477931522,5.081404364984463,12.0,38.0,2.0,0,True,False,False,True,False,False,False,False,False,1,1,0.7465648931347239,1,0.7189276916755177
14.0,1,0,1,1,1.0,3,1,1,1,6.2166061010848646,0.0,18.0,42.0,1.0,0,True,False,True,False,False,False,False,False,False,0,0,0.43612492576969336,0,0.3813649467158835
12.0,1,0,1,1,0.8,3,1,1,1,5.707110264748875,7.650168700845001,12.0,48.0,1.0,0,True,False,False,True,False,False,False,False,False,1,1,0.7533914285367528,1,0.831504242475327
19.0,1,0,1,1,2.6666666666666665,2,1,1,0,5.5254529391317835,4.330733340286331,12.0,35.0,2.0,0,False,False,False,False,False,True,False,False,False,0,1,0.5862379331655311,0,0.4567887759894899
12.0,1,0,1,1,1.5,3,1,1,1,6.2166061010848646,0.0,12.0,32.0,2.0,0,True,False,False,False,False,False,False,True,False,0,0,0.49456517273559586,0,0.44642378740385624
10.0,1,0,1,1,1.5,3,1,1,1,6.2166061010848646,0.0,12.0,39.0,1.0,0,True,False,False,False,True,False,False,False,False,1,0,0.3539862078101669,0,0.441644131666037
15.0,1,0,1,1,1.3333333333333333,3,1,1,1,6.2166061010848646,7.226936018493289,14.0,43.0,1.0,0,True,False,False,True,False,False,False,False,False,1,1,0.745148063247206,1,0.8299107412170172
9.0,0,0,1,1,2.0,2,1,1,0,4.394449154672439,6.90875477931522,6.0,50.0,1.0,0,False,False,False,False,True,False,False,False,False,0,0,0.3834358039004596,0,0.3054652290326245
19.0,0,0,1,1,0.8,3,1,1,1,7.0909098220799835,6.90875477931522,16.0,45.0,1.0,0,True,False,False,False,False,False,False,False,True,1,0,0.37929057880144784,0,0.33453261018907815
8.0,1,0,1,1,4.0,3,1,1,1,6.2166061010848646,4.855928904335275,10.0,29.0,2.0,0,True,False,False,False,False,False,False,True,False,1,0,0.4966260347080679,0,0.481862464168928
13.0,1,0,1,1,2.5,2,1,1,0,6.2166061010848646,9.530320210727126,12.0,35.0,1.0,1,True,False,True,False,False,False,False,False,False,0,0,0.3018705363820244,0,0.3799012626477413
9.0,1,0,1,1,2.5,2,0,1,0,5.303304908059076,5.081404364984463,1.0,66.0,2.0,1,False,False,True,False,False,False,False,False,False,1,0,0.27070754567940464,0,0.3715088805004781
10.0,1,1,1,1,2.0,2,0,1,0,5.303304908059076,6.111467339502679,6.0,36.0,1.0,0,False,False,False,False,False,False,True,False,False,0,1,0.5019866361988479,1,0.5263073634129631
16.0,1,0,1,1,0.8,3,1,1,1,7.0909098220799835,0.0,7.0,51.0,1.0,0,True,False,False,False,False,False,False,True,False,0,0,0.4767399967101938,0,0.4631749626718693
14.0,1,0,1,1,3.0,1,0,0,0,5.303304908059076,7.062762734529377,5.0,34.0,2.0,1,False,False,False,False,False,False,False,False,False,0,0,0.23405224989677967,0,0.3774267138288328
16.0,1,0,1,1,0.8333333333333334,3,1,1,1,7.0909098220799835,0.0,12.0,44.0,1.0,0,True,False,False,False,True,False,False,False,False,0,0,0.33490634652911305,0,0.4692952947049234
8.0,1,0,1,1,1.25,2,1,1,1,6.2166061010848646,0.0,5.0,42.0,2.0,0,True,False,True,False,False,False,False,False,False,0,0,0.3843319981676263,0,0.42006261592715055
7.0,0,0,1,1,0.6,2,1,1,1,5.993961427306569,0.0,17.0,64.0,1.0,0,False,True,False,False,False,False,False,False,False,1,0,0.24764617789254323,0,0.23367067783260168
17.0,1,0,1,1,2.0,3,1,1,1,6.2166061010848646,6.98100574072173,12.0,39.0,1.0,0,True,False,False,True,False,False,False,False,False,1,1,0.741689689694594,1,0.7594679202866863
7.0,1,0,1,1,3.0,2,0,0,0,6.2166061010848646,0.0,13.0,27.0,2.0,0,False,False,False,False,False,True,False,False,False,0,1,0.5828048389469522,1,0.552629504934993
7.0,0,0,1,1,1.3333333333333333,3,1,1,1,6.68586094706836,0.0,17.0,48.0,1.0,0,True,False,False,True,False,False,False,False,False,1,1,0.7747377261042407,1,0.7840088210676519
9.0,1,0,1,1,0.8333333333333334,3,1,1,1,7.601402334583733,0.0,14.0,44.0,1.0,0,True,False,False,False,False,False,False,True,False,0,0,0.4825046671110596,0,0.4428951302098942
7.0,0,0,1,1,0.8,3,1,1,1,8.517393171418904,9.328212292571072,17.0,43.0,1.0,0,True,False,False,False,False,False,False,True,False,0,0,0.47162222411028304,0,0.41973280162220616
12.0,0,0,1,1,5.0,3,1,1,0,6.2166061010848646,0.0,7.0,31.0,2.0,0,True,False,False,False,False,False,False,True,False,0,1,0.6058302569268134,1,0.5372327717292363
15.0,1,0,1,1,1.3333333333333333,2,1,1,1,6.90875477931522,0.0,12.0,43.0,1.0,0,True,False,False,False,False,False,False,False,False,1,0,0.3731998013400072,0,0.42750580703481167
6.0,1,0,1,0,3.0,3,1,0,0,6.2166061010848646,0.0,2.0,39.0,2.0,0,False,False,False,False,False,False,False,False,False,1,0,0.46476604560915324,1,0.5301097400862325
14.0,0,0,1,1,1.3333333333333333,3,1,1,1,6.2166061010848646,5.303304908059076,12.0,46.0,1.0,0,True,False,False,True,False,False,False,False,False,0,1,0.7603039520072916,1,0.7538746548897237
19.0,1,0,1,1,3.0,3,0,1,1,6.2166061010848646,5.303304908059076,8.0,39.0,2.0,1,False,False,False,False,False,False,False,True,False,0,0,0.2620912499990961,0,0.31846575724936566
17.0,0,0,1,1,1.0,2,1,1,1,6.2166061010848646,5.303304908059076,5.0,44.0,2.0,0,True,False,True,False,False,False,False,False,False,1,0,0.3747006045181374,0,0.44160648101943667
13.0,1,0,1,1,2.0,3,1,1,0,5.8888779583328805,6.2166061010848646,4.0,50.0,1.0,0,True,False,False,False,True,False,False,False,False,0,0,0.4312372226319984,0,0.3792180477175029
10.0,1,0,1,1,2.5,2,0,1,1,3.9318256327243257,6.55250788703459,3.0,41.0,2.0,0,False,False,True,False,False,False,False,False,False,0,0,0.32616903561069943,0,0.3162842315902049
14.0,0,1,1,1,1.6666666666666667,3,1,1,1,5.303304908059076,6.2166061010848646,4.0,55.0,2.0,1,False,False,False,False,False,False,True,False,False,0,0,0.38579509611655877,0,0.4459580070921782
6.0,0,0,1,1,2.0,3,1,1,1,5.860786223465865,7.824445930877619,11.0,26.0,1.0,0,True,False,False,False,False,False,False,True,False,1,1,0.5019092490080777,1,0.5310548090530502
16.0,0,0,1,1,1.6666666666666667,3,1,1,1,6.2166061010848646,6.90875477931522,17.0,39.0,1.0,0,True,False,False,True,False,False,False,False,False,1,1,0.7559549114824221,1,0.8162007720654251
8.0,1,0,1,1,1.25,3,1,1,1,6.90875477931522,3.713572066704308,12.0,41.0,1.0,0,True,False,False,False,False,False,False,True,False,0,0,0.4846187004031761,0,0.47586421518337624
10.0,0,0,1,1,0.625,3,1,1,1,6.55250788703459,0.0,19.0,40.0,1.0,0,True,False,False,True,False,False,False,False,False,0,1,0.7686242167059023,1,0.7708100809916191
13.0,0,0,1,1,1.5,3,1,1,1,6.2166061010848646,3.7534179752515073,17.0,45.0,1.0,0,True,False,False,True,False,False,False,False,False,1,1,0.7661750521519384,1,0.8122737939288696
19.0,1,0,1,1,2.0,3,1,1,1,6.2166061010848646,0.0,12.0,21.0,1.0,1,True,False,False,False,False,False,False,False,True,0,0,0.24422941375730237,0,0.25948799042201365
17.0,0,0,1,1,1.3333333333333333,3,1,1,1,6.2166061010848646,4.483002552013883,5.0,35.0,2.0,0,False,False,False,False,False,False,False,True,False,1,0,0.4571134190843276,1,0.5165107479748658
13.0,0,0,1,1,1.3333333333333333,2,1,1,1,6.2166061010848646,7.901377353792616,11.0,45.0,1.0,1,False,False,False,False,True,False,False,False,False,0,0,0.16703039374722736,0,0.18035475127398956
14.0,1,0,1,1,0.8,3,1,1,1,5.017279836814924,7.773173680482536,5.0,44.0,2.0,0,False,True,False,False,False,False,False,False,False,1,0,0.2604278856499585,0,0.2673258465228251
12.0,0,0,1,1,3.5,3,1,1,1,5.707110264748875,4.28260085453587,5.0,40.0,1.0,0,False,False,False,False,False,False,False,False,False,0,0,0.4271007976993626,1,0.541204159189824
17.0,0,0,1,1,1.0,2,1,1,1,7.601402334583733,6.7266330027636645,17.0,68.0,1.0,0,True,False,False,False,False,False,False,False,False,0,0,0.3788392206060128,0,0.46136813094357665
17.0,0,0,1,1,3.0,3,1,1,0,6.2166061010848646,0.0,2.0,40.0,1.0,0,True,False,False,False,False,False,False,True,False,0,1,0.5889797275198668,1,0.518466258655911
7.0,0,0,1,1,1.0,3,1,1,1,6.2166061010848646,0.0,19.0,37.0,1.0,0,True,False,False,False,True,False,False,False,False,0,0,0.37427194279999587,0,0.44960497804102806
8.0,0,0,1,1,2.0,3,1,1,1,6.2166061010848646,0.0,19.0,48.0,1.0,0,True,False,True,False,False,False,False,False,False,0,0,0.46786787001333197,0,0.4147620535321584
13.0,0,0,1,1,1.6666666666666667,1,1,1,0,5.303304908059076,7.02197642307216,11.0,40.0,1.0,0,False,False,True,False,False,False,False,False,False,0,0,0.3891610809720113,0,0.40910950130666235
7.0,1,0,1,1,2.5,3,1,1,1,6.2166061010848646,7.0707241072602764,9.0,32.0,1.0,0,True,False,False,False,False,True,False,False,False,1,1,0.5827865064020753,1,0.5886032839380706
17.0,1,0,1,1,1.0,3,1,1,1,6.2166061010848646,8.46611040118692,5.0,45.0,2.0,0,True,False,False,False,False,False,False,True,False,1,0,0.4710181442516617,0,0.4818956257566868
12.0,1,0,1,1,2.3333333333333335,3,1,1,1,6.2166061010848646,6.572682063274631,5.0,40.0,1.0,0,True,False,True,False,False,False,False,False,False,0,0,0.42101276772322266,0,0.3755123420131588
5.0,1,0,1,1,1.3333333333333333,3,1,1,1,6.2166061010848646,0.0,13.0,31.0,1.0,0,True,False,False,True,False,False,False,False,False,1,1,0.7621861551224074,1,0.812282471418178
15.0,0,0,1,1,2.25,1,1,1,0,7.0909098220799835,7.196187070324464,8.0,40.0,1.0,0,False,False,False,False,False,False,False,True,False,0,0,0.4190747414590906,0,0.2789903798996297
13.0,0,0,1,1,2.5,3,1,1,1,6.2166061010848646,0.0,12.0,53.0,1.0,0,True,False,False,False,False,False,False,True,False,0,1,0.518313184214598,0,0.4843593339465744
11.0,0,0,1,1,4.0,2,0,0,0,5.303304908059076,0.0,3.0,50.0,2.0,0,False,False,False,True,False,False,False,False,False,1,1,0.7724147327458399,1,0.6279151865954948
18.0,0,0,1,1,0.75,3,1,1,1,6.2166061010848646,0.0,17.0,46.0,1.0,0,True,False,True,False,False,False,False,False,False,0,0,0.4447914777799023,0,0.4303981885022901
10.0,1,0,1,1,1.0,3,1,1,0,6.111467339502679,0.0,12.0,38.0,2.0,0,True,False,False,True,False,False,False,False,False,0,1,0.8220031681327072,1,0.8184107486250215
7.0,1,0,1,1,3.0,3,1,1,1,6.2166061010848646,6.895345258905455,10.0,38.0,1.0,0,True,False,False,False,False,False,False,True,False,1,0,0.49192000835652966,1,0.5198574858734112
7.0,0,0,1,1,0.6,3,1,1,1,5.993961427306569,0.0,11.0,70.0,2.0,0,True,False,False,False,False,False,False,True,False,1,1,0.5391312192547318,1,0.5227299634962472
16.0,0,0,1,1,2.0,3,1,0,1,6.2166061010848646,3.258096538021482,14.0,38.0,1.0,0,True,False,True,False,False,False,False,False,False,1,0,0.4683255120929323,0,0.4060003366964324
19.0,1,0,1,1,0.5,2,0,0,1,5.993961427306569,5.707110264748875,10.0,16.0,2.0,1,True,False,False,False,False,False,False,False,False,0,0,0.21322932240049888,0,0.24130819738115572
19.0,1,0,1,1,2.75,3,1,1,1,6.398594934535208,0.0,2.0,46.0,2.0,1,True,False,False,True,False,False,False,False,False,0,1,0.6162943844928153,1,0.510644616947775
17.0,1,0,1,1,1.0,2,0,1,1,6.2166061010848646,7.026426808699636,12.0,31.0,1.0,0,False,True,False,False,False,False,False,False,False,1,0,0.17003248883409558,0,0.23665950235836875
12.0,0,0,1,1,2.3333333333333335,2,1,0,0,7.313886831633462,6.703538621481395,6.0,62.0,1.0,1,False,False,False,True,False,False,False,False,False,1,1,0.6505277330223532,1,0.6412399078067109
9.0,1,0,1,1,2.0,3,1,0,1,6.2166061010848646,0.0,5.0,29.0,1.0,0,False,False,False,False,False,False,False,False,False,1,0,0.4369521470333287,1,0.5019941398112108
18.0,1,0,1,1,0.75,3,1,1,1,7.824445930877619,0.0,17.0,76.0,2.0,0,True,False,True,False,False,False,False,False,False,0,0,0.43051327995648336,0,0.4453504468542864
8.0,0,0,1,1,1.5,3,1,1,0,6.2166061010848646,0.0,11.0,27.0,1.0,0,True,False,False,False,False,False,False,True,False,1,1,0.5978492619732613,1,0.559799026491411
9.0,0,0,1,1,1.2,2,1,1,1,7.313886831633462,0.0,17.0,62.0,1.0,0,True,False,True,False,False,False,False,False,False,0,0,0.3971321702854269,0,0.4156724600799008
17.0,0,0,1,1,2.5,2,1,1,1,6.2166061010848646,8.294299608857235,7.0,42.0,1.0,0,False,False,False,False,False,False,True,False,False,0,0,0.38461072022268067,0,0.30938858556258336
17.0,0,1,1,1,4.0,3,1,1,1,5.707110264748875,4.5512418439625355,2.0,40.0,1.0,0,True,False,False,False,False,False,True,False,False,0,1,0.5570065744320913,1,0.5149802680379341
7.0,1,0,1,1,3.0,2,0,1,1,5.303304908059076,2.662587827025453,9.0,35.0,1.0,0,False,False,False,False,False,False,False,True,False,0,0,0.3724321095077752,0,0.4052970014549656
12.0,1,0,1,1,5.0,3,1,1,1,6.2166061010848646,0.0,5.0,36.0,1.0,0,True,False,False,False,False,False,False,False,True,0,0,0.40057232913668755,0,0.41818325496107633
19.0,0,0,1,1,0.625,3,1,1,1,6.398594934535208,0.0,2.0,52.0,1.0,0,True,False,False,False,False,False,True,False,False,1,0,0.48032298645159394,0,0.4686647861883843
11.0,1,0,1,1,3.0,3,1,1,1,7.313886831633462,0.0,12.0,48.0,1.0,0,True,False,False,False,False,False,False,True,False,1,0,0.49075293266956754,1,0.5023231692524119
10.0,0,0,1,1,1.25,3,1,1,1,6.2166061010848646,3.044522437723423,14.0,31.0,1.0,0,True,False,False,False,False,False,False,True,False,0,1,0.5022140572610594,0,0.4124687920324549
7.0,1,1,1,1,2.25,2,0,1,1,4.61512051684126,6.851655128513338,7.0,51.0,1.0,0,False,False,False,False,False,False,True,False,False,0,0,0.4341699699480258,0,0.3971295815849584
15.0,0,0,1,1,1.25,3,1,1,1,6.2166061010848646,6.608000625296087,17.0,38.0,2.0,0,True,False,False,True,False,False,False,False,False,1,1,0.75958179884006,1,0.7848008045763464
17.0,1,1,1,1,2.25,2,0,1,0,4.394449154672439,7.846416145383313,4.0,47.0,1.0,0,False,False,False,False,True,False,False,False,False,0,0,0.37209855621090954,0,0.24311976001194138
7.0,0,0,1,0,3.0,3,1,1,0,6.2166061010848646,7.888959461698937,12.0,25.0,1.0,0,False,False,False,False,False,False,True,False,False,1,0,0.46677029783180574,1,0.5187785071781643
19.0,0,0,1,1,1.0,3,1,1,1,6.90875477931522,4.532599493153256,12.0,53.0,1.0,0,True,False,True,False,False,False,False,False,False,1,0,0.42663565166716916,0,0.46235619083122964
15.0,0,0,1,1,1.3333333333333333,3,1,1,1,6.2166061010848646,6.621405651764134,12.0,36.0,2.0,0,True,False,False,False,False,False,False,False,True,0,0,0.39574127568854295,0,0.3211359928901642
13.0,1,0,1,1,2.0,2,1,1,0,6.2166061010848646,3.9318256327243257,5.0,36.0,1.0,0,True,False,True,False,False,False,False,False,False,1,0,0.45208626721847095,0,0.4924590828462925
14.0,1,0,1,1,3.0,3,1,1,1,6.2166061010848646,0.0,5.0,42.0,2.0,0,True,False,True,False,False,False,False,False,False,0,0,0.4377519452892524,0,0.37894949358571617
9.0,0,0,1,1,1.0,3,1,1,0,7.601402334583733,6.90875477931522,14.0,60.0,1.0,0,True,False,True,False,False,False,False,False,False,0,1,0.5257338846383751,1,0.5278991413692563
18.0,0,0,1,1,1.0,2,1,1,0,5.303304908059076,0.0,12.0,18.0,2.0,0,True,False,True,False,False,False,False,False,False,1,0,0.4741196541131913,0,0.4724596465293495
10.0,1,0,1,1,6.0,3,1,1,1,6.90875477931522,0.0,11.0,32.0,1.0,0,True,False,False,False,False,False,False,True,False,0,0,0.4973211036497093,0,0.4450167564928617
17.0,1,0,1,1,1.0,2,1,1,1,6.2166061010848646,0.0,9.0,43.0,2.0,0,True,False,True,False,False,False,False,False,False,0,0,0.37260214832161065,0,0.4383570857317659
15.0,1,0,1,1,0.8,3,1,1,1,7.601402334583733,5.5254529391317835,12.0,37.0,2.0,0,True,False,False,False,False,False,False,True,False,1,0,0.4608987619270344,0,0.47223807382393806
17.0,1,0,1,1,1.0,3,1,1,1,6.55250788703459,0.0,17.0,48.0,1.0,0,True,False,False,False,False,False,False,False,True,0,0,0.39098496795688803,0,0.31245236703128365
7.0,0,0,1,1,0.6666666666666666,3,1,1,0,6.2166061010848646,0.0,17.0,25.0,2.0,0,True,False,False,True,False,False,False,False,False,1,1,0.8295921569165358,1,0.8301474599696789
19.0,1,0,1,1,2.0,3,1,1,1,5.993961427306569,3.258096538021482,17.0,42.0,1.0,0,True,False,False,False,False,True,False,False,False,0,1,0.5829050524123621,1,0.5888009506178041
11.0,1,1,1,1,1.6666666666666667,1,1,1,0,4.61512051684126,4.61512051684126,9.0,49.0,1.0,0,False,False,False,True,False,False,False,False,False,0,1,0.7771637662850964,1,0.6648229275988232
13.0,1,0,1,1,1.5,2,1,1,1,6.55250788703459,0.0,12.0,39.0,1.0,0,False,False,False,False,False,False,False,False,True,0,0,0.3078009784389647,0,0.3544123679390578
8.0,0,1,1,1,3.5,2,0,0,0,5.707110264748875,4.429114670772783,1.0,32.0,1.0,0,False,False,False,False,False,False,False,False,False,1,1,0.5067616390027397,1,0.6206205446940775
7.0,0,0,1,1,1.6666666666666667,2,1,1,0,6.2166061010848646,5.198497031265826,12.0,30.0,1.0,0,True,False,False,True,False,False,False,False,False,1,1,0.7850510329061763,1,0.7450152713640822
6.0,0,0,1,0,4.0,3,1,1,1,6.2166061010848646,0.0,7.0,28.0,2.0,0,True,False,False,False,False,False,False,True,False,0,0,0.4418051842946765,0,0.4158034194646912
8.0,1,0,1,1,1.0,3,1,1,1,6.55250788703459,0.0,17.0,37.0,2.0,0,True,False,False,False,False,False,False,False,False,1,0,0.4504944328764874,0,0.43832387367666814
13.0,1,0,1,1,2.6666666666666665,3,1,1,1,6.2166061010848646,4.912654885736052,2.0,54.0,1.0,0,True,False,False,False,False,False,False,False,True,0,0,0.3909481247795311,0,0.3421388186285858
18.0,1,0,1,1,2.0,3,1,1,1,5.303304908059076,3.9318256327243257,1.0,36.0,2.0,0,True,False,False,False,True,False,False,False,False,1,0,0.3431628935463296,0,0.46710562183347015
11.0,1,0,1,1,1.3333333333333333,3,1,1,1,5.5254529391317835,0.0,12.0,45.0,1.0,0,True,False,False,True,False,False,False,False,False,1,1,0.7670611222109297,1,0.7938927840978524
17.0,0,0,1,1,2.5,3,1,1,1,6.2166061010848646,4.948759890378168,10.0,39.0,1.0,0,True,False,False,False,False,False,False,True,False,0,0,0.49256464667282596,1,0.5061488968535445
6.0,1,0,1,1,0.75,3,1,1,1,5.860786223465865,3.791736839553644,12.0,39.0,1.0,0,False,False,False,False,False,False,False,True,False,1,0,0.46787084708624,1,0.5438416083948701
15.0,1,0,1,1,1.5,2,1,1,1,5.5254529391317835,8.160803920954665,3.0,58.0,1.0,0,False,False,False,False,False,False,False,False,True,0,0,0.30749757755687174,0,0.33316139692918306
10.0,1,0,1,1,2.3333333333333335,2,1,1,1,6.2166061010848646,8.488411515705064,1.0,53.0,1.0,0,False,False,True,False,False,False,False,False,False,0,0,0.33933822576919664,0,0.28195318085080057
14.0,1,0,1,1,3.0,3,1,1,1,6.2166061010848646,4.936869143856646,12.0,33.0,2.0,0,True,False,False,False,False,False,False,True,False,0,0,0.48702006485846705,0,0.46641322316077977
5.0,0,0,1,0,6.0,3,1,1,0,6.2166061010848646,0.0,7.0,27.0,2.0,0,True,False,False,False,False,False,False,False,False,0,0,0.48903422558977705,0,0.49671688106856876
15.0,1,0,1,1,1.6666666666666667,2,1,1,1,5.707110264748875,8.699681400989514,10.0,38.0,1.0,0,False,False,False,False,False,False,True,False,False,0,0,0.3770885007453824,0,0.25492062262001847
8.0,0,0,1,1,5.0,3,1,1,1,6.111467339502679,8.188966863648876,8.0,28.0,2.0,0,False,False,False,False,False,False,False,True,False,1,0,0.475966451024268,1,0.5508253489639646
7.0,0,0,1,1,2.0,3,1,1,1,5.993961427306569,0.0,17.0,29.0,2.0,0,True,False,False,False,False,True,False,False,False,0,1,0.6193757889475004,1,0.5775489080497456
19.0,1,0,1,1,0.5714285714285714,3,1,1,1,6.68586094706836,6.439350371100098,15.0,45.0,2.0,0,True,False,False,False,True,False,False,False,False,1,0,0.3300888513594574,0,0.4618953306370736
10.0,0,0,1,1,0.6666666666666666,3,1,1,1,5.303304908059076,5.303304908059076,5.0,54.0,1.0,0,True,False,False,False,False,False,True,False,False,0,1,0.5035324807181445,0,0.48098767417256993
10.0,1,0,1,1,1.25,3,1,1,1,6.2166061010848646,0.0,17.0,45.0,1.0,0,True,False,False,True,False,False,False,False,False,0,1,0.7638655098395474,1,0.7923600241850046
10.0,1,1,1,1,2.5,2,0,0,0,6.2166061010848646,0.0,8.0,31.0,1.0,0,False,False,False,False,False,False,False,False,True,1,0,0.44392746643031217,1,0.5348825368180488
11.0,1,1,1,1,1.5,3,1,1,1,6.68586094706836,0.0,15.0,38.0,1.0,0,True,False,False,True,False,False,False,False,False,1,1,0.80222802782359,1,0.8595370938664207
9.0,1,0,1,1,0.6666666666666666,3,1,1,1,6.2166061010848646,0.0,17.0,35.0,1.0,0,True,False,True,False,False,False,False,False,False,0,0,0.4386477124207992,0,0.3625282768324167
8.0,0,0,1,1,4.0,3,1,1,1,6.2166061010848646,0.0,7.0,35.0,2.0,0,True,False,False,False,False,False,False,True,False,1,1,0.5219616301121901,0,0.45940399709917323
13.0,1,0,1,1,3.0,3,1,1,1,5.993961427306569,3.9318256327243257,12.0,39.0,1.0,0,True,False,False,False,False,False,False,True,False,1,0,0.4925671723993371,1,0.5435729397443158
12.0,1,1,1,1,5.0,2,0,1,1,5.017279836814924,6.710523109452428,3.0,62.0,1.0,1,False,False,False,False,False,False,True,False,False,0,0,0.28959475549727504,0,0.3511704938156068
15.0,0,0,1,1,3.0,3,1,1,1,7.313886831633462,3.828641396489095,5.0,68.0,1.0,1,True,False,False,False,False,False,False,True,False,0,0,0.3464411272127727,0,0.4327676234881836
9.0,0,0,1,1,0.6666666666666666,2,1,1,1,5.017279836814924,7.313886831633462,17.0,44.0,1.0,0,False,False,False,False,False,False,True,False,False,0,0,0.41734721499617344,0,0.40304385026312906
12.0,1,0,1,1,2.0,3,1,1,1,6.2166061010848646,6.2166061010848646,10.0,52.0,2.0,0,True,False,False,False,False,False,False,False,True,0,0,0.3968179520233925,0,0.35353366638471223
18.0,0,0,1,1,1.6666666666666667,3,1,1,0,6.398594934535208,6.6293632534374485,10.0,56.0,1.0,1,False,False,False,False,False,False,False,False,False,0,0,0.34920033261929917,0,0.36042234653680294
15.0,0,0,1,1,7.0,3,1,1,1,6.2166061010848646,6.8347236504396705,3.0,37.0,2.0,0,True,False,False,True,False,False,False,False,False,1,1,0.7647309808155792,1,0.7318102841521291
17.0,1,0,1,1,0.375,3,1,1,1,6.68586094706836,0.0,7.0,65.0,2.0,0,True,False,False,False,False,False,False,True,False,0,0,0.4919373713137191,0,0.47469574739078224
6.0,1,0,1,1,1.5,2,1,1,0,5.303304908059076,7.790558166695303,12.0,42.0,1.0,0,False,True,False,False,False,False,False,False,False,0,0,0.2944466774224345,0,0.18466014662674632
12.0,1,1,1,1,2.0,2,1,1,1,2.3978952727983707,8.46611040118692,7.0,34.0,1.0,0,False,False,False,False,False,True,False,False,False,0,1,0.5992753947225624,0,0.43118810170685057
15.0,1,1,1,1,1.25,3,1,1,1,4.61512051684126,5.303304908059076,3.0,64.0,1.0,0,True,False,False,False,False,False,False,True,False,1,1,0.5767485926851343,1,0.5776305281321293
12.0,1,0,1,1,1.0,2,1,1,0,3.9318256327243257,7.467942332285852,0.0,68.0,1.0,0,False,False,False,False,True,False,False,False,False,0,0,0.3727359871152613,0,0.3767808303774657
6.0,0,0,1,1,4.0,3,1,1,1,6.2166061010848646,5.420534999272286,9.0,22.0,1.0,0,True,False,False,False,False,False,True,False,False,1,0,0.49225219341811405,0,0.43886879872479845
10.0,0,0,1,1,2.5,3,1,1,0,5.017279836814924,7.659642954564682,1.0,49.0,1.0,1,True,False,False,True,False,False,False,False,False,0,1,0.7226107324621813,1,0.698047112455367
10.0,0,0,1,1,3.0,1,0,0,0,6.2166061010848646,6.675402788582617,11.0,46.0,1.0,0,False,False,False,False,False,True,False,False,False,1,1,0.5256304181054534,1,0.6678233488804799
13.0,1,0,1,1,1.2,2,1,1,0,5.993961427306569,7.681406599201042,3.0,45.0,2.0,1,False,False,False,False,True,False,False,False,False,1,0,0.21549215570097557,0,0.30627523218053054
14.0,1,0,1,1,2.5,2,1,1,1,6.2166061010848646,3.295836866004329,14.0,37.0,1.0,0,True,False,True,False,False,False,False,False,False,0,0,0.37154946056113614,0,0.4242872893974641
8.0,0,0,1,1,0.8,3,1,1,1,7.313886831633462,7.026426808699636,17.0,47.0,1.0,0,True,False,True,False,False,False,False,False,False,1,0,0.43405555068596896,0,0.37392340889205405
9.0,1,0,1,1,3.0,2,1,1,0,5.017279836814924,8.517393171418904,6.0,35.0,1.0,0,False,False,False,False,False,False,False,False,True,1,0,0.39953224271219645,0,0.4714199351413963
10.0,1,0,1,1,2.0,3,1,1,0,6.2166061010848646,0.0,12.0,42.0,2.0,0,True,False,False,False,False,False,False,True,False,0,1,0.5954930005837954,1,0.5717642551861818
17.0,1,0,1,1,2.0,3,1,1,1,6.90875477931522,0.0,12.0,35.0,2.0,0,True,False,False,False,False,False,False,True,False,1,0,0.48009095930168155,0,0.4852977331209346
15.0,1,1,1,1,1.6666666666666667,3,1,1,1,6.90875477931522,6.90875477931522,17.0,48.0,2.0,0,True,False,False,True,False,False,False,False,False,0,1,0.7953674431147575,1,0.74720142383123
9.0,1,0,1,1,3.6666666666666665,3,1,1,0,6.68586094706836,6.674446601020521,3.0,63.0,1.0,0,False,False,False,False,False,True,False,False,False,1,1,0.647388360256198,1,0.6333668916798928
16.0,1,1,1,1,0.75,2,1,1,1,5.707110264748875,7.601402334583733,2.0,65.0,1.0,0,False,True,False,False,False,False,False,False,False,1,0,0.2623450432351399,0,0.29263066572528085
9.0,1,0,1,1,4.0,2,1,1,1,6.2166061010848646,0.0,12.0,32.0,1.0,0,False,True,False,False,False,False,False,False,False,1,0,0.22420126725312167,0,0.2742363770007429
17.0,1,0,1,1,0.7142857142857143,3,1,1,1,7.824445930877619,0.0,12.0,75.0,1.0,0,True,False,True,False,False,False,False,False,False,0,0,0.42354453528582836,0,0.40215443665490214
19.0,0,0,1,1,2.5,3,1,1,0,6.2166061010848646,8.213110697596676,9.0,40.0,1.0,0,True,False,False,True,False,False,False,False,False,0,1,0.8109477372392061,1,0.70018513269634
13.0,0,0,1,1,3.5,2,1,1,0,2.3978952727983707,6.2166061010848646,12.0,41.0,1.0,1,False,False,False,True,False,False,False,False,False,1,1,0.6793058696191668,1,0.6684744085444541
11.0,1,0,1,1,1.6666666666666667,2,0,0,1,4.61512051684126,5.993961427306569,5.0,55.0,2.0,0,False,False,False,False,False,True,False,False,False,1,1,0.5022173883696915,1,0.5072587833261071
12.0,0,0,1,1,2.5,3,1,0,0,6.68586094706836,8.216358332386156,2.0,38.0,1.0,1,True,False,False,False,False,False,False,False,False,0,0,0.3964647562701278,0,0.45073327705040106
10.0,1,0,1,1,1.25,3,1,1,1,6.2166061010848646,3.8066624897703196,14.0,39.0,1.0,0,True,False,False,False,False,False,True,False,False,1,0,0.47879809731827006,0,0.41925748299111204
9.0,0,0,1,1,2.0,3,1,1,1,6.2166061010848646,7.026426808699636,14.0,40.0,1.0,0,True,False,False,False,False,False,False,False,True,1,0,0.40586381844500774,0,0.33120852884774243
7.0,1,0,1,1,3.0,3,1,1,0,6.2166061010848646,2.172223275130802,8.0,53.0,1.0,0,True,False,False,True,False,False,False,False,False,1,1,0.8260752884424505,1,0.7116903978491596
11.0,1,0,1,1,1.6666666666666667,2,1,1,1,5.707110264748875,5.707110264748875,12.0,40.0,1.0,0,False,False,False,False,False,False,False,False,True,0,0,0.31207897010462876,0,0.3095508315156749
15.0,1,0,1,1,1.0,3,1,1,1,6.2166061010848646,7.601402334583733,11.0,48.0,2.0,0,True,False,False,False,False,False,False,False,False,1,0,0.4311740148434506,0,0.4419212116670454
8.0,0,0,1,1,1.6666666666666667,3,1,1,1,6.2166061010848646,5.303304908059076,15.0,36.0,2.0,0,True,False,False,False,False,False,False,False,True,0,0,0.4125282545030971,0,0.3212189126800948
14.0,0,0,1,1,2.0,2,0,1,1,4.61512051684126,0.0,5.0,43.0,1.0,0,False,False,False,False,False,False,False,True,False,0,0,0.38759003084450866,0,0.4274990527075935
13.0,0,0,1,1,2.0,3,0,0,0,6.2166061010848646,6.447305862541213,3.0,42.0,1.0,0,True,False,False,False,False,True,False,False,False,1,1,0.6557284285874384,1,0.5765273347616514
8.0,1,0,1,1,5.0,3,1,1,0,6.2166061010848646,0.0,12.0,27.0,1.0,0,True,False,False,True,False,False,False,False,False,1,1,0.824031440576196,1,0.7885816925392315
10.0,1,0,1,1,0.75,3,1,1,1,7.0909098220799835,0.0,17.0,50.0,2.0,0,True,False,True,False,False,False,False,False,False,0,0,0.43863963163660896,0,0.3679500852524305
6.0,0,0,1,0,2.0,3,1,1,1,6.2166061010848646,6.439350371100098,16.0,38.0,1.0,0,True,False,False,True,False,False,False,False,False,1,1,0.7071233712556217,1,0.8144408608629119
17.0,0,1,1,1,1.25,3,1,1,0,5.017279836814924,5.484796933490655,12.0,39.0,2.0,0,True,False,False,True,False,False,False,False,False,1,1,0.863168898325506,1,0.792399267210392
5.0,0,0,1,0,2.0,3,1,1,1,6.2166061010848646,2.6026896854443837,12.0,38.0,1.0,0,True,False,True,False,False,False,False,False,False,0,0,0.3797821116444684,0,0.3609093563249332
9.0,1,0,1,1,1.0,3,1,1,1,6.2166061010848646,5.993961427306569,15.0,40.0,1.0,0,True,False,False,True,False,False,False,False,False,0,1,0.7529258176248045,1,0.7853222818536384
13.0,0,0,1,1,0.6666666666666666,2,0,1,0,5.303304908059076,7.601402334583733,4.0,48.0,1.0,0,False,True,False,False,False,False,False,False,False,1,0,0.2541927085941612,0,0.2986514476675126
13.0,0,0,1,1,2.0,3,1,1,1,5.303304908059076,6.2166061010848646,12.0,40.0,1.0,0,True,False,False,False,False,False,False,False,False,0,0,0.45853354336910873,0,0.43074245527967536
16.0,1,0,1,1,1.25,3,1,1,1,6.2166061010848646,7.0909098220799835,12.0,46.0,2.0,0,True,False,False,True,False,False,False,False,False,0,1,0.747591969004304,1,0.7182703056929349
13.0,0,0,1,1,1.0,3,1,1,1,6.803505257608338,7.556689304865757,12.0,60.0,1.0,0,True,False,True,False,False,False,False,False,False,0,0,0.4362114425519124,0,0.40787827138644545
9.0,0,0,1,1,1.75,3,1,1,1,6.68586094706836,5.8888779583328805,12.0,30.0,1.0,0,True,False,False,False,False,True,False,False,False,1,1,0.5884190885154575,1,0.5861335492408271
10.0,1,0,1,1,5.0,2,1,1,1,6.2166061010848646,3.4339872044851463,11.0,32.0,2.0,0,True,False,False,True,False,False,False,False,False,1,1,0.7163590823083742,1,0.7555637253495844
16.0,0,0,1,1,1.0,2,1,1,1,6.2166061010848646,4.7318028369214575,7.0,45.0,1.0,0,False,False,True,False,False,False,False,False,False,1,0,0.34584210989482855,0,0.4141100934889203
8.0,1,1,1,1,1.25,2,1,1,0,4.61512051684126,7.749753406274437,5.0,40.0,1.0,1,False,False,False,False,False,False,True,False,False,1,0,0.40442744943037684,0,0.3636121669875628
11.0,0,0,1,1,2.5,3,0,1,1,6.2166061010848646,6.311734809152915,6.0,36.0,1.0,0,True,False,False,False,False,False,False,True,False,1,0,0.4465064172881367,0,0.45837226937098974
6.0,0,0,1,1,3.0,3,1,1,1,6.2166061010848646,0.0,15.0,39.0,1.0,0,True,False,False,False,False,False,False,False,False,0,0,0.4743779131263564,0,0.4565862668919013
13.0,0,0,1,1,2.5,2,1,1,1,6.2166061010848646,3.9318256327243257,12.0,33.0,1.0,0,True,False,True,False,False,False,False,False,False,0,0,0.3822383942303811,0,0.4347469477750872
11.0,0,0,1,1,1.0,3,1,1,1,7.313886831633462,0.0,17.0,37.0,2.0,0,True,False,False,False,False,False,False,True,False,0,1,0.500857396156943,0,0.44591346633026774
11.0,0,0,1,1,2.5,3,1,1,1,6.2166061010848646,0.0,9.0,38.0,2.0,0,True,False,False,False,False,False,True,False,False,0,1,0.50344834988277,0,0.398101752438248
13.0,0,0,1,1,3.0,3,1,1,1,6.2166061010848646,0.0,12.0,39.0,1.0,0,True,False,False,False,False,False,False,True,False,1,1,0.51174352152879,0,0.4796912029529156
12.0,0,0,1,1,2.6666666666666665,2,1,1,0,6.2166061010848646,6.125230287270975,5.0,44.0,1.0,0,True,False,False,False,False,False,False,True,False,0,1,0.5301244617913461,0,0.46679369117041747
17.0,0,0,1,1,1.3333333333333333,3,1,1,1,6.2166061010848646,3.9318256327243257,14.0,36.0,2.0,0,True,False,False,False,False,False,False,True,False,1,0,0.4965149851045187,0,0.4784455294711619
16.0,0,0,1,1,1.0,3,1,1,0,5.993961427306569,5.8402262887277585,12.0,35.0,1.0,0,True,False,False,True,False,False,False,False,False,1,1,0.8152782886278624,1,0.7919197402559915
6.0,1,0,1,0,3.0,3,1,1,1,6.2166061010848646,9.210440366976517,15.0,29.0,1.0,0,True,False,False,False,False,False,False,False,True,0,0,0.3174557990143918,0,0.38454669114670337
8.0,1,0,1,1,0.6666666666666666,3,1,1,1,7.313886831633462,0.0,17.0,40.0,2.0,0,True,True,False,False,False,False,False,False,False,0,0,0.28500406932262307,0,0.2237071136737566
16.0,0,0,1,1,1.0,2,1,1,1,6.2166061010848646,0.0,13.0,24.0,2.0,0,True,False,True,False,False,False,False,False,False,0,0,0.38022075590884624,0,0.4050329536765189
18.0,0,0,1,1,1.0,3,1,1,1,8.412054873292933,7.919719760924575,7.0,39.0,2.0,0,True,False,False,False,False,False,False,True,False,1,0,0.4532284378581884,1,0.5106963363256355
15.0,1,0,1,1,1.6666666666666667,3,1,1,1,6.90875477931522,0.0,17.0,39.0,1.0,0,True,False,False,False,False,False,False,False,True,0,0,0.38657806424859587,0,0.34730444019265894
10.0,0,0,1,1,2.5,3,1,1,0,6.111467339502679,7.099201743553092,12.0,40.0,1.0,0,True,False,False,False,True,False,False,False,False,0,0,0.44736740832709976,0,0.3802568484145518
5.0,1,0,1,0,1.3333333333333333,3,1,1,1,6.2166061010848646,5.786897381366708,5.0,35.0,1.0,0,True,False,False,False,False,False,False,False,True,1,0,0.3169816740850778,0,0.3933719394675778
14.0,0,0,1,1,1.0,3,1,1,1,6.2166061010848646,0.0,17.0,38.0,1.0,0,True,False,False,True,False,False,False,False,False,1,1,0.7660954726515018,1,0.8502878593481722
5.0,1,0,1,1,2.5,3,1,1,1,6.2166061010848646,3.4339872044851463,12.0,33.0,1.0,0,True,False,False,False,False,False,False,True,False,1,0,0.49885391882307334,0,0.4631192404768283
10.0,0,0,1,1,3.0,3,1,1,0,6.2166061010848646,3.5361166995615263,12.0,49.0,2.0,0,True,False,False,True,False,False,False,False,False,1,1,0.8329118191535676,1,0.727736921042282
7.0,1,0,1,1,6.0,3,1,1,1,6.2166061010848646,4.43477720005941,10.0,36.0,2.0,0,True,False,False,False,True,False,False,False,False,1,0,0.36506404860335173,0,0.3776819484307586
7.0,1,0,1,1,1.0,2,0,1,0,3.9318256327243257,7.601402334583733,3.0,37.0,1.0,0,False,False,False,False,False,False,True,False,False,1,0,0.4489852232255887,1,0.5346602239769297
10.0,0,0,1,1,2.0,3,1,1,1,6.2166061010848646,4.43477720005941,17.0,46.0,1.0,1,True,False,False,False,False,True,False,False,False,1,0,0.4538766896903815,0,0.49420323374111447
14.0,0,0,1,1,2.0,3,1,1,0,6.2166061010848646,6.2166061010848646,12.0,37.0,1.0,0,False,False,False,False,False,True,False,False,False,0,1,0.646981283188535,1,0.5341102635385925
10.0,0,0,1,1,2.5,3,1,1,1,6.2166061010848646,0.0,12.0,32.0,1.0,0,True,False,False,True,False,False,False,False,False,1,1,0.7692229254051317,1,0.7406724597738651
13.0,0,1,1,1,1.6666666666666667,2,1,1,1,5.303304908059076,8.963032193662675,4.0,55.0,1.0,1,False,False,True,False,False,False,False,False,False,1,0,0.28363548280919393,0,0.25669760180699885
11.0,1,0,1,1,7.0,3,0,1,1,5.707110264748875,0.0,4.0,46.0,1.0,0,True,False,False,False,False,False,True,False,False,1,0,0.4573202732937637,1,0.5302064162135877
12.0,0,0,1,1,4.0,2,1,0,0,6.2166061010848646,5.2390980068880655,5.0,42.0,1.0,0,False,False,False,False,False,True,False,False,False,1,1,0.6276803500849439,1,0.6995489834200239
8.0,1,0,1,1,1.25,3,1,1,1,7.0909098220799835,7.438971592395862,12.0,34.0,1.0,0,True,False,False,False,True,False,False,False,False,0,0,0.3301383492935334,0,0.39136886305752144
10.0,1,0,1,1,0.6666666666666666,2,0,1,0,5.707110264748875,3.713572066704308,5.0,60.0,2.0,0,True,False,False,False,False,False,False,False,False,1,0,0.43795779029316234,0,0.4672976730443769
8.0,1,0,1,1,1.5,3,1,1,0,6.2166061010848646,7.601402334583733,12.0,36.0,1.0,0,True,False,False,True,False,False,False,False,False,1,1,0.8119379540720837,1,0.7750266566753229
7.0,0,0,1,1,1.3333333333333333,2,1,1,0,5.993961427306569,6.870572487854421,12.0,35.0,1.0,0,False,False,False,False,True,False,False,False,False,1,0,0.3601836222121461,0,0.3223882801881991
14.0,0,0,1,1,1.3333333333333333,3,1,1,1,7.0909098220799835,3.6506582412937387,17.0,47.0,1.0,0,True,False,False,False,True,False,False,False,False,0,0,0.35099503010191224,0,0.47398208841930495
10.0,1,0,1,1,1.6666666666666667,3,1,1,1,6.2166061010848646,5.303304908059076,15.0,36.0,2.0,0,True,False,False,False,False,False,False,False,True,0,0,0.39518121804448914,0,0.32380219392571546
17.0,1,0,1,1,1.3333333333333333,2,1,1,1,5.303304908059076,6.803505257608338,12.0,42.0,1.0,0,False,False,False,False,False,False,True,False,False,0,0,0.38507948171490397,0,0.38961327165998855
16.0,0,0,1,1,0.75,3,1,1,1,7.313886831633462,0.0,23.0,53.0,1.0,0,True,False,False,False,False,False,False,True,False,0,1,0.5006607608804224,0,0.4784182116374972
19.0,1,0,1,1,1.0,2,1,1,1,5.707110264748875,3.2188758248682006,5.0,49.0,1.0,1,True,False,True,False,False,False,False,False,False,0,0,0.2361294066998477,0,0.3474308705704592
11.0,1,0,1,1,2.5,3,1,1,0,6.398594934535208,5.53338948872752,11.0,28.0,2.0,0,True,False,False,True,False,False,False,False,False,1,1,0.8112092674252345,1,0.7757122550275064
19.0,0,0,1,1,2.6666666666666665,3,1,1,1,6.2166061010848646,4.912654885736052,2.0,54.0,1.0,0,True,False,False,False,False,False,False,False,True,0,0,0.3953389153231809,0,0.32677953395836523
18.0,1,1,1,1,1.0,3,1,1,1,6.2166061010848646,5.707110264748875,17.0,48.0,2.0,0,True,False,False,True,False,False,False,False,False,1,1,0.7983450938827197,1,0.7758128174715084
14.0,0,1,1,1,1.6666666666666667,3,1,1,1,6.55250788703459,0.0,18.0,49.0,1.0,0,True,False,False,True,False,False,False,False,False,0,1,0.8149057571087752,1,0.7571092376868975
12.0,1,0,1,1,1.6666666666666667,3,1,1,1,6.2166061010848646,0.0,5.0,47.0,2.0,0,True,False,False,False,False,False,False,True,False,0,0,0.49886566542768856,0,0.47088462042443685
13.0,0,0,1,1,1.6666666666666667,2,1,1,1,6.90875477931522,0.0,17.0,49.0,1.0,0,True,False,False,False,False,False,False,False,False,0,0,0.39790687924757023,0,0.47061709342125574
8.0,0,0,1,1,3.0,3,1,1,1,6.2166061010848646,7.196187070324464,12.0,32.0,1.0,0,True,False,True,False,False,False,False,False,False,0,0,0.44314475819101207,0,0.4307647665912912
19.0,1,0,1,1,1.0,3,1,1,0,6.2166061010848646,8.727075871413607,12.0,48.0,2.0,1,True,False,False,False,False,False,False,True,False,0,0,0.40948322489108174,0,0.35610369567791567
6.0,0,0,1,1,1.6666666666666667,2,0,1,1,5.707110264748875,7.0909098220799835,12.0,45.0,1.0,0,False,False,False,True,False,False,False,False,False,1,1,0.6597121247186971,1,0.60261523911885
7.0,0,0,1,1,2.5,2,1,1,1,6.2166061010848646,8.006700845440367,12.0,27.0,1.0,0,False,False,False,False,False,False,False,False,True,0,0,0.31645657171800234,0,0.3029497988421926
15.0,1,0,1,1,1.4,3,1,1,1,6.2166061010848646,6.349887961580832,12.0,41.0,1.0,0,True,False,False,False,False,False,True,False,False,1,0,0.4657950220952301,0,0.4613761450242596
11.0,1,0,1,1,2.0,2,0,1,1,4.61512051684126,0.0,5.0,43.0,1.0,0,False,False,False,False,False,False,False,True,False,0,0,0.37848606651541156,0,0.43093972132131675
16.0,1,0,1,1,1.6666666666666667,3,1,1,1,6.2166061010848646,5.303304908059076,15.0,36.0,2.0,0,True,False,False,False,False,False,False,False,True,0,0,0.38560434492239026,0,0.32522827072676574
16.0,1,1,1,1,1.5,2,1,1,1,4.61512051684126,8.11202803831707,15.0,44.0,1.0,1,False,False,False,True,False,False,False,False,False,1,1,0.6079913572650665,1,0.654723283067219
10.0,1,0,1,1,2.5,2,1,1,0,5.017279836814924,6.803505257608338,3.0,46.0,2.0,0,False,False,True,False,False,False,False,False,False,0,0,0.44699546058588624,0,0.4260767914817412
8.0,0,0,1,1,4.0,3,1,1,1,6.2166061010848646,0.0,11.0,27.0,1.0,0,True,True,False,False,False,False,False,False,False,0,0,0.3046662938687503,0,0.34951239196065925
17.0,1,0,1,1,2.5,2,1,1,0,5.303304908059076,5.707110264748875,3.0,43.0,1.0,1,False,True,False,False,False,False,False,False,False,0,0,0.17233742014567388,0,0.27619643056671395
12.0,0,0,1,1,3.5,3,1,1,0,6.2166061010848646,0.0,9.0,31.0,1.0,0,True,False,False,False,False,False,True,False,False,1,1,0.5867539661660063,0,0.49657350226558505
17.0,1,0,1,1,1.25,2,0,1,1,5.303304908059076,4.61512051684126,3.0,67.0,1.0,1,False,False,False,False,False,False,True,False,False,1,0,0.22391013389608339,0,0.3740238532578924
5.0,1,0,1,1,2.0,3,1,1,1,6.2166061010848646,0.0,10.0,31.0,1.0,0,True,False,False,False,False,False,False,True,False,0,1,0.5013017484243015,0,0.46540225712633415
14.0,0,0,1,1,2.0,3,1,1,1,6.2166061010848646,0.0,17.0,46.0,1.0,0,True,False,False,False,False,False,False,True,False,1,1,0.5145355643387429,0,0.47764942877711347
15.0,0,1,1,1,1.8333333333333333,2,1,1,1,6.2166061010848646,6.080764968901083,5.0,62.0,2.0,1,True,False,True,False,False,False,False,False,False,1,0,0.30961215168762324,0,0.4940806956906611
12.0,0,0,1,1,1.6666666666666667,3,1,1,1,7.601402334583733,7.273092595999522,17.0,33.0,1.0,0,True,False,False,False,False,False,False,True,False,1,0,0.47652179483360213,0,0.46256292839681984
5.0,1,0,1,1,1.0,2,1,1,1,7.601402334583733,6.2166061010848646,3.0,45.0,2.0,0,True,False,False,False,False,False,False,False,False,1,0,0.36737597725033694,0,0.3332923717678548
8.0,0,0,1,1,1.6666666666666667,3,1,1,0,7.601402334583733,6.68586094706836,7.0,31.0,1.0,0,True,False,False,True,False,False,False,False,False,1,1,0.8067986462719121,1,0.7635912881877157
8.0,1,0,1,1,4.0,2,1,1,1,6.2166061010848646,0.0,15.0,40.0,1.0,0,True,False,False,False,True,False,False,False,False,1,0,0.31318678556557095,0,0.4164679736664016
8.0,0,0,1,1,1.0,3,1,1,1,6.2166061010848646,0.0,15.0,41.0,2.0,0,False,False,False,False,False,False,True,False,False,0,0,0.47826653728392715,0,0.43873554606934123
12.0,1,0,1,1,2.0,3,1,1,0,6.2166061010848646,7.006242225696791,15.0,31.0,1.0,0,True,False,False,False,False,False,True,False,False,1,1,0.5588020866086152,1,0.541738167132657
17.0,1,0,1,1,1.6666666666666667,3,1,0,1,6.2166061010848646,7.601402334583733,10.0,37.0,1.0,1,True,False,False,False,False,False,False,True,False,0,0,0.3468633022994896,0,0.4038216344455447
15.0,0,0,1,1,0.6,3,1,1,1,6.68586094706836,0.0,17.0,47.0,1.0,0,True,True,False,False,False,False,False,False,False,0,0,0.2938493352379009,0,0.24624267743547315
12.0,0,1,1,1,2.5,2,1,1,1,4.61512051684126,7.989221408815276,12.0,34.0,1.0,1,False,False,False,True,False,False,False,False,False,1,1,0.6238879647942304,1,0.641754701593692
13.0,0,0,1,1,1.0,3,1,1,1,7.0909098220799835,5.121977881431629,15.0,46.0,1.0,0,True,False,False,False,False,False,False,True,False,0,0,0.4899574297816397,0,0.4815056707591626
11.0,1,0,1,1,1.0,3,1,1,0,6.90875477931522,0.0,8.0,35.0,2.0,0,True,False,False,False,False,False,False,True,False,0,1,0.5749946112091958,1,0.5219666382332617
10.0,0,0,1,1,4.0,3,0,1,0,5.993961427306569,0.0,13.0,34.0,2.0,0,True,False,False,False,False,False,False,False,False,1,1,0.5162952134058105,0,0.4956406374745235
12.0,1,0,1,1,0.8,3,1,1,1,7.0909098220799835,7.1316985104669115,18.0,44.0,2.0,0,True,False,True,False,False,False,False,False,False,0,0,0.41937406866435684,0,0.3861078388703165
13.0,1,0,1,1,3.0,2,1,1,1,5.993961427306569,3.7534179752515073,3.0,50.0,1.0,0,False,False,False,False,False,True,False,False,False,1,0,0.49936414854912814,1,0.5969393601081538
18.0,1,0,1,1,1.0,3,1,1,1,7.313886831633462,0.0,15.0,46.0,1.0,0,True,True,False,False,False,False,False,False,False,0,0,0.2703885097174891,0,0.2617643205281697
15.0,1,0,1,1,1.0,3,1,1,1,6.2166061010848646,0.0,17.0,39.0,1.0,0,False,False,False,False,False,False,True,False,False,0,0,0.44772266951160167,0,0.4383645270611989
5.0,0,0,1,0,1.3333333333333333,2,1,1,1,4.61512051684126,7.724667566876013,3.0,67.0,1.0,0,False,False,False,False,False,False,True,False,False,0,0,0.35785179379956356,0,0.3607049922264426
17.0,1,1,1,1,4.0,3,1,1,1,5.303304908059076,5.949339620807311,11.0,38.0,1.0,1,False,False,False,True,False,False,False,False,False,1,1,0.6585031409440825,1,0.6679385468699037
14.0,1,0,1,1,2.0,2,1,1,1,6.2166061010848646,7.467942332285852,15.0,36.0,1.0,0,True,True,False,False,False,False,False,False,False,0,0,0.22909425638189143,0,0.24997162608254078
17.0,1,0,1,1,6.0,3,1,1,1,6.2166061010848646,3.1918471524802814,9.0,38.0,1.0,0,True,False,True,False,False,False,False,False,False,0,0,0.4320175092375662,0,0.34325108706523927
19.0,0,0,1,1,1.1666666666666667,3,1,1,1,7.0909098220799835,3.1103356562929947,12.0,51.0,1.0,0,True,False,False,True,False,False,False,False,False,0,1,0.7501917065536726,1,0.6536634520364585
15.0,0,0,1,1,1.6666666666666667,2,0,0,0,6.2166061010848646,5.303304908059076,12.0,44.0,1.0,0,False,False,False,False,False,True,False,False,False,1,1,0.5745184279219421,1,0.6015355227472581
17.0,1,0,1,1,1.0,3,1,1,1,6.2166061010848646,0.0,17.0,51.0,2.0,0,True,False,False,False,False,False,False,True,False,0,0,0.499196027527868,0,0.4869119186669489
19.0,1,0,1,1,1.5,3,1,1,1,6.2166061010848646,6.664834100059253,12.0,39.0,2.0,1,True,False,False,True,False,False,False,False,False,0,1,0.6056117512864735,1,0.5909887225665501
15.0,0,0,1,1,1.3333333333333333,3,1,1,1,8.006700845440367,9.282754052485227,17.0,55.0,1.0,0,True,False,False,False,False,False,False,False,True,0,0,0.37730727215357285,0,0.3556501138772415
18.0,1,1,1,1,0.4,3,1,1,1,5.303304908059076,6.90875477931522,12.0,51.0,2.0,0,True,False,False,False,False,False,True,False,False,1,1,0.5484895879505823,1,0.5852242302403752
14.0,1,0,1,1,1.0,3,1,1,1,9.61587214452889,9.210440366976517,18.0,53.0,1.0,0,True,False,False,False,False,True,False,False,False,1,1,0.5353061209722689,1,0.5148019229226077
10.0,1,1,1,1,4.5,3,1,1,1,5.993961427306569,1.6945957207744073,7.0,44.0,1.0,1,True,False,False,False,False,False,True,False,False,1,0,0.4076810878512446,0,0.4809115975379223
8.0,1,0,1,1,3.0,2,1,1,0,5.017279836814924,8.517393171418904,6.0,35.0,1.0,0,False,False,False,False,False,False,False,False,True,1,0,0.40114240634541604,0,0.4754454724129542
19.0,0,0,1,1,1.0,3,1,1,1,7.313886831633462,5.5254529391317835,14.0,43.0,1.0,0,True,False,False,False,False,True,False,False,False,0,1,0.570891873188984,1,0.5419981127846498
15.0,0,0,1,1,1.0,3,1,1,1,6.90875477931522,7.033800385832796,5.0,44.0,1.0,0,True,False,False,False,False,True,False,False,False,0,1,0.5743629975050524,1,0.5679387089665262
7.0,1,0,1,1,1.5,3,1,1,0,7.601402334583733,3.9318256327243257,4.0,68.0,1.0,0,True,False,False,False,False,False,False,True,False,1,1,0.5780254985311593,1,0.5238782270019791
12.0,1,0,1,1,1.5,3,1,1,1,5.860786223465865,5.707110264748875,10.0,46.0,1.0,0,True,False,False,True,False,False,False,False,False,1,1,0.7543231917876672,1,0.7961835447265699
13.0,0,0,1,1,1.3333333333333333,2,1,1,1,4.61512051684126,0.0,5.0,52.0,1.0,0,False,False,True,False,False,False,False,False,False,0,0,0.38248404063854,0,0.42081627217153217
10.0,0,0,1,1,5.0,3,1,1,1,2.3978952727983707,3.8066624897703196,12.0,38.0,1.0,0,True,False,False,True,False,False,False,False,False,1,1,0.8065384465806826,1,0.792575274735437
16.0,0,0,1,1,5.0,3,1,1,1,6.2166061010848646,2.70805020110221,5.0,34.0,2.0,0,True,False,False,False,False,False,True,False,False,1,0,0.4925462208312177,0,0.4742469364939867
13.0,0,0,1,1,2.3333333333333335,2,1,1,1,5.707110264748875,0.0,12.0,45.0,1.0,0,True,False,False,True,False,False,False,False,False,1,1,0.7311445629729982,1,0.7454393419909907
18.0,1,0,1,1,0.75,3,1,1,1,6.2166061010848646,0.0,7.0,76.0,2.0,0,True,False,False,False,False,False,True,False,False,0,0,0.49225525719216967,0,0.47390509728478203
8.0,1,0,1,1,2.0,3,1,1,1,6.2166061010848646,7.313886831633462,8.0,43.0,1.0,0,True,False,False,False,False,False,False,False,False,0,0,0.43689444310925507,0,0.43811991607253026
8.0,1,0,1,1,4.0,3,1,1,1,6.2166061010848646,6.459121675472594,12.0,32.0,1.0,0,True,False,False,False,False,False,False,True,False,0,0,0.4921352567175046,0,0.46385230849383846
11.0,0,0,1,1,2.0,3,1,1,1,6.90875477931522,0.0,17.0,35.0,2.0,0,True,False,True,False,False,False,False,False,False,1,0,0.4491581901428012,0,0.4037005287655587
6.0,0,0,1,0,3.0,2,1,1,0,5.017279836814924,8.517393171418904,6.0,35.0,1.0,0,False,False,False,False,False,False,False,False,True,1,0,0.34354868035685676,0,0.462305434520988
13.0,1,0,1,1,1.5,3,1,1,0,6.2166061010848646,6.2166061010848646,9.0,38.0,1.0,0,True,False,False,False,False,False,True,False,False,0,1,0.5569328936272531,1,0.5071386079875956
14.0,0,0,1,1,2.0,2,0,1,0,3.4339872044851463,8.160803920954665,5.0,49.0,1.0,0,False,False,False,False,True,False,False,False,False,0,0,0.3390333041223581,0,0.2377145375888365
5.0,1,0,1,0,1.0,3,1,1,1,7.601402334583733,4.767855768265187,15.0,28.0,1.0,0,True,False,False,True,False,False,False,False,False,1,1,0.6744574108238414,1,0.7858133058631283
18.0,1,0,1,1,1.0,3,1,1,1,6.2166061010848646,0.0,12.0,39.0,2.0,0,True,False,False,False,False,False,False,True,False,0,0,0.4870121197460325,0,0.49520411628767974
16.0,1,0,1,1,0.75,3,1,1,1,6.2166061010848646,7.00397413672268,12.0,58.0,1.0,0,True,False,True,False,False,False,False,False,False,1,0,0.4238613258306434,0,0.3957713453351198
19.0,1,0,1,1,0.75,3,1,1,1,6.2166061010848646,3.5361166995615263,12.0,18.0,1.0,1,True,False,False,False,False,False,True,False,False,0,0,0.30347306803591007,0,0.2861828211654404
5.0,1,0,1,0,1.3333333333333333,3,1,1,1,6.2166061010848646,3.9318256327243257,13.0,40.0,1.0,0,True,False,False,False,True,False,False,False,False,1,0,0.28617886149213695,0,0.4159008513698375
18.0,0,0,1,1,2.0,2,0,0,1,5.303304908059076,10.543919375424078,4.0,40.0,1.0,0,False,False,False,False,False,False,False,True,False,1,0,0.3788214786948962,0,0.3647605878564034
14.0,0,0,1,1,1.0,3,1,1,1,7.313886831633462,0.0,12.0,65.0,1.0,0,True,False,False,False,False,False,False,True,False,1,1,0.5040060168133146,0,0.48041453001659185
14.0,1,1,1,1,1.0,3,1,1,1,7.601402334583733,0.0,14.0,53.0,1.0,0,True,False,False,False,False,False,False,True,False,1,1,0.5490408184490828,1,0.5275400988863783
16.0,0,0,1,1,3.5,2,0,1,1,4.61512051684126,5.880931949102981,3.0,51.0,1.0,1,False,False,False,False,False,False,True,False,False,0,0,0.23885071308743125,0,0.30703795482034624
13.0,0,0,1,1,3.0,3,1,0,1,5.860786223465865,6.68586094706836,12.0,29.0,2.0,0,True,False,False,False,False,False,False,False,False,0,0,0.4807468423163925,0,0.4711331960736915
18.0,0,0,1,1,1.0,2,1,1,1,3.9318256327243257,8.58191919497788,7.0,64.0,1.0,1,False,False,True,False,False,False,False,False,False,1,0,0.24254496141625986,0,0.2109169989835743
10.0,1,0,1,1,1.6666666666666667,2,0,0,1,6.803505257608338,5.8888779583328805,17.0,33.0,2.0,0,True,False,False,False,False,False,False,False,False,0,0,0.3566834726086292,0,0.35212759809404226
17.0,0,0,1,1,5.0,3,1,1,1,6.2166061010848646,0.0,5.0,36.0,1.0,0,True,False,False,False,False,False,False,False,True,0,0,0.4066166102900153,0,0.4146687099503161
12.0,0,0,1,1,2.0,3,1,1,1,6.2166061010848646,4.966335035199676,15.0,43.0,2.0,0,True,False,True,False,False,False,False,False,False,1,0,0.45058782167939415,0,0.4172585877897803
8.0,0,0,1,1,1.6,3,1,1,1,4.61512051684126,5.7477993600729755,2.0,48.0,1.0,0,False,False,False,False,False,False,True,False,False,1,0,0.4812027352315679,1,0.5990828557895334
13.0,1,0,1,1,1.3333333333333333,3,1,1,1,6.90875477931522,0.0,14.0,42.0,2.0,0,True,False,False,True,False,False,False,False,False,1,1,0.754007930740745,1,0.8226332719788465
10.0,1,0,1,1,1.5,2,1,1,0,6.398594934535208,5.812138499293826,5.0,36.0,1.0,0,False,False,False,False,False,True,False,False,False,1,1,0.574341388377769,1,0.5800124326615762
7.0,1,1,1,1,0.75,2,1,1,1,6.2166061010848646,0.0,13.0,20.0,2.0,0,True,False,True,False,False,False,False,False,False,1,0,0.4447240056392058,1,0.5199479577602576
9.0,0,0,1,1,1.6666666666666667,3,1,1,1,6.2166061010848646,4.709530201312334,15.0,40.0,1.0,0,True,False,False,True,False,False,False,False,False,0,1,0.7669438751574411,1,0.7973541459887733
7.0,1,0,1,1,1.0,3,1,1,1,6.2166061010848646,6.2166061010848646,12.0,47.0,1.0,0,True,False,False,True,False,False,False,False,False,0,1,0.7565377587640004,1,0.7369755024412629
11.0,0,0,1,1,2.3333333333333335,3,1,1,1,6.2166061010848646,3.1103356562929947,5.0,44.0,2.0,0,True,False,False,False,False,False,False,False,True,0,0,0.4114182016858724,0,0.39765384960324196
19.0,0,0,1,1,3.0,3,1,0,0,6.2166061010848646,0.0,10.0,18.0,1.0,0,False,False,False,False,False,False,False,False,False,0,1,0.5261315508821703,0,0.48086329252682314
17.0,0,1,1,1,1.0,2,1,1,1,5.993961427306569,6.90875477931522,2.0,51.0,1.0,1,False,False,True,False,False,False,False,False,False,1,0,0.2692503557331969,0,0.3779532896970189
11.0,0,0,1,1,1.75,3,1,1,1,6.90875477931522,6.754770585794848,11.0,43.0,1.0,0,True,False,False,False,False,False,True,False,False,0,0,0.47848849670743676,0,0.4418765378407533
13.0,0,0,1,1,1.25,3,1,1,1,8.517393171418904,0.0,18.0,48.0,1.0,0,True,False,False,False,False,False,False,True,False,1,0,0.4844587829840799,0,0.4780065258929776
6.0,0,0,1,1,4.0,3,1,1,1,6.2166061010848646,5.198497031265826,8.0,58.0,2.0,0,True,False,False,False,False,False,False,True,False,1,1,0.529401815877603,1,0.5155734435932792
9.0,0,0,1,1,2.0,3,1,0,0,5.707110264748875,4.61512051684126,12.0,36.0,1.0,0,False,False,False,False,False,True,False,False,False,0,1,0.6888821610695636,1,0.5674167887973701
19.0,0,1,1,1,2.0,2,0,1,1,4.61512051684126,7.601402334583733,5.0,62.0,1.0,1,False,False,False,True,False,False,False,False,False,0,1,0.5755782713814174,1,0.5294397418793652
11.0,1,0,1,1,3.0,3,1,1,1,6.2166061010848646,0.0,0.0,44.0,1.0,0,True,True,False,False,False,False,False,False,False,0,0,0.28740862603814776,0,0.3803056855512698
9.0,1,0,1,1,1.0,3,1,1,1,6.2166061010848646,3.9318256327243257,17.0,32.0,2.0,0,True,False,False,True,False,False,False,False,False,1,1,0.756840815942906,1,0.7983163050795796
5.0,0,0,1,1,2.3333333333333335,2,0,0,0,6.90875477931522,5.288988271259519,6.0,41.0,1.0,0,True,False,False,False,False,False,False,False,False,0,0,0.4611755394336964,0,0.3866516395780025
5.0,1,0,1,1,1.3333333333333333,3,1,1,1,6.2166061010848646,8.195885391314796,17.0,37.0,1.0,0,True,False,False,False,False,False,False,False,True,1,0,0.3944275745702499,0,0.39151317650594053
19.0,1,0,1,1,1.0,3,1,1,1,6.2166061010848646,8.124446855715847,17.0,73.0,1.0,0,True,False,True,False,False,False,False,False,False,0,0,0.42959263154630845,0,0.46776854349071334
11.0,0,0,1,1,3.0,2,0,0,0,5.303304908059076,7.0909098220799835,8.0,33.0,1.0,0,False,False,False,False,False,True,False,False,False,0,1,0.584895639767821,1,0.5757384463586616
11.0,1,0,1,1,1.6666666666666667,2,1,1,0,6.2166061010848646,0.0,2.0,28.0,2.0,0,True,False,False,False,False,False,False,False,False,0,0,0.467744919759735,0,0.43701999642366857
13.0,1,0,1,1,2.5,3,0,1,0,6.2166061010848646,0.0,15.0,38.0,2.0,0,True,False,False,False,False,False,False,False,False,1,0,0.4926236193427272,0,0.489977605903328
17.0,0,0,1,1,5.0,2,0,0,0,6.2166061010848646,0.0,5.0,58.0,2.0,1,True,False,False,False,False,False,False,False,False,0,0,0.33262202604737107,0,0.3767261182473106
17.0,1,0,1,1,0.5,3,0,0,1,6.2166061010848646,0.0,11.0,17.0,1.0,1,True,False,False,False,False,True,False,False,False,0,0,0.3921125987150226,0,0.3248557470698632
11.0,0,0,1,1,1.25,3,1,1,1,5.303304908059076,6.089044875446846,0.0,88.0,2.0,0,True,False,False,True,False,False,False,False,False,1,1,0.7856917192372632,1,0.7569649911200118
18.0,0,0,1,1,1.3333333333333333,3,1,1,1,5.860786223465865,4.151039905898646,3.0,49.0,1.0,0,True,False,True,False,False,False,False,False,False,0,0,0.43548272842033653,0,0.4358931409077689
9.0,0,0,1,1,2.0,2,1,1,1,6.90875477931522,5.929589143389895,6.0,47.0,1.0,0,True,False,True,False,False,False,False,False,False,0,0,0.3782797205801923,0,0.40338443874774804
16.0,0,0,1,1,3.0,2,1,1,1,5.303304908059076,0.0,6.0,68.0,1.0,0,False,False,False,False,True,False,False,False,False,1,0,0.30375769435586547,0,0.3832255639905607
15.0,1,0,1,1,1.0,3,1,1,1,5.993961427306569,6.2166061010848646,12.0,49.0,2.0,0,True,False,False,True,False,False,False,False,False,1,1,0.753094316423803,1,0.7365116543893104
16.0,1,1,1,1,1.0,3,1,1,1,6.2166061010848646,6.621405651764134,12.0,50.0,2.0,0,True,False,False,True,False,False,False,False,False,1,1,0.7978491859937443,1,0.712934029871612
18.0,1,0,1,1,4.0,2,1,1,0,5.707110264748875,6.152200638293575,12.0,39.0,1.0,0,False,False,False,False,True,False,False,False,False,0,0,0.34453046344954125,0,0.2578946578393908
17.0,0,1,1,1,1.4,2,1,1,1,6.2166061010848646,6.2166061010848646,4.0,41.0,2.0,0,False,False,True,False,False,False,False,False,False,1,0,0.40790515892505025,0,0.4460898926820591
6.0,0,0,1,1,1.3333333333333333,3,1,1,1,6.2166061010848646,0.0,15.0,26.0,1.0,0,True,False,False,True,False,False,False,False,False,1,1,0.7704160722388146,1,0.8508594571970398
5.0,0,0,1,0,1.0,2,1,1,1,6.55250788703459,8.006700845440367,12.0,43.0,1.0,0,False,False,True,False,False,False,False,False,False,0,0,0.2856935879327193,0,0.3003169617416212
13.0,0,0,1,1,1.3333333333333333,3,1,1,1,6.2166061010848646,0.0,11.0,34.0,1.0,0,True,True,False,False,False,False,False,False,False,0,0,0.29404238500892016,0,0.3064200881346564
15.0,0,0,1,1,1.5,2,0,1,0,3.044522437723423,5.589742425278652,5.0,43.0,1.0,1,False,False,False,False,False,False,True,False,False,1,0,0.3236347544883866,0,0.41849390856800084
12.0,0,0,1,1,2.0,3,1,1,1,6.2166061010848646,5.5254529391317835,14.0,51.0,1.0,0,True,False,False,False,False,False,False,True,False,0,1,0.5080786452626537,0,0.48401013178735114
5.0,0,0,1,0,1.0,3,1,1,1,6.90875477931522,8.11202803831707,18.0,44.0,1.0,0,True,False,True,False,False,False,False,False,False,1,0,0.365395492165357,0,0.3867629596778819
17.0,0,0,1,1,3.0,3,1,1,1,6.2166061010848646,0.0,9.0,60.0,2.0,0,True,False,False,False,False,True,False,False,False,0,1,0.6153254501791828,1,0.533990716804591
9.0,1,1,1,1,4.0,3,1,1,1,5.707110264748875,4.5512418439625355,2.0,40.0,1.0,0,True,False,False,False,False,False,True,False,False,0,1,0.5557750447948678,1,0.5254499372524009
8.0,1,0,1,1,2.5,2,1,1,1,6.2166061010848646,0.0,10.0,41.0,1.0,0,False,True,False,False,False,False,False,False,False,1,0,0.2247587385504129,0,0.18056690357007948
8.0,1,0,1,1,1.5,3,1,1,1,6.2166061010848646,3.4339872044851463,12.0,61.0,1.0,0,True,False,False,True,False,False,False,False,False,1,1,0.7662525409192956,1,0.711074880772573
10.0,0,0,1,1,1.5,3,1,1,0,6.2166061010848646,5.812138499293826,12.0,56.0,2.0,0,False,False,False,False,False,False,False,False,True,1,0,0.4761664623702734,1,0.5379567890041415
13.0,1,0,1,1,2.0,2,1,1,0,6.2166061010848646,7.1316985104669115,10.0,38.0,1.0,0,True,False,False,True,False,False,False,False,False,0,1,0.7683031176136487,1,0.7091656288034554
13.0,1,0,1,1,1.0,3,1,1,1,6.2166061010848646,0.0,12.0,30.0,1.0,0,True,False,False,False,False,False,False,True,False,0,0,0.48559097165463194,0,0.4473896334950416
18.0,1,0,1,1,2.0,3,1,1,1,6.2166061010848646,7.026426808699636,14.0,54.0,1.0,0,True,True,False,False,False,False,False,False,False,0,0,0.2771595804252376,0,0.24894013953409952
12.0,0,0,1,1,2.6666666666666665,3,1,1,0,6.2166061010848646,0.0,12.0,42.0,1.0,0,True,False,False,True,False,False,False,False,False,1,1,0.8294006277402909,1,0.7612467963556676
16.0,0,0,1,1,2.0,3,1,1,1,6.2166061010848646,4.330733340286331,10.0,16.0,2.0,0,True,False,False,False,False,False,False,True,False,0,0,0.4850624387781934,0,0.48995992381681147
5.0,0,0,1,0,1.0,3,1,1,1,6.2166061010848646,0.0,18.0,34.0,1.0,0,True,False,False,True,False,False,False,False,False,1,1,0.7153283759283865,1,0.8062496430518756
17.0,0,0,1,1,1.6666666666666667,3,1,1,1,6.2166061010848646,5.081404364984463,9.0,42.0,1.0,0,True,False,True,False,False,False,False,False,False,1,0,0.43181311350358864,0,0.42436615151814594
5.0,0,0,1,1,2.0,1,0,0,0,4.61512051684126,8.922791623969637,8.0,26.0,1.0,0,False,False,False,False,False,True,False,False,False,0,1,0.5345629953126964,0,0.4441652055627862
10.0,1,0,1,1,1.0,3,1,1,1,6.2166061010848646,0.0,12.0,31.0,1.0,0,True,False,False,True,False,False,False,False,False,1,1,0.7547606781264119,1,0.7651001616863431
14.0,0,0,1,1,1.25,3,1,1,1,6.90875477931522,5.75890177387728,12.0,45.0,1.0,0,True,False,False,False,False,False,False,False,True,0,0,0.3903225786636526,0,0.29103597365655837
6.0,0,0,1,1,2.0,3,1,1,1,6.90875477931522,0.0,18.0,40.0,1.0,0,True,False,False,False,False,True,False,False,False,1,1,0.6115844427953426,1,0.5705340844734687
18.0,0,1,1,1,2.5,3,1,1,1,8.006700845440367,0.0,17.0,38.0,1.0,0,True,False,False,False,False,False,True,False,False,0,1,0.5377075055456042,0,0.49947548904822253
18.0,0,0,1,1,2.5,3,1,1,1,6.2166061010848646,6.329720905522696,8.0,32.0,1.0,0,True,False,False,False,False,False,False,False,False,1,0,0.4319325744559806,0,0.4478589184712284
19.0,0,0,1,1,1.5,3,1,1,0,7.601402334583733,3.5361166995615263,5.0,44.0,1.0,0,True,False,False,False,False,False,False,True,False,0,1,0.5604206064762296,1,0.5202137309180329
16.0,0,0,1,1,1.0,3,1,1,1,7.0909098220799835,5.860786223465865,12.0,45.0,1.0,0,True,False,False,True,False,False,False,False,False,1,1,0.7469858556275792,1,0.7426532601147996
17.0,1,0,1,1,1.0,2,1,1,1,7.313886831633462,3.258096538021482,5.0,66.0,1.0,0,True,False,True,False,False,False,False,False,False,1,0,0.3585083381989244,0,0.4423199769610159
10.0,0,0,1,1,1.25,2,1,1,1,7.0909098220799835,7.3783837129967145,12.0,55.0,1.0,0,True,False,True,False,False,False,False,False,False,0,0,0.3779109961044762,0,0.41452183602626
15.0,0,0,1,1,1.0,3,1,1,0,6.90875477931522,5.017279836814924,5.0,59.0,2.0,0,True,False,False,True,False,False,False,False,False,1,1,0.8179156656049936,1,0.7007471422037844
7.0,0,1,1,1,1.25,3,1,1,1,6.398594934535208,4.795790545596741,12.0,51.0,1.0,0,True,False,False,True,False,False,False,False,False,0,1,0.8150553675562585,1,0.6749442437097687
13.0,0,0,1,1,2.0,3,1,1,1,6.2166061010848646,6.7266330027636645,12.0,39.0,1.0,0,True,False,False,False,False,False,False,True,False,0,0,0.4957066937046724,0,0.46599524853176433
6.0,0,1,1,1,1.0,3,1,1,1,7.313886831633462,10.691967639914864,17.0,42.0,1.0,0,True,False,False,True,False,False,False,False,False,0,1,0.7997816500707517,1,0.7760920233910715
8.0,0,0,1,1,1.6666666666666667,3,1,1,1,7.601402334583733,8.699681400989514,17.0,34.0,2.0,0,True,False,False,False,False,False,False,True,False,0,0,0.48563203985422493,0,0.44983584265617954
16.0,0,1,1,1,1.3333333333333333,3,1,1,1,5.303304908059076,6.621405651764134,12.0,47.0,1.0,0,True,False,False,True,False,False,False,False,False,1,1,0.8115528573103441,1,0.794918953590849
10.0,1,1,1,1,1.6666666666666667,3,1,1,0,5.993961427306569,6.55250788703459,10.0,52.0,1.0,0,True,False,False,True,False,False,False,False,False,0,1,0.8557427278395925,1,0.7021866927046839
14.0,1,0,1,1,1.0,3,1,1,1,7.496097345175956,8.182000136293405,7.0,61.0,1.0,0,True,False,False,True,False,False,False,False,False,1,1,0.7350907877230616,1,0.7348143740686781
14.0,0,0,1,1,1.0,3,1,1,1,7.313886831633462,7.196187070324464,17.0,41.0,1.0,0,True,False,False,True,False,False,False,False,False,1,1,0.7462024647564488,1,0.8092583852750304
18.0,0,0,1,1,0.8333333333333334,3,1,1,0,6.2166061010848646,6.46302945692067,6.0,58.0,1.0,1,True,False,False,True,False,False,False,False,False,1,1,0.7030642815701151,1,0.5587289840379773
9.0,1,0,1,1,0.8571428571428571,3,1,1,1,5.993961427306569,7.658070132598423,12.0,52.0,1.0,0,True,False,False,True,False,False,False,False,False,1,1,0.7560718440288086,1,0.7964233304588624
10.0,0,0,1,1,4.0,3,1,1,1,6.2166061010848646,3.713572066704308,10.0,33.0,1.0,0,True,False,True,False,False,False,False,False,False,0,0,0.44870843934471755,0,0.4299289478713306
8.0,0,0,1,1,2.5,2,1,1,0,6.2166061010848646,6.55250788703459,3.0,32.0,1.0,0,False,False,False,True,False,False,False,False,False,1,1,0.758022319252979,1,0.6313209561900985
17.0,1,0,1,1,3.0,3,1,1,0,6.2166061010848646,0.0,6.0,51.0,2.0,1,True,False,False,False,False,False,False,True,False,1,0,0.4327538933022725,0,0.3961904889175802
16.0,0,1,1,1,3.5,2,0,1,1,3.9318256327243257,5.957686140558988,5.0,46.0,1.0,1,False,False,True,False,False,False,False,False,False,1,0,0.2610223262946533,0,0.24628555025329546
9.0,0,0,1,1,1.6666666666666667,2,0,1,1,4.394449154672439,7.937731775260109,4.0,48.0,1.0,1,False,False,True,False,False,False,False,False,False,0,0,0.20874167797437093,0,0.15022565859561798
16.0,0,0,1,1,1.6666666666666667,3,1,1,1,7.313886831633462,6.90875477931522,8.0,48.0,2.0,0,True,False,False,True,False,False,False,False,False,1,1,0.7473913691511356,1,0.736164585024605
6.0,0,1,1,0,3.0,2,1,1,1,6.2166061010848646,8.273251517464745,1.0,48.0,1.0,0,False,False,False,False,False,False,False,True,False,0,0,0.4045499448900895,0,0.3557161365540958
15.0,0,0,1,1,1.0,3,1,1,1,7.601402334583733,0.0,17.0,40.0,1.0,0,True,False,False,False,True,False,False,False,False,0,0,0.34488997769716184,0,0.4583195585782731
17.0,1,0,1,1,3.0,3,1,1,1,6.2166061010848646,5.121977881431629,2.0,49.0,1.0,1,True,False,False,False,False,False,False,True,False,1,0,0.3296646527170597,0,0.370684734744583
8.0,1,0,1,1,2.0,3,1,1,1,6.2166061010848646,7.026426808699636,12.0,49.0,1.0,0,True,False,False,False,False,False,False,True,False,1,0,0.4946691313859215,1,0.5129409527651122
9.0,0,0,1,1,5.0,2,1,1,1,5.017279836814924,0.0,12.0,32.0,1.0,0,False,False,True,False,False,False,False,False,False,0,0,0.3882017481814355,0,0.31518396265848353
17.0,1,0,1,1,1.3333333333333333,3,1,1,1,7.824445930877619,7.226936018493289,15.0,40.0,2.0,0,True,False,False,False,False,True,False,False,False,1,1,0.5542215732221103,1,0.5483385101209126
7.0,1,0,1,1,5.0,3,1,0,0,6.2166061010848646,0.0,12.0,28.0,1.0,0,True,False,False,False,False,False,False,True,False,1,1,0.6251478246381191,1,0.5837332655980007
14.0,0,0,1,1,2.5,3,0,1,1,6.2166061010848646,0.0,13.0,33.0,1.0,0,True,False,False,False,False,False,False,False,True,1,0,0.3612148567121153,0,0.3560586341864964
12.0,0,0,1,1,1.0,3,1,1,1,7.824445930877619,8.464003362902119,17.0,45.0,1.0,0,True,False,False,False,False,False,False,True,False,0,0,0.4760955703946499,0,0.4351493305972248
10.0,0,1,1,1,4.0,2,1,1,0,6.2166061010848646,0.0,8.0,29.0,1.0,0,False,False,False,False,False,False,False,True,False,1,1,0.5799655726535107,0,0.43994067791834907
11.0,0,0,1,1,4.5,2,1,1,0,6.398594934535208,5.135144628592843,5.0,54.0,1.0,0,False,False,False,False,False,True,False,False,False,1,1,0.6073464982982156,1,0.6514466973890006
17.0,1,0,1,1,1.0,3,1,1,1,7.601402334583733,0.0,17.0,42.0,2.0,0,True,False,False,True,False,False,False,False,False,1,1,0.7426722474031389,1,0.8496441180496345
13.0,0,0,1,1,2.5,3,0,1,1,6.2166061010848646,0.0,6.0,54.0,1.0,0,True,False,False,False,False,False,False,False,False,1,0,0.41510970864432983,0,0.44518532205019007
17.0,0,0,1,1,1.25,3,1,1,1,7.313886831633462,6.398594934535208,5.0,46.0,1.0,0,True,False,False,False,True,False,False,False,False,0,0,0.33064217629420595,0,0.38408008803297916
7.0,1,0,1,1,1.0,2,1,1,1,5.017279836814924,7.313886831633462,12.0,43.0,1.0,0,False,False,False,False,False,False,True,False,False,0,0,0.40343267388697335,0,0.3640373469569303
18.0,1,0,1,1,2.5,3,0,0,1,6.2166061010848646,0.0,17.0,63.0,2.0,1,True,False,False,False,False,False,False,False,False,1,0,0.2944693605855894,0,0.39612141577400417
7.0,0,0,1,1,1.5,3,1,1,1,6.2166061010848646,0.0,12.0,62.0,2.0,0,True,False,False,False,False,False,False,True,False,1,1,0.5349992977074491,0,0.4915222196516021
11.0,0,0,1,1,1.0,3,1,1,1,6.2166061010848646,6.073812288456735,14.0,37.0,2.0,0,True,False,True,False,False,False,False,False,False,1,0,0.44290074018309356,0,0.3966909022353743
16.0,0,0,1,1,0.75,2,1,1,1,5.303304908059076,0.0,2.0,45.0,2.0,0,False,False,True,False,False,False,False,False,False,0,0,0.36578448148115345,0,0.44390123630991624
5.0,1,0,1,0,1.5,2,0,1,0,4.61512051684126,0.0,12.0,44.0,2.0,0,False,False,False,False,True,False,False,False,False,1,0,0.2756407259362993,0,0.3647249653163719
15.0,1,1,1,1,1.0,2,1,1,1,5.017279836814924,4.836281906951478,3.0,39.0,1.0,1,False,False,False,True,False,False,False,False,False,0,1,0.5979803650808236,1,0.6133168805124645
16.0,0,1,1,1,1.25,3,1,1,1,6.2166061010848646,0.0,12.0,34.0,1.0,0,True,False,False,True,False,False,False,False,False,1,1,0.8069010993154077,1,0.8002966212165583
17.0,1,0,1,1,1.5,3,1,1,1,6.2166061010848646,0.0,17.0,55.0,1.0,0,True,False,False,False,False,False,False,False,True,0,0,0.40074572956462057,0,0.32647138560949523
18.0,0,1,1,1,2.0,3,1,1,1,6.2166061010848646,0.0,7.0,22.0,1.0,0,True,False,False,False,False,False,True,False,False,0,1,0.5440705492337434,1,0.5019362556252276
8.0,0,0,1,1,0.8,2,1,1,1,6.2166061010848646,8.740496729931813,14.0,30.0,2.0,0,True,False,False,False,False,True,False,False,False,1,1,0.5350879098507771,0,0.4118081462508241
11.0,1,1,1,1,4.0,2,0,1,0,6.2166061010848646,3.258096538021482,11.0,42.0,1.0,0,False,False,False,False,False,False,False,True,False,1,1,0.518599417616598,0,0.495258827031047
15.0,0,0,1,1,1.0,3,1,1,1,6.2166061010848646,3.9318256327243257,17.0,32.0,2.0,0,True,False,False,True,False,False,False,False,False,1,1,0.760211702189211,1,0.8245492164178543
12.0,0,0,1,1,2.6666666666666665,3,1,1,1,7.313886831633462,6.621405651764134,6.0,49.0,2.0,0,True,False,False,False,False,False,False,True,False,1,0,0.4909042476606264,1,0.5202631671062021
11.0,0,0,1,1,2.5,3,1,1,0,7.313886831633462,7.601402334583733,4.0,39.0,1.0,0,True,False,False,False,False,False,False,True,False,0,1,0.5693086489779938,1,0.5344404375667511
19.0,0,1,1,1,2.5,3,1,1,1,6.2166061010848646,0.0,12.0,51.0,1.0,0,True,False,False,False,False,False,False,True,False,1,1,0.5758375204518383,1,0.5700639672726603
12.0,1,0,1,1,1.6666666666666667,3,1,1,1,5.860786223465865,6.293419278846481,12.0,30.0,1.0,0,True,False,False,False,True,False,False,False,False,0,0,0.3401159553953574,0,0.3806835232631457
8.0,1,0,1,1,2.3333333333333335,2,1,1,0,6.68586094706836,6.062788033933216,10.0,49.0,1.0,0,True,False,True,False,False,False,False,False,False,1,0,0.4620618270132773,1,0.5494539302753989
6.0,0,0,0,0,1.0,3,1,1,1,6.398594934535208,6.8308742346461795,14.0,50.0,1.0,0,True,False,False,True,False,False,False,False,False,0,0,0.3613251188235516,1,0.7284122858662839
6.0,0,1,1,1,0.8333333333333334,3,1,1,1,6.2166061010848646,4.948759890378168,15.0,53.0,1.0,0,True,False,False,False,False,False,False,True,False,0,1,0.5859308057074787,1,0.5478594189151221
10.0,1,0,1,1,3.0,3,1,1,1,6.2166061010848646,9.364576762415895,12.0,37.0,2.0,0,True,False,False,False,False,False,False,False,True,1,0,0.3902635795951766,0,0.38092924663157013
5.0,0,0,1,0,1.0,3,1,1,1,6.2166061010848646,0.0,11.0,26.0,1.0,0,False,False,True,False,False,False,False,False,False,0,0,0.34529039138952716,0,0.39314720649777163
12.0,1,0,1,1,1.0,3,1,1,1,6.2166061010848646,4.2626798770413155,12.0,59.0,1.0,0,True,False,False,True,False,False,False,False,False,0,1,0.7582604211819035,1,0.6752457710673131
11.0,0,0,1,1,2.5,3,1,1,1,6.2166061010848646,0.0,12.0,39.0,2.0,0,True,False,False,False,False,False,False,True,False,1,1,0.5180978617827442,0,0.4673721635102309
11.0,0,0,1,1,3.0,3,1,1,1,5.707110264748875,0.0,3.0,64.0,2.0,0,True,False,False,False,False,False,False,True,False,0,1,0.5347245814643236,1,0.5488130225261043
5.0,0,1,1,0,1.5,3,1,1,1,6.398594934535208,5.993961427306569,13.0,28.0,2.0,0,True,False,True,False,False,False,False,False,False,0,0,0.4359803122369844,1,0.5362147614555169
13.0,0,0,1,1,1.25,3,1,1,0,6.398594934535208,0.0,12.0,37.0,2.0,0,True,False,True,False,False,False,False,False,False,1,1,0.5391477702573366,1,0.5259498452598472
19.0,1,0,1,1,1.6666666666666667,3,1,1,0,5.303304908059076,7.601402334583733,3.0,48.0,1.0,1,False,True,False,False,False,False,False,False,False,0,0,0.20478025033292924,0,0.2925023582981453
9.0,0,0,1,1,1.6666666666666667,3,1,1,1,6.2166061010848646,5.802118375377063,12.0,43.0,1.0,0,True,False,False,False,False,False,True,False,False,0,0,0.4935135236756172,0,0.438124686343004
18.0,0,1,1,1,1.0,2,0,1,0,4.2626798770413155,8.517393171418904,0.0,69.0,2.0,0,False,False,False,False,True,False,False,False,False,0,0,0.39489952710000703,0,0.2608052286585082
14.0,1,0,1,1,1.0,3,1,1,1,6.2166061010848646,4.51085950651685,12.0,40.0,1.0,0,True,False,False,True,False,False,False,False,False,1,1,0.7471840872516865,1,0.7851793339515166
13.0,1,0,1,1,4.0,3,1,1,1,6.2166061010848646,0.0,15.0,32.0,2.0,0,True,False,False,False,False,False,False,False,True,1,0,0.40490300346491986,0,0.37954094259942245
6.0,1,0,1,1,3.5,2,1,1,1,7.3783837129967145,6.426719591169571,0.0,44.0,2.0,0,False,True,False,False,False,False,False,False,False,0,0,0.20953921503531217,0,0.2740476306870587
16.0,0,1,1,1,1.2,3,1,1,1,6.68586094706836,3.258096538021482,8.0,65.0,1.0,0,True,False,False,True,False,False,False,False,False,0,1,0.8084008624513941,1,0.6815822420606699
15.0,1,0,1,1,1.2,3,1,1,1,7.313886831633462,7.3783837129967145,12.0,43.0,1.0,0,True,False,False,True,False,False,False,False,False,1,1,0.7319892881081963,1,0.7367874903608554
15.0,1,1,1,1,1.25,2,1,1,1,7.313886831633462,0.0,12.0,43.0,1.0,0,True,False,True,False,False,False,False,False,False,0,0,0.4263652043374269,1,0.531116907968492
19.0,1,0,1,1,2.5,2,1,1,1,6.68586094706836,0.0,4.0,72.0,1.0,0,False,False,False,False,False,False,False,False,False,0,0,0.3543907740919007,0,0.4202774099352771
6.0,0,0,1,0,2.5,3,1,1,0,6.2166061010848646,6.493753839851686,14.0,37.0,1.0,0,True,False,False,True,False,False,False,False,False,1,1,0.7764061343674998,1,0.7969917765708636
16.0,1,0,1,1,1.0,3,1,1,1,7.313886831633462,6.398594934535208,10.0,45.0,1.0,0,True,False,False,False,False,False,True,False,False,1,0,0.44889172470500216,0,0.4326013448276305
14.0,1,1,1,1,1.4,2,1,1,0,6.2166061010848646,6.2166061010848646,12.0,54.0,1.0,0,False,False,False,True,False,False,False,False,False,0,1,0.7999046090534563,1,0.6139937585446716
19.0,0,0,1,1,1.25,3,1,1,1,5.993961427306569,7.72356247227797,12.0,45.0,1.0,1,True,False,False,True,False,False,False,False,False,0,1,0.6187081928720181,1,0.5969645266118704
8.0,0,0,1,1,3.0,2,0,1,1,4.61512051684126,6.791096610987463,5.0,38.0,1.0,1,False,False,True,False,False,False,False,False,False,0,0,0.2087040423874031,0,0.21181737358732086
8.0,1,0,1,1,0.875,3,1,1,1,7.313886831633462,0.0,6.0,46.0,1.0,0,True,False,False,False,True,False,False,False,False,1,0,0.341565753541429,0,0.42792866494021775
15.0,1,0,1,1,2.0,3,1,1,1,6.2166061010848646,0.0,12.0,43.0,1.0,0,True,False,True,False,False,False,False,False,False,0,0,0.4339604996171367,0,0.3994299915205222
14.0,1,0,1,1,2.5,3,1,1,1,6.2166061010848646,0.0,14.0,49.0,1.0,0,True,False,False,True,False,False,False,False,False,1,1,0.7619950089897569,1,0.7742989466990395
14.0,0,0,1,1,2.0,3,1,1,1,6.2166061010848646,6.90875477931522,15.0,32.0,2.0,0,True,False,False,True,False,False,False,False,False,0,1,0.7585184743699644,1,0.7976357346784946
19.0,0,0,1,1,1.3333333333333333,3,1,1,0,5.707110264748875,3.5115454388310208,0.0,55.0,2.0,0,True,False,False,False,True,False,False,False,False,0,0,0.44584207025762895,0,0.4461973210948251
13.0,1,1,1,1,3.5,1,0,0,0,5.707110264748875,5.880931949102981,12.0,41.0,1.0,0,False,False,False,False,False,False,False,False,False,0,0,0.4345044932976965,1,0.5326633997958008
12.0,0,0,1,1,1.3333333333333333,3,1,1,1,6.2166061010848646,0.0,12.0,50.0,1.0,0,True,False,False,True,False,False,False,False,False,1,1,0.7716710072472555,1,0.7442142820754755
8.0,1,0,1,1,2.0,2,1,1,0,6.2166061010848646,4.836281906951478,6.0,51.0,2.0,0,False,False,False,True,False,False,False,False,False,0,1,0.7615311008374531,1,0.6491511314186353
8.0,0,1,1,1,2.0,3,1,1,0,6.2166061010848646,9.761405420601672,17.0,40.0,1.0,0,False,False,False,False,False,False,True,False,False,1,1,0.6173912672023995,1,0.5645156043155827
17.0,0,0,1,1,4.5,3,1,1,1,6.2166061010848646,0.0,15.0,46.0,1.0,0,True,False,False,False,False,False,True,False,False,0,1,0.5039687190694331,0,0.45277987682221216
11.0,0,1,1,1,4.0,1,0,0,0,6.2166061010848646,7.62608275807238,5.0,37.0,1.0,0,False,False,False,False,False,False,False,False,False,0,0,0.43650505765134634,1,0.5171098814497246
5.0,1,0,1,1,1.25,3,1,1,1,6.2166061010848646,8.188966863648876,17.0,43.0,1.0,0,True,False,False,False,False,False,False,True,False,1,0,0.4951623810549449,0,0.4668942423178762
13.0,0,0,1,1,3.0,3,1,1,1,6.2166061010848646,0.0,11.0,30.0,2.0,0,True,False,True,False,False,False,False,False,False,0,0,0.45118131887128976,0,0.4143788543450565
18.0,1,0,1,1,1.6666666666666667,3,1,1,1,7.313886831633462,0.0,8.0,43.0,1.0,0,True,False,False,False,False,False,False,True,False,0,0,0.46914519833805407,1,0.5030159121456594
14.0,1,0,1,1,1.75,3,1,1,0,6.68586094706836,4.178773241838892,12.0,53.0,1.0,0,True,False,False,True,False,False,False,False,False,1,1,0.8124233379936556,1,0.7088626660830795
13.0,0,0,1,1,1.6,3,1,1,0,6.2166061010848646,4.785406236291025,4.0,58.0,1.0,0,True,False,False,True,False,False,False,False,False,0,1,0.8233487584727974,1,0.6536201815803777
16.0,1,0,1,1,1.0,3,1,1,1,7.601402334583733,9.210440366976517,16.0,54.0,1.0,0,False,False,False,False,False,False,False,False,False,0,0,0.3804389491654325,0,0.47896023149483063
19.0,1,0,1,1,1.0,3,1,1,1,6.2166061010848646,0.0,6.0,49.0,2.0,0,True,False,False,False,False,False,False,False,True,0,0,0.3896503604409296,0,0.3563697594374012
13.0,0,0,1,1,1.6666666666666667,3,1,1,1,6.2166061010848646,7.6783263565068856,12.0,40.0,1.0,0,True,False,False,False,False,False,False,True,False,1,0,0.49341846694970853,0,0.48328037197364254
14.0,0,0,1,1,3.0,2,1,1,0,6.2166061010848646,5.408167787478715,5.0,42.0,2.0,0,True,False,True,False,False,False,False,False,False,1,0,0.47330931577580043,1,0.5958298603660649
9.0,0,0,1,1,1.0,3,1,1,1,6.2166061010848646,0.0,15.0,43.0,2.0,0,True,False,True,False,False,False,False,False,False,0,0,0.46192832293191444,0,0.39724935239646697
14.0,1,0,1,1,1.25,3,1,1,1,7.0909098220799835,4.948759890378168,5.0,45.0,2.0,0,True,False,False,True,False,False,False,False,False,1,1,0.7400084504713026,1,0.7099505482504145
14.0,1,0,1,1,1.25,1,1,1,0,5.303304908059076,6.68586094706836,7.0,42.0,1.0,1,False,False,False,True,False,False,False,False,False,1,1,0.560796229652094,1,0.6184487824594307
17.0,0,0,1,1,0.5,3,1,1,1,7.650168700845001,0.0,19.0,45.0,2.0,0,True,False,True,False,False,False,False,False,False,1,0,0.43179865753625984,0,0.38975822922064657
13.0,0,0,1,1,2.0,3,1,1,0,6.90875477931522,5.812138499293826,12.0,33.0,1.0,0,False,False,False,False,False,True,False,False,False,1,1,0.6384537521666248,1,0.592048918892688
13.0,0,0,1,1,2.5,3,1,1,1,6.2166061010848646,0.0,9.0,30.0,1.0,0,True,True,False,False,False,False,False,False,False,0,0,0.2939716013813807,0,0.3163033291191478
9.0,0,0,1,1,2.0,3,1,1,0,6.2166061010848646,8.11202803831707,16.0,45.0,1.0,0,True,False,False,False,False,False,False,False,False,0,1,0.5460725527223619,1,0.5189842585272756
5.0,0,0,1,0,4.0,3,1,1,1,6.2166061010848646,4.151039905898646,11.0,23.0,1.0,0,True,False,False,False,False,False,False,True,False,0,0,0.4310393698050305,0,0.4326967696728714
15.0,1,0,1,1,2.5,2,0,1,1,4.61512051684126,6.22455842927536,1.0,50.0,2.0,0,False,False,False,False,True,False,False,False,False,1,0,0.24374051266405383,0,0.3223746028010369
5.0,0,0,1,0,5.0,2,1,1,0,6.2166061010848646,2.1972245773362196,10.0,45.0,2.0,0,True,False,False,True,False,False,False,False,False,0,1,0.7506740862795905,1,0.7297050019091239
12.0,0,0,1,1,2.0,3,1,1,1,6.2166061010848646,0.0,17.0,40.0,2.0,0,True,False,True,False,False,False,False,False,False,0,0,0.459711310487771,0,0.41293753592643756
15.0,0,0,1,1,1.6,3,1,1,0,6.2166061010848646,4.785406236291025,4.0,58.0,1.0,0,True,False,False,True,False,False,False,False,False,1,1,0.8213892407395554,1,0.6427551327132192
8.0,1,0,1,1,4.5,2,1,1,0,6.398594934535208,5.135144628592843,5.0,54.0,1.0,0,False,False,False,False,False,True,False,False,False,1,1,0.5981221067600052,1,0.6422703445076067
6.0,1,0,1,0,1.3333333333333333,1,1,1,0,6.2166061010848646,9.076923258535832,11.0,27.0,1.0,0,False,False,False,False,False,True,False,False,False,1,0,0.43710428149171354,0,0.4389889300438976
13.0,0,0,1,1,2.5,3,1,1,1,7.313886831633462,0.0,17.0,47.0,1.0,0,True,False,False,False,False,False,False,False,True,0,0,0.40548925823069276,0,0.32425464785141045
17.0,0,1,1,1,0.8,3,1,1,1,6.2166061010848646,7.111512116496157,12.0,42.0,1.0,0,True,False,False,True,False,False,False,False,False,1,1,0.7992606221575067,1,0.7719965221595234
12.0,1,0,1,1,1.5,3,1,1,1,6.2166061010848646,0.0,8.0,24.0,2.0,0,True,False,False,False,False,False,False,True,False,1,0,0.4870902500556047,0,0.4670238473141978
12.0,1,0,1,1,2.5,3,1,1,1,6.2166061010848646,6.698268054115413,12.0,45.0,1.0,0,True,False,False,True,False,False,False,False,False,1,1,0.7522587013053129,1,0.7595693787644359
9.0,0,0,1,1,2.0,3,1,1,1,6.2166061010848646,5.017279836814924,5.0,41.0,2.0,0,True,False,False,False,False,False,False,False,False,0,0,0.4553573748373539,0,0.42995753297634015
17.0,1,0,1,1,1.6666666666666667,3,1,1,1,6.2166061010848646,0.0,15.0,39.0,1.0,1,True,False,False,False,False,False,False,True,False,0,0,0.33768603240175094,0,0.40715722716783376
8.0,1,0,1,1,1.5,3,1,1,1,6.2166061010848646,7.7554816189874085,5.0,37.0,1.0,0,True,False,False,False,False,False,False,True,False,1,0,0.4797924935562917,1,0.5066163588824384
10.0,0,0,1,1,2.3333333333333335,3,1,1,1,6.2166061010848646,3.1103356562929947,5.0,44.0,2.0,0,True,False,False,False,False,False,False,False,True,0,0,0.4130433169627326,0,0.3985827588923793
13.0,0,0,1,1,1.3333333333333333,3,1,1,1,6.2166061010848646,7.1316985104669115,6.0,54.0,2.0,0,True,False,False,True,False,False,False,False,False,1,1,0.762596292547362,1,0.7587041596426112
12.0,1,1,1,1,2.5,3,1,1,1,6.2166061010848646,5.8888779583328805,4.0,42.0,1.0,0,True,False,False,True,False,False,False,False,False,0,1,0.7965136676561614,1,0.6742683124243263
7.0,1,0,1,1,1.0,2,1,1,0,6.2166061010848646,6.90875477931522,12.0,44.0,1.0,0,False,False,False,True,False,False,False,False,False,1,1,0.7543122811177363,1,0.5691239131793676
5.0,0,0,1,0,1.0,3,1,1,1,7.313886831633462,0.0,17.0,40.0,1.0,0,True,False,False,False,False,False,False,True,False,1,0,0.42885805075990846,0,0.41399806457149013
6.0,1,0,1,1,1.6666666666666667,2,1,1,1,5.303304908059076,6.90875477931522,4.0,42.0,1.0,0,False,False,False,False,False,False,True,False,False,0,0,0.39807331900747056,0,0.38132699385654
9.0,0,0,1,1,1.3333333333333333,2,1,1,1,6.2166061010848646,6.90875477931522,15.0,41.0,1.0,0,True,False,True,False,False,False,False,False,False,1,0,0.3861302570118675,0,0.41543415338345513
6.0,1,0,1,0,5.0,1,1,1,0,5.351858133476067,6.621405651764134,5.0,45.0,1.0,0,True,False,True,False,False,False,False,False,False,1,0,0.35012308256560476,1,0.5078081018882512
14.0,1,0,1,1,5.0,3,0,1,0,6.2166061010848646,0.0,0.0,32.0,2.0,0,True,True,False,False,False,False,False,False,False,1,0,0.32218927257938074,0,0.45118727284409454
17.0,1,0,1,1,2.0,3,0,1,0,5.564520407322694,6.5760052086962535,2.0,47.0,1.0,0,True,False,False,False,True,False,False,False,False,0,0,0.37802610315232704,0,0.3540232919484485
17.0,0,0,1,1,1.0,2,1,0,1,6.2166061010848646,5.993961427306569,13.0,27.0,2.0,0,True,False,False,False,False,True,False,False,False,1,1,0.5527755284749977,0,0.4580315287851058
9.0,0,0,1,1,2.0,2,0,1,0,4.61512051684126,7.226936018493289,5.0,33.0,2.0,0,False,False,False,False,True,False,False,False,False,0,0,0.3295835657542536,0,0.34529281633561704
14.0,0,0,1,1,4.0,3,1,0,0,6.2166061010848646,2.6026896854443837,2.0,53.0,1.0,0,True,False,False,False,False,False,False,True,False,0,1,0.6272764863292366,1,0.5126047495410361
14.0,0,0,1,1,1.5,3,1,1,0,6.2166061010848646,0.0,8.0,47.0,2.0,1,True,False,False,False,True,False,False,False,False,0,0,0.30884378543555435,0,0.3962753546477032
14.0,1,0,1,1,1.6666666666666667,3,1,1,1,6.2166061010848646,6.55250788703459,12.0,39.0,1.0,0,True,False,True,False,False,False,False,False,False,0,0,0.4199991878640198,0,0.38016141446446766
6.0,0,0,1,1,1.2,3,1,1,1,6.68586094706836,6.821834216474498,6.0,83.0,1.0,0,True,False,True,False,False,False,False,False,False,0,0,0.4604555811939998,0,0.3500508133188429
9.0,0,0,1,1,1.0,3,1,1,1,6.2166061010848646,5.3981627015177525,12.0,41.0,1.0,0,True,False,False,True,False,False,False,False,False,1,1,0.7633886006344179,1,0.7881282265566361
10.0,1,0,1,1,2.0,3,1,1,1,5.860786223465865,6.503789046997708,12.0,37.0,1.0,0,True,False,False,False,False,False,False,True,False,1,0,0.4901790808327252,0,0.4972977532476516
16.0,0,0,1,1,2.0,2,1,1,1,6.2166061010848646,2.8716796248840124,17.0,34.0,1.0,0,True,False,True,False,False,False,False,False,False,1,0,0.381814647634705,0,0.4786402562085986
19.0,0,0,1,1,1.3333333333333333,2,1,1,1,6.68586094706836,6.90875477931522,8.0,56.0,1.0,1,True,False,True,False,False,False,False,False,False,0,0,0.23721842115438604,0,0.3748398146329419
7.0,0,0,1,1,5.0,3,1,1,0,6.2166061010848646,3.4339872044851463,6.0,33.0,1.0,0,True,False,False,False,False,False,False,False,True,1,1,0.5060278927345289,0,0.47972475641117285
14.0,1,0,1,1,3.0,3,1,1,1,6.803505257608338,5.017279836814924,10.0,44.0,1.0,0,True,False,False,False,False,False,False,False,True,0,0,0.3824310879681024,0,0.31527594267376874
16.0,1,0,1,1,2.0,3,1,1,1,7.601402334583733,0.0,19.0,44.0,1.0,0,True,False,False,False,False,False,False,True,False,0,0,0.4779594714279364,0,0.4778977661917979
14.0,0,1,1,1,1.5,3,1,1,0,6.2166061010848646,0.0,14.0,45.0,2.0,1,True,False,False,True,False,False,False,False,False,1,1,0.7746382343205679,1,0.7504701249747704
8.0,0,0,1,1,1.5,3,1,1,1,6.2166061010848646,6.90875477931522,13.0,52.0,1.0,0,True,False,False,False,False,False,False,True,False,1,1,0.5104400145286061,0,0.49404883066812066
15.0,1,0,1,1,0.8333333333333334,2,1,1,1,6.68586094706836,0.0,17.0,40.0,1.0,0,True,False,True,False,False,False,False,False,False,0,0,0.368669261904762,0,0.44375624412950543
12.0,1,0,1,1,2.0,3,0,1,1,6.90875477931522,0.0,17.0,34.0,1.0,1,True,False,True,False,False,False,False,False,False,1,0,0.2472187737722982,0,0.3530359126816816
12.0,1,0,1,1,1.6666666666666667,3,1,1,0,6.68586094706836,0.0,11.0,42.0,1.0,0,True,False,False,False,False,False,False,True,False,0,1,0.5799321319181786,1,0.5618465662177873
6.0,0,0,1,1,1.5,2,1,1,1,4.61512051684126,7.601402334583733,12.0,28.0,1.0,0,False,False,False,False,False,False,True,False,False,0,0,0.41707510230617445,0,0.3236799301404196
5.0,1,0,1,0,2.5,2,1,1,0,4.394449154672439,6.580639137284949,6.0,39.0,1.0,0,False,False,False,False,False,False,True,False,False,1,0,0.4257813262530386,1,0.524432658119053
18.0,0,0,1,1,1.6666666666666667,3,1,1,1,6.111467339502679,5.198497031265826,9.0,43.0,1.0,0,True,False,False,True,False,False,False,False,False,1,1,0.7545006597016161,1,0.733273922252994
10.0,0,0,1,1,2.5,2,0,0,1,4.61512051684126,6.431331081933479,6.0,37.0,2.0,0,False,False,False,True,False,False,False,False,False,1,1,0.6922572481089414,1,0.5772522236110003
8.0,1,0,1,1,1.6,2,0,0,0,6.2166061010848646,8.131824785007195,2.0,62.0,1.0,0,False,False,False,False,False,True,False,False,False,0,1,0.5694692826657036,0,0.4192533349131972
10.0,1,0,1,1,4.0,3,1,1,1,6.2166061010848646,6.459121675472594,12.0,32.0,1.0,0,True,False,False,False,False,False,False,True,False,0,0,0.48878292041027543,0,0.46061915103618417
17.0,0,1,1,1,1.3333333333333333,3,1,1,1,7.601402334583733,0.0,12.0,59.0,1.0,0,True,False,False,False,False,False,True,False,False,1,1,0.5498279429932338,1,0.5025953303724974
17.0,0,0,1,1,1.5,3,1,1,0,6.2166061010848646,3.5361166995615263,11.0,20.0,1.0,0,True,False,False,False,False,False,False,True,False,0,1,0.5726626623202562,1,0.5345262265428355
19.0,1,1,1,1,2.5,2,1,1,0,5.303304908059076,7.601402334583733,8.0,60.0,1.0,0,False,False,False,True,False,False,False,False,False,1,1,0.8033934891904382,1,0.62582852016512
13.0,1,0,1,1,2.0,3,1,1,1,7.244941546337007,0.0,9.0,69.0,2.0,0,True,False,False,True,False,False,False,False,False,1,1,0.7611236254863133,1,0.7335862333617184
6.0,1,0,1,1,1.6666666666666667,2,1,1,1,6.2166061010848646,7.650168700845001,9.0,41.0,1.0,0,False,False,False,False,True,False,False,False,False,0,0,0.26885000253412716,0,0.21614467995846962
9.0,1,0,1,1,1.0,3,1,1,1,5.707110264748875,0.0,12.0,54.0,1.0,0,True,False,False,True,False,False,False,False,False,1,1,0.7706675959406701,1,0.7903524951808346
12.0,0,0,1,1,2.0,3,1,0,0,5.707110264748875,9.210440366976517,5.0,42.0,1.0,0,False,False,False,False,False,True,False,False,False,1,1,0.6756135515217898,1,0.5815966319132844
17.0,0,0,1,1,1.0,3,1,1,1,6.2166061010848646,0.0,17.0,39.0,1.0,0,True,False,False,True,False,False,False,False,False,1,1,0.7628915933801719,1,0.8447142868612236
11.0,1,0,1,1,1.6666666666666667,3,1,1,1,7.244941546337007,0.0,5.0,45.0,1.0,0,True,False,False,False,False,False,False,True,False,1,0,0.48083436978086846,0,0.4797147943585265
13.0,0,0,1,1,1.75,3,1,1,1,6.2166061010848646,5.628134856316886,14.0,53.0,1.0,0,True,False,False,False,False,False,False,True,False,1,1,0.506585320835176,0,0.4921707778998542
11.0,0,0,1,1,1.0,3,1,1,1,6.2166061010848646,0.0,12.0,59.0,1.0,0,True,False,False,False,False,True,False,False,False,0,1,0.61604724472177,0,0.47169042541085315
10.0,1,0,1,1,1.3333333333333333,3,1,1,1,6.2166061010848646,4.330733340286331,15.0,36.0,1.0,0,True,False,False,False,False,False,False,False,True,0,0,0.3916017600409272,0,0.32084434181858873
14.0,1,0,1,1,0.42857142857142855,2,1,1,1,5.860786223465865,9.210440366976517,5.0,54.0,1.0,0,False,False,False,False,False,False,True,False,False,0,0,0.3775611632542193,0,0.36103862594370073
17.0,0,0,1,1,3.0,3,1,1,1,6.2166061010848646,6.621405651764134,10.0,48.0,1.0,0,True,False,False,False,False,False,True,False,False,0,0,0.48420253932107,0,0.43622137587094273
9.0,1,0,1,1,3.0,2,1,1,1,6.2166061010848646,0.0,12.0,35.0,2.0,0,False,True,False,False,False,False,False,False,False,0,0,0.2264252116468016,0,0.19739359466733147
8.0,1,0,1,1,1.0,3,1,1,1,6.2166061010848646,0.0,17.0,41.0,2.0,0,True,False,False,False,False,False,False,False,False,0,0,0.4573290879086462,0,0.4370454687585302
13.0,1,0,1,1,1.0,3,1,1,1,6.2166061010848646,0.0,12.0,46.0,2.0,0,True,False,False,True,False,False,False,False,False,1,1,0.7608283283835868,1,0.7437388676104721
9.0,0,0,1,1,2.0,3,1,1,1,6.2166061010848646,0.0,12.0,31.0,2.0,0,True,False,True,False,False,False,False,False,False,0,0,0.4560027800125587,0,0.3986878146899154
6.0,0,0,1,1,2.0,3,1,1,1,6.2166061010848646,6.988720637805241,11.0,45.0,1.0,0,True,False,True,False,False,False,False,False,False,1,0,0.45053383947687115,0,0.43103625956200614
9.0,1,0,1,1,1.0,3,1,1,1,6.90875477931522,7.419180722820095,12.0,35.0,2.0,0,True,False,False,False,False,False,False,True,False,0,0,0.47614483433278676,0,0.49331925911344
10.0,1,0,1,1,1.5,3,1,1,1,5.707110264748875,0.0,17.0,35.0,2.0,0,True,False,False,True,False,False,False,False,False,1,1,0.7684998336053331,1,0.8308178024674574
15.0,0,0,1,1,6.0,2,0,1,1,5.017279836814924,2.8233610476132043,5.0,34.0,2.0,1,False,False,True,False,False,False,False,False,False,0,0,0.21006078163289835,0,0.2406716663660196
16.0,1,0,1,1,2.0,3,1,1,1,6.2166061010848646,6.98100574072173,12.0,39.0,1.0,0,True,False,False,True,False,False,False,False,False,1,1,0.7429725999727367,1,0.7682309169908567
16.0,0,0,1,1,1.0,3,1,1,1,6.803505257608338,8.200013648175434,12.0,44.0,1.0,0,True,False,False,False,True,False,False,False,False,0,0,0.3379036743996143,0,0.42371182476924985
15.0,1,0,1,1,1.25,2,1,1,1,6.2166061010848646,0.0,5.0,42.0,2.0,0,True,False,True,False,False,False,False,False,False,0,0,0.37328467403570376,0,0.4511680517039418
18.0,1,1,1,1,1.0,3,1,1,1,6.2166061010848646,0.0,2.0,75.0,1.0,0,True,False,False,True,False,False,False,False,False,1,1,0.805640007932846,1,0.6835770610201422
15.0,1,0,1,1,1.75,3,1,1,1,6.2166061010848646,6.062788033933216,17.0,52.0,1.0,0,True,False,False,False,False,False,True,False,False,1,0,0.4773325362030859,0,0.47421904180250707
8.0,0,0,1,1,4.0,3,1,1,1,5.303304908059076,8.229777750081887,8.0,33.0,1.0,0,False,True,False,False,False,False,False,False,False,0,0,0.2770316903992031,0,0.35825788179084833
16.0,1,1,1,1,1.4,2,1,1,0,6.2166061010848646,6.2166061010848646,12.0,54.0,1.0,0,False,False,False,True,False,False,False,False,False,0,1,0.7977489165948386,1,0.610450288014846
17.0,1,1,1,1,1.25,3,1,1,1,6.90875477931522,6.364750756851911,5.0,38.0,1.0,0,True,True,False,False,False,False,False,False,False,1,0,0.31449762108976703,0,0.47194372735997364
5.0,0,0,1,0,0.6,3,1,1,1,6.55250788703459,0.0,17.0,44.0,1.0,0,True,False,True,False,False,False,False,False,False,1,0,0.3826728314528179,0,0.37298824943205666
5.0,1,1,1,1,4.0,3,1,1,1,6.68586094706836,6.030685260261263,8.0,26.0,2.0,0,True,False,True,False,False,False,False,False,False,1,0,0.4998415943529966,0,0.4789012619613173
16.0,1,0,1,1,1.25,3,1,1,0,5.707110264748875,0.0,0.0,72.0,2.0,0,True,False,False,False,False,False,False,True,False,0,1,0.5988495318513155,1,0.5414306955971571
9.0,0,0,1,1,1.6666666666666667,2,1,1,1,6.2166061010848646,0.0,12.0,30.0,1.0,0,False,False,False,False,True,False,False,False,False,0,0,0.2848900688370185,0,0.28085288271734826
11.0,0,1,1,1,3.0,2,0,1,1,5.993961427306569,8.006700845440367,11.0,44.0,1.0,1,False,False,False,False,True,False,False,False,False,0,0,0.18500618537173283,0,0.21095649208268996
6.0,0,0,1,1,1.1428571428571428,3,1,1,1,7.824445930877619,4.51085950651685,5.0,55.0,2.0,0,True,False,False,False,False,False,False,False,False,0,0,0.44505879751977523,0,0.40569759794570714
19.0,0,0,1,1,1.0,3,1,1,1,6.90875477931522,4.61512051684126,3.0,58.0,2.0,0,True,False,False,False,False,False,False,False,True,1,0,0.3891840681049222,0,0.3167051232594302
17.0,1,0,1,1,0.75,3,1,1,1,6.2166061010848646,7.888959461698937,14.0,54.0,2.0,0,True,False,False,True,False,False,False,False,False,1,1,0.748565158291254,1,0.8020050818647521
18.0,1,0,1,1,1.2,3,1,1,1,6.68586094706836,0.0,12.0,40.0,1.0,0,False,True,False,False,False,False,False,False,False,1,0,0.24890375996691158,0,0.3362469121485795
8.0,0,0,1,1,4.0,2,0,0,0,6.68586094706836,0.0,3.0,37.0,1.0,0,True,False,False,False,False,False,False,False,False,0,0,0.4700564625802098,0,0.4026579713418542
11.0,1,0,1,1,2.0,1,0,0,0,5.303304908059076,9.086872457975938,17.0,36.0,1.0,0,False,False,False,False,False,True,False,False,False,1,1,0.5123935852980059,0,0.4897258286928457
10.0,0,0,1,1,2.5,2,1,1,1,7.313886831633462,0.0,10.0,37.0,1.0,0,True,False,True,False,False,False,False,False,False,1,0,0.3808876600792569,0,0.40299901647355907
12.0,0,0,1,1,2.0,3,1,1,0,6.2166061010848646,7.730906806112668,10.0,40.0,1.0,0,True,False,False,False,True,False,False,False,False,0,0,0.43851080204090137,0,0.37221713511288024
18.0,1,1,1,1,0.5,3,1,1,1,5.707110264748875,0.0,11.0,18.0,1.0,0,True,False,False,True,False,False,False,False,False,1,1,0.791865873794129,1,0.7662278119630825
16.0,1,0,1,1,0.6666666666666666,3,1,1,1,6.55250788703459,0.0,14.0,21.0,2.0,1,True,False,False,True,False,False,False,False,False,1,1,0.6071273145785904,1,0.6858532784423612
5.0,1,0,1,0,2.0,3,1,1,0,5.017279836814924,7.026426808699636,12.0,37.0,1.0,0,False,False,False,False,False,False,True,False,False,0,0,0.4772378015713277,1,0.5584628683839516
13.0,1,0,1,1,1.2,3,1,1,1,6.68586094706836,0.0,12.0,40.0,1.0,0,False,True,False,False,False,False,False,False,False,1,0,0.25522592627012064,0,0.33837702434642625
16.0,0,0,1,1,2.0,3,1,1,1,8.006700845440367,0.0,18.0,47.0,1.0,0,True,False,True,False,False,False,False,False,False,0,0,0.4292595602423571,0,0.42565623303325895
6.0,1,0,1,0,1.5,3,1,1,1,6.2166061010848646,3.816490578706582,3.0,72.0,2.0,0,True,False,False,True,False,False,False,False,False,0,1,0.710399425743782,1,0.6552116383214138
17.0,0,0,1,1,2.6666666666666665,3,1,1,1,7.313886831633462,6.621405651764134,6.0,49.0,2.0,0,True,False,False,False,False,False,False,True,False,1,0,0.4825264378779143,1,0.5319459741054299
8.0,0,0,1,1,3.0,3,1,1,1,6.2166061010848646,7.419180722820095,13.0,31.0,2.0,0,True,False,True,False,False,False,False,False,False,0,0,0.4473627637381999,0,0.43891601785360196
14.0,1,0,1,1,1.0,3,1,1,0,6.398594934535208,4.330733340286331,12.0,40.0,2.0,0,True,False,False,True,False,False,False,False,False,1,1,0.8113713843536552,1,0.779682446285893
16.0,0,1,1,1,1.0,3,1,1,0,6.2166061010848646,6.147755791434351,5.0,49.0,2.0,0,True,False,False,True,False,False,False,False,False,0,1,0.8555247000322989,1,0.6863441290450203
14.0,0,0,1,1,2.0,2,1,1,0,4.394449154672439,7.661997558901893,7.0,39.0,1.0,0,False,False,False,False,False,False,True,False,False,1,1,0.5015833936528914,1,0.5599035131171122
14.0,0,0,1,1,1.5,3,1,1,1,6.2166061010848646,6.034683666227958,15.0,45.0,2.0,0,True,False,False,False,False,False,True,False,False,0,0,0.4920160808196333,0,0.44312802865461043
5.0,1,0,1,0,3.0,2,1,1,0,6.2166061010848646,3.9318256327243257,12.0,25.0,1.0,0,False,False,False,True,False,False,False,False,False,1,1,0.6942345261798106,1,0.6129251886742605
15.0,1,0,1,1,0.7142857142857143,3,1,1,1,7.824445930877619,0.0,12.0,75.0,1.0,0,True,False,True,False,False,False,False,False,False,0,0,0.42682300614178603,0,0.3954198979084995
18.0,0,0,1,1,1.0,3,1,1,1,6.2166061010848646,0.0,17.0,51.0,2.0,0,True,False,False,True,False,False,False,False,False,1,1,0.7699615920384406,1,0.7896761630731686
8.0,0,0,1,1,1.3333333333333333,3,1,1,1,6.2166061010848646,0.0,12.0,30.0,1.0,0,True,False,True,False,False,False,False,False,False,1,0,0.4504866925147907,0,0.3928611940424901
11.0,0,0,1,1,1.3333333333333333,2,1,1,1,6.68586094706836,7.0909098220799835,12.0,56.0,2.0,1,True,False,True,False,False,False,False,False,False,1,0,0.252345659765993,0,0.4281532411250907
9.0,1,0,1,1,1.6666666666666667,2,1,1,1,3.9318256327243257,6.46302945692067,15.0,37.0,1.0,0,False,False,False,False,True,False,False,False,False,0,0,0.293268030349731,0,0.25726078504464434
18.0,0,0,1,1,0.6666666666666666,3,1,1,1,6.2166061010848646,5.017279836814924,10.0,43.0,2.0,0,True,False,False,False,False,False,True,False,False,0,0,0.47996689546739807,0,0.45582632804726203
10.0,0,0,1,1,4.0,3,1,1,0,6.2166061010848646,0.0,17.0,31.0,1.0,0,True,False,False,False,False,False,False,False,True,0,1,0.5110602625407944,0,0.4668422099748334
8.0,1,0,1,1,4.0,2,1,1,0,6.2166061010848646,6.90875477931522,7.0,29.0,2.0,0,True,False,True,False,False,False,False,False,False,1,0,0.46285637039015254,1,0.5260091441392392
12.0,0,1,1,1,3.0,3,1,1,1,5.303304908059076,0.0,12.0,44.0,2.0,0,True,False,False,True,False,False,False,False,False,1,1,0.8277794771181453,1,0.808539424287061
5.0,0,0,1,0,2.5,3,1,1,1,6.2166061010848646,3.713572066704308,14.0,40.0,1.0,0,True,False,False,False,False,False,False,False,True,0,0,0.3449200104787407,0,0.34479360924292235
14.0,0,0,1,1,1.0,2,1,1,0,4.394449154672439,6.973230860941048,4.0,44.0,1.0,0,False,False,False,False,False,False,True,False,False,1,1,0.5005621546309615,1,0.5617306090355378
7.0,0,0,1,1,1.3333333333333333,2,0,0,1,5.303304908059076,9.741027444837728,9.0,42.0,1.0,0,False,False,False,True,False,False,False,False,False,1,1,0.6803076802649181,1,0.5866424477586976
16.0,1,0,1,1,3.0,3,0,1,0,6.2166061010848646,3.5361166995615263,11.0,41.0,2.0,0,True,False,False,False,True,False,False,False,False,0,0,0.3867311016094599,0,0.4007897168189216
9.0,0,0,1,1,1.3333333333333333,3,1,1,1,7.741099090035366,7.026426808699636,17.0,45.0,2.0,0,True,False,True,False,False,False,False,False,False,0,0,0.43169284944356806,0,0.4173877588758538
14.0,1,0,1,1,2.0,2,1,1,1,6.90875477931522,2.8716796248840124,5.0,70.0,1.0,1,True,False,False,False,False,False,False,False,False,1,0,0.24798778460038842,0,0.40794295688092275
17.0,1,0,1,1,1.6666666666666667,3,1,1,1,6.90875477931522,8.006700845440367,12.0,52.0,1.0,0,True,False,False,True,False,False,False,False,False,1,1,0.7379454049147814,1,0.767658334095893
16.0,1,0,1,1,1.25,3,1,1,0,6.2166061010848646,5.993961427306569,10.0,56.0,1.0,0,True,False,False,True,False,False,False,False,False,1,1,0.8113909081226066,1,0.7202790040771423
5.0,1,0,1,1,1.1666666666666667,3,1,1,1,6.2166061010848646,5.448582958163724,8.0,46.0,1.0,0,True,False,True,False,False,False,False,False,False,0,0,0.4365389219766401,0,0.3825734291017418
7.0,1,0,1,1,0.6666666666666666,3,1,1,1,6.55250788703459,0.0,17.0,39.0,2.0,0,True,False,False,True,False,False,False,False,False,1,1,0.7636630702540759,1,0.8079718619967088
15.0,0,0,1,1,2.0,3,1,1,1,5.707110264748875,5.170483995038151,12.0,38.0,1.0,0,True,False,False,True,False,False,False,False,False,0,1,0.7624413100321281,1,0.7810479922805011
10.0,0,0,1,1,3.0,3,1,1,1,6.55250788703459,4.330733340286331,12.0,39.0,1.0,0,True,False,False,False,False,False,True,False,False,1,0,0.4919425932304291,0,0.4307465313351344
9.0,1,0,1,1,2.5,2,1,1,1,6.2166061010848646,8.294299608857235,7.0,42.0,1.0,0,False,False,False,False,False,False,True,False,False,0,0,0.38343044019255834,0,0.30440060539650227
6.0,1,0,1,1,1.0,3,1,1,1,6.2166061010848646,6.398594934535208,17.0,32.0,1.0,0,True,False,False,False,True,False,False,False,False,0,0,0.3469968609543551,0,0.3983730860815056
11.0,0,1,1,1,2.0,3,1,1,0,6.2166061010848646,5.812138499293826,2.0,41.0,1.0,0,True,False,False,False,False,False,True,False,False,1,1,0.6398405389590712,1,0.6136886807988845
13.0,1,0,1,1,1.3333333333333333,3,1,1,1,6.85751406254539,7.313886831633462,5.0,40.0,1.0,0,True,False,False,False,False,False,False,False,True,0,0,0.36879067869989396,0,0.39777322095463946
7.0,1,1,1,1,3.0,3,1,1,1,6.2166061010848646,3.3596034843633182,1.0,40.0,1.0,0,True,False,False,False,False,False,True,False,False,0,1,0.5507079228292406,0,0.4828464910643666
18.0,0,0,1,1,1.6666666666666667,2,1,1,0,4.2626798770413155,8.556606193773073,2.0,51.0,2.0,1,False,False,False,False,True,False,False,False,False,0,0,0.23819485189024847,0,0.1953296304324567
14.0,0,0,1,1,1.0,2,1,1,1,5.993961427306569,8.853808274977197,12.0,44.0,1.0,0,True,False,True,False,False,False,False,False,False,1,0,0.3762169272951543,0,0.36272164808627144
7.0,1,1,1,1,2.0,2,1,1,1,2.3978952727983707,8.46611040118692,7.0,34.0,1.0,0,False,False,False,False,False,True,False,False,False,0,1,0.6073013323963036,0,0.44463597914369424
5.0,0,0,1,0,2.0,2,0,1,0,4.110873864173311,4.61512051684126,4.0,43.0,1.0,0,False,True,False,False,False,False,False,False,False,0,0,0.2229173652590414,0,0.3269737415126409
5.0,1,0,1,0,6.0,3,1,1,0,6.2166061010848646,7.824445930877619,12.0,31.0,1.0,0,False,False,False,False,False,False,False,False,False,1,0,0.42960190668427545,1,0.5072050657770515
10.0,0,0,1,1,2.0,2,1,1,1,5.5254529391317835,5.707110264748875,12.0,28.0,1.0,0,True,False,True,False,False,False,False,False,False,1,0,0.3884417821854384,0,0.3957404867942469
18.0,1,0,1,1,1.25,2,1,1,1,6.398594934535208,6.267200548541362,12.0,45.0,1.0,0,True,False,True,False,False,False,False,False,False,1,0,0.35713800744498436,0,0.4559293375512219
7.0,0,0,1,1,1.6666666666666667,3,0,1,1,5.017279836814924,6.398594934535208,12.0,34.0,1.0,0,True,False,False,False,True,False,False,False,False,0,0,0.32898564763278165,0,0.358890799364412
13.0,0,0,1,1,2.0,3,1,1,1,7.313886831633462,0.0,17.0,47.0,1.0,0,True,False,False,False,False,False,False,True,False,0,1,0.5018784555255272,0,0.48138346456526576
17.0,0,0,1,1,2.0,2,1,0,1,6.2166061010848646,0.0,12.0,17.0,2.0,0,False,False,False,False,False,True,False,False,False,0,1,0.5295388498676322,0,0.4867280021691889
11.0,1,0,1,1,1.6666666666666667,3,1,1,0,6.2166061010848646,7.601402334583733,9.0,29.0,1.0,0,True,False,False,True,False,False,False,False,False,1,1,0.8053163773515851,1,0.7863115395103548
11.0,0,1,1,1,2.0,2,1,1,0,4.61512051684126,8.268988209506656,8.0,47.0,2.0,1,False,False,False,False,True,False,False,False,False,0,0,0.3008042030707814,0,0.2272252029036585
11.0,1,0,1,1,2.5,2,0,0,1,6.68586094706836,5.707110264748875,11.0,39.0,1.0,0,False,False,False,False,False,True,False,False,False,1,0,0.46762842880361616,1,0.6143631090963017
7.0,0,0,1,1,2.0,3,1,1,1,7.313886831633462,7.313886831633462,19.0,38.0,1.0,0,True,False,False,False,False,False,False,False,False,0,0,0.44308470572007336,0,0.46029008587353537
14.0,1,1,1,1,2.5,2,1,1,1,4.61512051684126,8.259716961021523,12.0,47.0,1.0,1,False,False,False,True,False,False,False,False,False,1,1,0.6135327306941976,1,0.6983930256737232
11.0,0,0,1,1,2.3333333333333335,3,1,1,0,5.303304908059076,4.968820743663249,12.0,59.0,1.0,0,False,False,False,False,False,True,False,False,False,1,1,0.6771090228326685,1,0.5816446276208169
16.0,1,0,1,1,1.6666666666666667,3,1,1,1,6.2166061010848646,7.6783263565068856,12.0,40.0,1.0,1,True,False,False,False,False,False,False,True,False,1,0,0.3247559084484345,0,0.4020617526980258
18.0,0,1,1,1,2.5,3,1,1,1,6.2166061010848646,3.9318256327243257,7.0,46.0,2.0,0,True,False,False,True,False,False,False,False,False,1,1,0.8075456053813487,1,0.7093996384682951
9.0,0,0,1,1,1.0,3,1,1,0,7.601402334583733,9.059633754551479,12.0,40.0,1.0,0,True,False,False,False,True,False,False,False,False,1,0,0.4208033783045068,0,0.41355845908863154
9.0,0,0,1,1,1.6666666666666667,2,1,1,1,6.2166061010848646,5.303304908059076,17.0,40.0,1.0,0,True,False,True,False,False,False,False,False,False,0,0,0.3908393252927673,0,0.4186062045985245
16.0,0,0,1,1,3.0,3,1,1,1,6.2166061010848646,0.0,0.0,44.0,1.0,1,True,True,False,False,False,False,False,False,False,0,0,0.18096891413549043,0,0.36427656875996817
18.0,0,0,1,1,3.0,3,1,1,1,6.2166061010848646,8.160803920954665,12.0,38.0,1.0,0,True,False,False,False,False,False,False,True,False,1,0,0.4871235984614812,1,0.511139475032668
10.0,0,0,1,1,2.0,2,1,1,1,6.2166061010848646,0.0,8.0,29.0,1.0,0,True,False,True,False,False,False,False,False,False,1,0,0.3877862675038707,0,0.3920087693796481
17.0,1,0,1,1,1.5,3,1,1,1,6.2166061010848646,3.816490578706582,3.0,72.0,2.0,0,True,False,False,True,False,False,False,False,False,0,1,0.7581235977946953,1,0.6143771118238235
17.0,1,1,1,1,2.5,3,1,1,1,6.2166061010848646,0.0,14.0,49.0,1.0,0,True,False,False,True,False,False,False,False,False,1,1,0.8054709295288847,1,0.7954755774457871
14.0,0,0,1,1,1.0,3,1,1,1,6.68586094706836,0.0,18.0,46.0,1.0,0,True,False,True,False,False,False,False,False,False,0,0,0.4465860438781891,0,0.4007752057045464
13.0,1,0,1,1,1.25,3,1,1,1,6.398594934535208,7.601402334583733,15.0,44.0,1.0,0,False,True,False,False,False,False,False,False,False,1,0,0.25063178137160586,0,0.38830376931332145
16.0,0,0,1,1,1.3333333333333333,3,1,1,0,6.68586094706836,3.6506582412937387,2.0,50.0,1.0,0,True,True,False,False,False,False,False,False,False,1,0,0.360733459423072,0,0.47110335630825373
18.0,1,0,1,1,1.0,3,1,1,1,6.2166061010848646,6.836259277277067,12.0,51.0,1.0,0,True,False,False,False,False,False,False,False,True,0,0,0.3796034668794869,0,0.3155834003959517
8.0,1,0,1,1,1.0,3,1,1,1,6.90875477931522,4.836281906951478,17.0,38.0,1.0,0,True,True,False,False,False,False,False,False,False,1,0,0.27815616077974786,0,0.30903854497042804
19.0,0,0,1,1,1.5,3,1,1,1,7.170888478512505,5.456744603142555,11.0,52.0,1.0,0,True,False,False,False,False,False,False,True,False,1,0,0.4804053045696758,1,0.5364519680216514
7.0,1,0,1,1,1.0,3,1,1,1,7.313886831633462,5.589742425278652,12.0,52.0,1.0,0,True,True,False,False,False,False,False,False,False,0,0,0.2776202819643435,0,0.25527038544782577
14.0,0,0,1,1,2.0,3,1,1,1,6.398594934535208,0.0,6.0,34.0,1.0,0,True,False,False,False,False,False,False,True,False,0,0,0.49731723489232116,0,0.4433039530144318
19.0,0,0,1,1,1.0,3,1,1,1,6.2166061010848646,0.0,12.0,19.0,2.0,0,True,False,True,False,False,False,False,False,False,0,0,0.4294839948388862,0,0.4244278049065729
13.0,1,0,1,1,2.25,2,0,1,0,4.394449154672439,7.846416145383313,4.0,47.0,1.0,0,False,False,False,False,True,False,False,False,False,0,0,0.31567614266132726,0,0.2293682295215051
6.0,1,0,1,0,1.25,3,0,0,1,5.993961427306569,0.0,0.0,41.0,1.0,0,True,False,False,False,False,False,False,False,False,1,0,0.35290329051216063,1,0.5015215162623818
9.0,1,0,1,1,1.6666666666666667,3,1,1,1,6.2166061010848646,4.394449154672439,17.0,35.0,1.0,0,True,False,False,False,False,False,False,False,False,0,0,0.441412471097582,0,0.44427980063111056
14.0,0,0,1,1,1.3333333333333333,3,1,1,1,5.707110264748875,0.0,12.0,34.0,1.0,0,True,False,False,False,True,False,False,False,False,0,0,0.36453067168459713,0,0.48836675291281556
6.0,1,0,1,0,2.3333333333333335,2,1,1,1,6.2166061010848646,8.488411515705064,1.0,53.0,1.0,0,False,False,True,False,False,False,False,False,False,0,0,0.27722079540462463,0,0.28054802985148486
15.0,0,0,1,1,2.3333333333333335,2,1,1,1,4.394449154672439,5.484796933490655,6.0,39.0,1.0,0,False,False,True,False,False,False,False,False,False,1,0,0.36878865299084235,0,0.36608205919782044
15.0,0,0,1,1,1.0,2,1,1,1,5.993961427306569,6.90875477931522,14.0,44.0,1.0,0,False,False,False,False,False,False,False,False,True,0,0,0.3150057333089619,0,0.3412948976748143
9.0,0,0,1,1,2.0,2,1,1,0,5.017279836814924,6.2166061010848646,3.0,45.0,1.0,0,False,False,False,False,False,False,False,False,True,1,0,0.41852069466981817,1,0.5210663057390462
13.0,1,0,1,1,1.0,3,1,1,1,8.294299608857235,7.719129840906732,12.0,50.0,1.0,0,True,False,False,False,False,False,False,False,True,0,0,0.3589789523172082,0,0.33779745992245025
17.0,1,0,1,1,1.0,2,1,1,1,6.2166061010848646,4.330733340286331,17.0,43.0,1.0,1,True,False,True,False,False,False,False,False,False,0,0,0.23560976394796393,0,0.3780352184355653
17.0,0,1,1,1,1.0,3,1,1,0,6.2166061010848646,6.341534391994578,5.0,41.0,2.0,1,True,False,False,True,False,False,False,False,False,0,1,0.7548961465675614,1,0.6433464559305695
13.0,1,0,1,1,1.3333333333333333,3,1,1,1,6.2166061010848646,7.824445930877619,19.0,40.0,1.0,0,True,False,False,False,False,False,False,True,False,1,0,0.4823837174070192,0,0.4919937096938689
12.0,1,0,1,1,1.0,3,1,1,1,7.601402334583733,6.621405651764134,12.0,32.0,2.0,0,True,False,False,False,False,False,False,True,False,0,0,0.4615408888977474,0,0.46047561562893813
14.0,0,0,1,1,1.3333333333333333,3,1,1,1,6.2166061010848646,5.786897381366708,5.0,35.0,1.0,0,True,False,False,False,False,False,False,False,True,1,0,0.3892366837352822,0,0.4053143964322675
17.0,0,0,1,1,1.25,3,1,1,1,5.993961427306569,8.188966863648876,14.0,33.0,1.0,0,False,False,False,False,False,True,False,False,False,0,1,0.5508422954481884,1,0.5229674787284269
5.0,0,0,1,1,0.8,3,1,1,1,7.0909098220799835,4.151039905898646,8.0,64.0,2.0,0,True,False,False,True,False,False,False,False,False,1,1,0.7717434592575098,1,0.708065388906057
14.0,1,0,1,1,0.8,3,1,1,1,7.313886831633462,0.0,19.0,51.0,1.0,0,True,True,False,False,False,False,False,False,False,0,0,0.2798114291139727,0,0.20602606281395552
15.0,1,0,1,1,0.6666666666666666,3,1,1,1,7.824445930877619,3.9318256327243257,17.0,67.0,1.0,0,True,False,True,False,False,False,False,False,False,0,0,0.4182204631718037,0,0.39997188596496513
11.0,1,0,1,1,6.0,3,1,0,1,5.993961427306569,0.0,12.0,40.0,1.0,0,False,False,False,False,False,True,False,False,False,0,1,0.6074361692480568,1,0.535771310499167
7.0,0,1,1,1,0.8,3,1,1,1,6.2166061010848646,0.0,17.0,36.0,1.0,0,True,False,False,True,False,False,False,False,False,1,1,0.8180966139720658,1,0.8634480422011861
13.0,0,0,1,1,1.75,3,1,1,1,6.2166061010848646,2.7269186854065928,0.0,46.0,1.0,0,True,False,False,False,False,False,False,True,False,1,0,0.4981934715262658,1,0.501944656534644
15.0,0,0,1,1,3.0,3,1,1,1,6.2166061010848646,0.0,12.0,46.0,2.0,0,True,False,False,True,False,False,False,False,False,1,1,0.7733827143392622,1,0.7360568248709265
8.0,0,0,1,1,0.8,2,1,1,1,7.496097345175956,6.2166061010848646,12.0,24.0,1.0,0,True,False,False,False,False,False,False,False,False,0,0,0.36738448749773817,0,0.3327027067491747
17.0,1,0,1,1,1.2,3,1,1,1,6.90875477931522,0.0,17.0,48.0,1.0,0,True,False,True,False,False,False,False,False,False,0,0,0.4253050674812929,0,0.39210790638912973
14.0,0,0,1,1,2.5,2,0,1,0,3.9318256327243257,7.0909098220799835,2.0,46.0,1.0,1,False,False,True,False,False,False,False,False,False,0,0,0.2751308241899646,0,0.26789276520289085
13.0,0,0,1,1,3.0,3,1,1,0,6.2166061010848646,2.172223275130802,8.0,53.0,1.0,0,True,False,False,True,False,False,False,False,False,1,1,0.8287036154305822,1,0.7209762492828214
12.0,0,0,1,1,1.5,3,1,1,1,7.824445930877619,9.285849742664492,12.0,38.0,2.0,0,True,False,False,False,False,False,False,True,False,0,0,0.47306218541250966,0,0.4539641556318763
17.0,1,0,1,1,1.0,2,1,1,1,5.017279836814924,9.210440366976517,3.0,67.0,2.0,1,False,False,False,False,True,False,False,False,False,0,0,0.16876159108653538,0,0.193456066905285
19.0,0,0,1,1,4.5,3,1,1,1,6.2166061010848646,0.0,15.0,46.0,1.0,0,True,False,False,False,False,False,True,False,False,0,1,0.5006152321324701,0,0.47726444899082543
7.0,0,1,1,1,2.0,3,1,1,1,5.303304908059076,0.0,17.0,30.0,1.0,0,True,False,False,True,False,False,False,False,False,0,1,0.8255269329430042,1,0.8275400873708461
17.0,0,0,1,1,2.0,3,1,1,1,6.2166061010848646,6.7266330027636645,12.0,39.0,1.0,0,True,False,False,False,False,False,False,True,False,0,0,0.48900122282193553,0,0.488699866917159
16.0,1,0,1,1,0.8,3,1,1,1,6.2166061010848646,0.0,12.0,42.0,1.0,0,True,False,False,True,False,False,False,False,False,1,1,0.751570442443461,1,0.7909610633534786
18.0,1,0,1,1,0.75,3,1,1,1,8.006700845440367,7.3679189879459,17.0,52.0,1.0,0,True,False,False,False,False,False,False,True,False,0,0,0.4543950475329982,0,0.49417952457854875
15.0,1,0,1,1,1.3333333333333333,3,1,1,1,6.398594934535208,9.210440366976517,1.0,61.0,1.0,1,False,False,False,False,False,False,False,False,True,0,0,0.22169408126371717,0,0.41554005022547114
13.0,0,1,1,1,0.6,3,1,1,0,5.5254529391317835,5.707110264748875,10.0,44.0,2.0,0,True,False,False,True,False,False,False,False,False,1,1,0.8626154521655173,1,0.801636984639648
5.0,0,0,1,0,3.0,3,1,1,0,6.2166061010848646,4.214593690373678,12.0,25.0,2.0,0,True,False,False,False,False,False,False,True,False,1,1,0.5251444443335098,0,0.4898276046654012
16.0,0,1,1,1,4.5,3,1,1,1,5.993961427306569,1.6945957207744073,7.0,44.0,1.0,0,True,False,False,False,False,False,True,False,False,0,1,0.5675221110445277,1,0.5405217466921792
17.0,0,0,1,1,1.6666666666666667,3,1,1,0,6.2166061010848646,0.0,16.0,51.0,1.0,0,True,False,False,False,False,False,False,False,False,1,1,0.550626477864634,1,0.5349096351460233
8.0,0,0,1,1,1.75,3,1,1,0,6.68586094706836,4.178773241838892,12.0,53.0,1.0,0,True,False,False,True,False,False,False,False,False,1,1,0.8270300967303273,1,0.6849020721364377
19.0,0,0,1,1,1.0,3,1,1,1,6.90875477931522,7.3783837129967145,12.0,51.0,1.0,0,True,False,False,False,False,False,False,False,False,0,0,0.42808649278039435,1,0.5080832534103726
17.0,0,1,1,1,1.5,2,1,1,0,5.303304908059076,6.7266330027636645,0.0,54.0,1.0,1,False,False,False,False,False,False,True,False,False,0,0,0.4020879537773142,0,0.42283225195071444
5.0,0,0,1,1,2.0,2,1,1,0,6.2166061010848646,7.601402334583733,17.0,28.0,2.0,0,True,False,False,True,False,False,False,False,False,1,1,0.7895571187368876,1,0.7549372576699754
11.0,1,0,1,1,9.0,3,0,0,0,6.398594934535208,3.4692021107762128,12.0,53.0,1.0,0,False,False,False,False,False,False,False,False,False,0,1,0.5071934580623468,0,0.414813874532536
19.0,1,0,1,1,0.6,3,1,1,1,6.90875477931522,0.0,12.0,48.0,2.0,0,True,False,False,True,False,False,False,False,False,0,1,0.7463010961432718,1,0.6972386463331727
12.0,0,0,1,1,6.0,3,1,1,0,6.2166061010848646,0.0,7.0,42.0,2.0,0,True,False,False,False,False,False,False,True,False,1,1,0.6148942147567664,1,0.5221773103967646
17.0,0,0,1,1,1.2,3,1,1,0,6.2166061010848646,5.5254529391317835,0.0,72.0,1.0,0,True,False,False,True,False,False,False,False,False,1,1,0.8209721753158187,1,0.7004264810368761
19.0,0,0,1,1,1.75,3,1,1,0,6.2166061010848646,3.678107357132025,1.0,46.0,1.0,1,True,True,False,False,False,False,False,False,False,1,0,0.23133152450106378,0,0.39125750636289214
7.0,1,0,1,1,4.0,3,1,1,1,6.2166061010848646,3.6506582412937387,11.0,41.0,1.0,0,False,False,False,False,False,False,False,True,False,0,0,0.4722454382501798,1,0.5678133164427092
13.0,0,1,1,1,1.0,3,1,1,0,5.993961427306569,7.313886831633462,10.0,30.0,2.0,0,False,False,False,True,False,False,False,False,False,1,1,0.8383187709586865,1,0.6401887942347464
18.0,0,0,1,1,0.6666666666666666,3,1,1,1,5.860786223465865,0.0,17.0,55.0,2.0,0,True,False,False,True,False,False,False,False,False,1,1,0.7742690307213523,1,0.7904315505532657
12.0,1,0,1,1,4.0,3,0,1,1,6.2166061010848646,5.929589143389895,9.0,42.0,1.0,0,True,False,False,False,True,False,False,False,False,0,0,0.30423204787833313,0,0.3272238985664837
16.0,0,0,1,1,1.0,3,1,1,0,6.2166061010848646,5.993961427306569,12.0,52.0,2.0,0,True,False,True,False,False,False,False,False,False,1,1,0.5330623969783417,1,0.5555115834339616
5.0,1,0,1,0,1.3333333333333333,3,1,1,1,6.2166061010848646,7.1316985104669115,12.0,26.0,1.0,0,True,False,False,False,False,True,False,False,False,0,1,0.5020501494599989,1,0.5440375049886202
13.0,0,0,1,1,1.6666666666666667,2,0,0,1,4.61512051684126,5.993961427306569,5.0,55.0,2.0,0,False,False,False,False,False,True,False,False,False,1,1,0.5135222114755109,0,0.4997281462875909
9.0,1,0,1,1,1.3333333333333333,2,1,1,1,6.68586094706836,5.929589143389895,12.0,32.0,2.0,0,True,False,False,False,False,False,False,False,False,0,0,0.37309567497657975,0,0.3256126393892467
19.0,1,0,1,1,3.0,3,1,0,0,6.2166061010848646,6.133398042996649,12.0,19.0,1.0,1,True,False,False,False,False,True,False,False,False,0,1,0.5254625752117137,0,0.30646151430715707
9.0,0,0,1,1,1.6666666666666667,3,1,1,1,6.2166061010848646,9.210440366976517,12.0,42.0,1.0,0,True,True,False,False,False,False,False,False,False,0,0,0.29026710745557954,0,0.2978093684456677
12.0,0,1,1,1,4.0,3,1,1,1,6.2166061010848646,4.61512051684126,12.0,34.0,1.0,0,True,False,False,True,False,False,False,False,False,0,1,0.810897373833761,1,0.7662577619724842
8.0,1,0,1,1,2.0,3,1,1,1,6.2166061010848646,0.0,15.0,33.0,1.0,0,True,False,False,False,False,False,False,True,False,0,1,0.5009660832158329,0,0.4311067257207592
9.0,1,0,1,1,2.5,3,1,0,0,6.68586094706836,8.216358332386156,2.0,38.0,1.0,0,True,False,False,False,False,False,False,False,False,0,1,0.5419417190379071,0,0.4895101247829187
15.0,1,0,1,1,0.75,3,1,1,1,7.601402334583733,7.313886831633462,19.0,58.0,2.0,0,True,False,True,False,False,False,False,False,False,0,0,0.41584286950749283,0,0.42899242936726323
13.0,1,1,1,1,3.3333333333333335,2,1,1,0,8.006700845440367,7.601402334583733,6.0,42.0,1.0,0,False,False,False,False,False,True,False,False,False,1,1,0.6213628464929187,1,0.594004416194554
5.0,0,0,1,0,1.3333333333333333,2,1,1,1,6.90875477931522,5.096812990337308,12.0,41.0,1.0,0,True,False,False,False,False,False,False,False,False,0,0,0.31963671873134636,0,0.36114750236224574
15.0,0,0,1,1,2.0,3,1,1,1,5.707110264748875,3.9318256327243257,12.0,33.0,1.0,0,True,False,False,False,False,False,False,True,False,1,1,0.5011541747180306,1,0.5330150653032593
16.0,0,0,1,1,4.5,3,1,0,0,6.2166061010848646,0.0,9.0,38.0,1.0,0,True,False,False,False,False,True,False,False,False,0,1,0.7128360783405107,0,0.4972808583110537
8.0,1,0,1,1,2.3333333333333335,2,0,0,0,6.2166061010848646,0.0,7.0,25.0,1.0,0,False,False,False,False,False,False,False,False,False,0,0,0.42151017539444524,0,0.4639223526292245
11.0,1,0,1,1,0.75,3,1,1,0,6.68586094706836,5.993961427306569,17.0,65.0,1.0,0,True,False,False,True,False,False,False,False,False,1,1,0.8178035617037662,1,0.7504395649385225
11.0,0,0,1,1,1.3333333333333333,3,1,1,1,6.2166061010848646,0.0,14.0,42.0,1.0,0,True,False,False,True,False,False,False,False,False,0,1,0.7705676700093137,1,0.8427205373267064
18.0,0,0,1,1,1.0,3,1,1,1,6.2166061010848646,6.775366090936392,12.0,72.0,2.0,0,True,False,False,False,False,True,False,False,False,1,1,0.6040524515472456,1,0.5869452360213079
19.0,0,0,1,1,1.0,3,1,1,1,6.2166061010848646,6.90875477931522,2.0,48.0,2.0,0,True,False,False,False,False,False,False,True,False,0,0,0.48491229966321564,1,0.5433474066917231
8.0,1,0,1,1,2.5,2,0,1,1,4.61512051684126,6.608000625296087,2.0,70.0,1.0,0,False,False,False,False,False,False,True,False,False,1,0,0.3743004860677628,0,0.46201435607426206
7.0,1,0,1,1,1.1666666666666667,3,1,1,1,5.860786223465865,5.190573059534934,12.0,35.0,2.0,0,True,False,False,False,False,False,True,False,False,0,0,0.486574003361185,0,0.4546082577250814
18.0,0,0,1,1,1.0,3,1,1,1,6.2166061010848646,6.55250788703459,12.0,64.0,2.0,1,True,False,False,False,False,False,False,True,False,0,0,0.3515208031366974,0,0.3455938085222629
17.0,0,0,1,1,1.6666666666666667,3,1,1,1,6.2166061010848646,4.709530201312334,15.0,40.0,1.0,0,True,False,False,True,False,False,False,False,False,0,1,0.7572161489865209,1,0.7864780254198281
19.0,0,1,1,1,1.5,2,1,1,1,6.2166061010848646,0.0,17.0,53.0,1.0,0,False,False,False,False,False,False,True,False,False,0,0,0.47473592258996744,0,0.47423751327075875
6.0,1,0,1,0,1.3333333333333333,3,1,1,1,6.2166061010848646,4.836281906951478,4.0,44.0,1.0,0,True,False,True,False,False,False,False,False,False,0,0,0.3566423656035057,0,0.3804820390205068
12.0,1,0,1,1,1.0,2,1,1,1,6.90875477931522,4.151039905898646,12.0,40.0,2.0,0,True,False,False,True,False,False,False,False,False,1,1,0.6987261532267082,1,0.7176381760154262
7.0,1,0,1,1,2.0,2,1,1,1,6.2166061010848646,7.601402334583733,5.0,30.0,1.0,0,False,False,False,False,False,False,False,False,True,0,0,0.30054544296736,0,0.33282248072474796
18.0,0,0,1,1,5.0,3,1,1,1,6.2166061010848646,0.0,0.0,40.0,2.0,0,True,False,False,False,False,False,True,False,False,0,0,0.4943463158989896,0,0.4532661313263611
7.0,0,0,1,1,0.6,3,1,1,1,8.131824785007195,8.006700845440367,18.0,36.0,2.0,0,True,False,False,False,False,False,False,True,False,1,0,0.47996230705937215,0,0.48352276731276517
7.0,1,0,1,1,1.3333333333333333,3,1,1,1,6.2166061010848646,0.0,12.0,40.0,1.0,0,True,False,False,False,False,False,False,True,False,0,1,0.5025068934153523,0,0.464009323869289
6.0,0,0,1,0,2.5,2,1,1,1,5.303304908059076,3.713572066704308,0.0,65.0,2.0,0,False,False,False,False,False,False,True,False,False,1,0,0.3593299442486995,0,0.4597604846893612
15.0,0,0,1,1,2.0,3,1,1,1,6.2166061010848646,6.803505257608338,12.0,35.0,2.0,0,True,False,False,False,False,False,False,False,False,1,0,0.4434480078763864,0,0.423511934272692
5.0,1,0,1,0,1.5,1,0,0,1,5.303304908059076,8.448414582687667,5.0,62.0,1.0,0,False,True,False,False,False,False,False,False,False,0,0,0.13613467876341503,0,0.20115761194918721
5.0,1,0,1,1,1.75,3,1,1,1,7.601402334583733,6.6678651402071685,12.0,37.0,2.0,0,True,False,False,False,False,False,False,True,False,1,0,0.47838298062890006,0,0.46581542996050573
10.0,0,1,1,1,4.0,2,0,1,0,6.2166061010848646,3.258096538021482,11.0,42.0,1.0,0,False,False,False,False,False,False,False,True,False,1,1,0.5348896716732359,0,0.49804404137564484
18.0,0,1,1,1,5.0,2,1,1,1,5.303304908059076,7.621195162809845,2.0,52.0,1.0,0,False,False,True,False,False,False,False,False,False,1,0,0.42709695713186235,0,0.4299551521374781
16.0,0,0,1,1,1.6666666666666667,3,1,1,1,5.707110264748875,3.4339872044851463,3.0,58.0,1.0,0,True,False,True,False,False,False,False,False,False,0,0,0.44840206781200936,0,0.3698865656041353
15.0,1,0,1,1,2.0,3,1,1,1,7.601402334583733,5.993961427306569,12.0,45.0,1.0,0,True,False,False,False,False,False,False,True,False,1,0,0.46382098084415746,0,0.48851922574647666
15.0,1,0,1,1,1.0,3,1,1,1,7.313886831633462,0.0,17.0,40.0,1.0,0,True,False,False,False,False,False,False,True,False,1,0,0.4766778026796579,0,0.4867436146143191
8.0,0,0,1,1,1.3333333333333333,3,1,1,1,6.2166061010848646,5.303304908059076,12.0,46.0,1.0,0,True,False,False,True,False,False,False,False,False,0,1,0.7675608832800676,1,0.7527149445728178
16.0,1,0,1,1,0.8,3,1,1,1,8.006700845440367,0.0,12.0,50.0,1.0,0,True,False,False,False,True,False,False,False,False,1,0,0.32687681367036964,0,0.4422152987060802
6.0,0,0,1,1,1.6666666666666667,3,1,1,1,6.2166061010848646,6.803505257608338,12.0,35.0,1.0,0,True,False,True,False,False,False,False,False,False,0,0,0.44479992032062843,0,0.3942385963882999
11.0,0,0,1,1,1.6666666666666667,3,1,1,1,6.90875477931522,6.523562306149512,3.0,47.0,1.0,0,True,False,False,False,False,False,False,False,False,1,0,0.43639016379420625,0,0.4419705054565143
10.0,1,0,1,1,1.0,3,1,1,1,7.937731775260109,0.0,10.0,46.0,1.0,0,True,False,False,False,False,False,False,False,True,0,0,0.37848309571761996,0,0.3307138084314029
7.0,0,0,1,1,2.0,2,1,1,0,4.110873864173311,8.922791623969637,7.0,31.0,1.0,0,False,False,False,False,True,False,False,False,False,0,0,0.3768398757709677,0,0.28599648203465067
10.0,1,0,1,1,1.0,3,1,1,1,6.68586094706836,5.791996831479057,4.0,54.0,1.0,0,True,False,True,False,False,False,False,False,False,1,0,0.42270142370331587,0,0.3507448751736827
16.0,1,0,1,1,0.6666666666666666,3,1,1,1,6.2166061010848646,0.0,12.0,32.0,2.0,0,True,False,True,False,False,False,False,False,False,1,0,0.42643345110242,0,0.36663529858023386
19.0,0,0,1,1,1.0,3,1,1,1,6.2166061010848646,0.0,14.0,62.0,2.0,0,True,False,False,True,False,False,False,False,False,0,1,0.7717992749722556,1,0.7404929200109361
19.0,0,0,1,1,2.0,1,1,1,0,2.3978952727983707,4.330733340286331,3.0,60.0,1.0,0,False,False,False,False,False,True,False,False,False,0,1,0.5851701610373048,0,0.49155782364040157
13.0,1,0,1,1,5.0,2,1,1,1,6.2166061010848646,6.175867270105761,12.0,37.0,1.0,0,False,False,False,False,True,False,False,False,False,0,0,0.26989151158058283,0,0.19459230755807522
18.0,0,0,1,1,0.6666666666666666,3,1,1,1,7.824445930877619,5.303304908059076,17.0,59.0,1.0,0,True,False,False,False,False,False,False,False,True,0,0,0.38232187115728095,0,0.3156712045753295
13.0,0,0,1,1,1.6666666666666667,2,1,1,1,5.303304908059076,5.993961427306569,12.0,35.0,1.0,0,False,False,False,False,True,False,False,False,False,0,0,0.28254646030657704,0,0.22906580961245282
6.0,1,0,1,1,1.3333333333333333,3,0,1,1,6.2166061010848646,6.621405651764134,17.0,48.0,1.0,0,True,False,False,False,False,False,False,False,False,0,0,0.40061740539109897,0,0.4458164331408675
10.0,1,1,1,1,0.75,3,1,1,1,7.313886831633462,3.5361166995615263,0.0,61.0,1.0,0,True,False,False,False,False,False,False,False,False,1,0,0.49576436049754313,0,0.4855767411370914
14.0,1,0,1,1,3.5,3,0,1,1,5.707110264748875,3.1103356562929947,3.0,46.0,2.0,0,False,False,False,False,False,False,False,True,False,1,0,0.42025533907918206,1,0.6344672229732263
11.0,1,0,1,1,2.6666666666666665,3,1,0,1,5.707110264748875,8.325063693631197,12.0,58.0,1.0,0,False,False,False,False,False,True,False,False,False,0,1,0.5958893380165019,1,0.5388193637296392
6.0,1,0,1,0,2.0,3,1,1,1,6.2166061010848646,8.11202803831707,11.0,45.0,1.0,0,True,False,True,False,False,False,False,False,False,1,0,0.35786195999114656,0,0.38446656340311874
15.0,1,0,1,1,1.6666666666666667,3,1,1,0,5.993961427306569,6.398594934535208,12.0,50.0,1.0,0,True,False,False,True,False,False,False,False,False,0,1,0.8133151633585686,1,0.7354332695655917
9.0,0,0,1,1,2.0,3,1,1,0,5.8888779583328805,6.2166061010848646,4.0,50.0,1.0,0,True,False,False,False,True,False,False,False,False,0,0,0.4523129276647319,0,0.39154757517220257
13.0,0,0,1,1,2.0,3,1,1,1,5.303304908059076,3.9318256327243257,1.0,36.0,2.0,0,True,False,False,False,True,False,False,False,False,1,0,0.36423067697886574,0,0.49193847007152164
16.0,1,1,1,1,0.6,2,1,1,1,7.601402334583733,7.419180722820095,15.0,40.0,2.0,0,True,False,False,False,False,False,True,False,False,0,0,0.45642105359180424,0,0.4420598446450267
8.0,1,0,1,1,0.75,3,1,1,1,6.2166061010848646,5.589742425278652,12.0,39.0,2.0,0,True,False,False,False,False,False,False,True,False,0,0,0.4922688093462355,0,0.4641691166487242
10.0,0,0,1,1,1.3333333333333333,3,1,1,1,6.68586094706836,0.0,17.0,43.0,1.0,0,False,False,False,False,False,False,True,False,False,0,0,0.46761157520079966,0,0.4680727845773606
8.0,0,0,1,1,6.0,2,1,1,1,6.2166061010848646,5.121977881431629,0.0,53.0,2.0,0,True,False,True,False,False,False,False,False,False,0,0,0.40590830964494035,0,0.410263723579392
10.0,0,0,1,1,0.75,3,1,1,1,6.2166061010848646,0.0,17.0,44.0,1.0,0,True,False,False,False,False,True,False,False,False,0,1,0.6119731834094213,1,0.5285132504373915
15.0,1,0,1,1,4.0,3,0,0,0,6.2166061010848646,0.0,9.0,61.0,2.0,1,True,False,False,False,False,False,False,False,False,1,0,0.3783407209007214,0,0.3505550759654616
19.0,0,0,1,1,4.0,2,1,1,0,5.993961427306569,0.0,9.0,48.0,2.0,1,False,False,False,False,False,False,False,False,True,0,0,0.27668672638361635,0,0.35821146727491526
17.0,1,0,1,1,1.25,3,1,1,1,6.2166061010848646,7.313886831633462,15.0,46.0,2.0,0,True,False,False,False,False,False,False,False,True,0,0,0.38463412299163735,0,0.33950552281363827
11.0,0,0,1,1,2.5,2,0,0,1,5.303304908059076,10.239995502805316,4.0,36.0,1.0,0,False,False,False,False,False,False,False,True,False,0,0,0.38976215753169796,0,0.3723755846636236
16.0,0,0,1,1,0.8,3,1,1,1,6.90875477931522,7.266128779556451,5.0,82.0,2.0,0,True,False,False,True,False,False,False,False,False,0,1,0.7620216647995264,1,0.7229290827219937
9.0,0,0,1,1,3.0,2,1,1,0,5.993961427306569,6.7266330027636645,7.0,29.0,2.0,0,False,False,False,False,True,False,False,False,False,1,0,0.35990109719119295,0,0.3486354903074045
19.0,1,0,1,1,1.3333333333333333,1,0,0,0,5.707110264748875,7.9105906122564775,12.0,71.0,1.0,1,False,False,False,False,False,False,False,False,False,0,0,0.23489097008880785,0,0.2690689546851958
12.0,0,1,1,1,1.25,2,1,1,1,7.313886831633462,0.0,12.0,43.0,1.0,0,True,False,True,False,False,False,False,False,False,0,0,0.44573246774756214,1,0.5193389907130784
6.0,0,0,1,0,0.75,3,1,1,1,6.2166061010848646,8.448414582687667,12.0,27.0,1.0,0,True,False,False,False,False,False,False,False,True,1,0,0.32250016218109123,0,0.38216484769120435
6.0,0,0,1,1,1.0,2,0,1,0,3.9318256327243257,0.0,1.0,94.0,1.0,0,False,False,False,False,False,False,True,False,False,0,1,0.5114644792248603,1,0.5745211148575915
10.0,1,0,1,1,1.75,3,1,1,1,6.2166061010848646,5.628134856316886,14.0,53.0,1.0,0,True,False,False,False,False,False,False,True,False,1,0,0.4969544175706384,0,0.48241521108764146
17.0,0,0,1,1,1.0,3,1,1,1,6.2166061010848646,5.860786223465865,7.0,68.0,1.0,0,True,False,False,False,False,False,False,True,False,0,1,0.5008622045377326,0,0.4868252043151153
19.0,1,0,1,1,3.5,3,1,1,1,5.707110264748875,4.28260085453587,5.0,40.0,1.0,0,False,False,False,False,False,False,False,False,False,0,0,0.40148379481738616,0,0.4843896282102845
10.0,1,0,1,1,2.0,3,0,0,1,6.2166061010848646,3.258096538021482,10.0,43.0,1.0,0,True,False,False,False,False,False,False,True,False,1,0,0.47400184643581145,1,0.5027715160744157
18.0,1,0,1,1,0.8571428571428571,3,1,1,1,7.0909098220799835,7.824445930877619,6.0,48.0,2.0,0,True,False,False,True,False,False,False,False,False,1,1,0.7314505112741032,1,0.748828343952233
11.0,0,0,1,1,2.3333333333333335,3,0,0,0,6.55250788703459,5.670865659643059,6.0,34.0,1.0,0,False,False,False,False,False,True,False,False,False,1,1,0.6256076005203618,1,0.591141279041822
10.0,1,0,1,1,2.0,2,0,0,1,6.90875477931522,6.439350371100098,5.0,46.0,1.0,0,True,False,False,False,False,False,False,False,False,0,0,0.3503468478198951,0,0.35935793086433976
17.0,0,0,1,1,2.0,3,0,1,0,6.68586094706836,7.719129840906732,6.0,59.0,1.0,0,False,False,False,False,False,False,False,False,False,0,0,0.4477825323337291,0,0.4776019851532023
12.0,1,0,1,1,3.0,3,1,1,1,6.2166061010848646,0.0,13.0,29.0,2.0,0,True,False,False,False,True,False,False,False,False,0,0,0.3547248442229409,0,0.44079129985347704
14.0,0,0,1,1,2.0,3,1,1,0,6.2166061010848646,0.0,17.0,56.0,2.0,0,True,False,True,False,False,False,False,False,False,1,1,0.5567101671377,1,0.5197527223288806
12.0,0,1,1,1,2.0,3,1,1,1,5.707110264748875,6.90875477931522,1.0,34.0,2.0,0,True,False,False,False,False,False,True,False,False,0,1,0.5550057592375409,1,0.547071132397334
10.0,0,1,1,1,2.5,3,1,1,1,6.2166061010848646,3.9318256327243257,7.0,46.0,2.0,0,True,False,False,True,False,False,False,False,False,1,1,0.8157474495710512,1,0.7071549961870198
19.0,1,1,1,1,0.8333333333333334,3,1,1,1,7.601402334583733,0.0,12.0,47.0,1.0,0,True,False,False,False,True,False,False,False,False,1,0,0.3894402641865305,1,0.578258515279329
6.0,1,0,1,0,1.5,3,1,1,0,6.90875477931522,7.196187070324464,17.0,40.0,1.0,0,True,True,False,False,False,False,False,False,False,1,0,0.2888940883605567,0,0.4367785020425539
15.0,0,0,1,1,4.0,3,0,1,1,6.2166061010848646,5.929589143389895,9.0,42.0,1.0,0,True,False,False,False,True,False,False,False,False,0,0,0.3124478319431565,0,0.3302227081096578
13.0,1,0,1,1,2.3333333333333335,3,0,0,0,6.2166061010848646,0.0,12.0,29.0,1.0,0,True,False,False,False,False,False,False,False,False,1,1,0.5096474506062757,1,0.5018233101475471
6.0,0,0,1,1,1.6666666666666667,3,1,1,1,6.2166061010848646,0.0,17.0,41.0,1.0,0,True,False,False,False,False,False,False,True,False,0,1,0.5239839751742531,0,0.44942789986101717
14.0,0,0,1,1,2.5,3,1,1,1,6.90875477931522,8.881975184248867,5.0,41.0,1.0,0,False,False,False,False,False,False,False,False,True,1,0,0.35219713189391777,1,0.5333730106129813
11.0,0,0,1,1,7.0,1,0,1,0,5.017279836814924,0.0,9.0,30.0,1.0,0,False,False,False,False,False,False,False,True,False,0,0,0.42819446525904675,0,0.3963288320625445
14.0,1,0,1,1,1.6666666666666667,3,1,1,1,6.68586094706836,4.2626798770413155,12.0,47.0,1.0,0,True,False,False,False,False,False,False,True,False,1,0,0.48133284598112436,1,0.5089639033257467
11.0,1,0,1,1,1.6666666666666667,2,1,1,1,6.2166061010848646,7.650168700845001,9.0,41.0,1.0,0,False,False,False,False,True,False,False,False,False,0,0,0.26230921651390715,0,0.21434679848117127
11.0,0,0,1,1,0.8333333333333334,3,1,1,1,7.601402334583733,7.0909098220799835,12.0,50.0,2.0,0,True,False,False,False,False,False,False,False,True,1,0,0.38959157052100957,0,0.33529860779042403
17.0,1,0,1,1,0.6666666666666666,3,1,1,1,5.303304908059076,0.0,11.0,17.0,1.0,1,True,True,False,False,False,False,False,False,False,0,0,0.16988611693853195,0,0.2556515529079003
7.0,0,0,1,1,1.0,3,1,1,1,6.2166061010848646,8.006700845440367,5.0,65.0,1.0,0,True,False,False,False,False,False,False,False,True,1,0,0.41217018864712324,0,0.3847986567932227
6.0,1,0,1,0,2.0,3,1,1,1,6.398594934535208,0.0,6.0,34.0,1.0,0,True,False,False,False,False,False,False,True,False,0,0,0.4171232248218022,0,0.4146786614113307
13.0,1,0,1,1,1.6666666666666667,2,0,0,1,5.303304908059076,6.398594934535208,12.0,40.0,1.0,0,False,False,False,True,False,False,False,False,False,0,1,0.6659558798163876,1,0.5223363602549064
6.0,0,0,1,1,2.3333333333333335,2,1,1,1,4.61512051684126,5.880931949102981,11.0,32.0,1.0,0,False,False,False,False,True,False,False,False,False,0,0,0.2998374567311458,0,0.27237482955965064
17.0,0,0,1,1,0.8,3,1,1,1,7.601402334583733,5.5254529391317835,12.0,37.0,2.0,0,True,False,False,False,False,False,False,True,False,1,0,0.47215570279898517,0,0.4854293125529856
12.0,0,0,1,1,2.5,3,1,1,0,6.2166061010848646,8.213110697596676,9.0,40.0,1.0,0,True,False,False,True,False,False,False,False,False,0,1,0.8180408540290558,1,0.808056339906671
9.0,1,0,1,1,1.0,3,1,1,0,6.2166061010848646,0.0,10.0,34.0,1.0,0,True,False,True,False,False,False,False,False,False,0,1,0.5252141104081254,0,0.47697773919212666
8.0,0,0,1,1,3.5,3,1,1,1,5.707110264748875,4.28260085453587,7.0,43.0,2.0,0,True,False,False,True,False,False,False,False,False,1,1,0.7780707553071466,1,0.8051204214065776
12.0,1,0,1,1,0.75,3,1,1,1,8.006700845440367,0.0,19.0,40.0,1.0,0,True,False,False,False,False,True,False,False,False,0,1,0.5701690072292775,0,0.49358704772824114
16.0,0,1,1,1,1.0,2,1,1,0,5.707110264748875,6.398594934535208,12.0,53.0,1.0,0,False,False,False,False,True,False,False,False,False,0,0,0.42538779299357404,0,0.37574769604785224
5.0,1,0,1,0,2.0,3,1,1,1,6.2166061010848646,0.0,10.0,28.0,1.0,0,True,False,False,False,False,False,False,True,False,0,0,0.42051861539432644,0,0.42656971211024997
5.0,1,0,1,0,3.0,3,1,1,1,6.2166061010848646,0.0,12.0,28.0,2.0,0,True,False,False,False,False,False,False,False,False,1,0,0.38009022122979763,0,0.42905341308923767
14.0,0,0,1,1,1.25,3,1,1,1,6.90875477931522,5.75890177387728,12.0,45.0,1.0,0,True,False,False,False,False,False,False,False,True,0,0,0.3903225786636526,0,0.29103597365655837
17.0,0,0,1,1,1.0,3,1,1,1,6.2166061010848646,0.0,17.0,59.0,1.0,0,True,False,False,True,False,False,False,False,False,1,1,0.7712038573298704,1,0.7624884554606591
15.0,1,0,1,1,1.6666666666666667,2,1,1,1,7.496097345175956,6.90875477931522,17.0,39.0,1.0,0,True,False,False,False,False,False,False,False,False,0,0,0.35560569365000166,0,0.393945739036583
12.0,0,0,1,1,1.75,3,1,1,1,7.313886831633462,7.265129978035143,12.0,42.0,1.0,0,True,False,False,True,False,False,False,False,False,1,1,0.748182009953662,1,0.7796522462168306
12.0,0,1,1,1,2.0,2,0,1,0,6.68586094706836,7.076935307352917,2.0,54.0,1.0,0,True,False,False,True,False,False,False,False,False,0,1,0.7915653687146734,1,0.5994895107172884
11.0,1,0,1,1,1.25,2,0,0,1,6.68586094706836,0.0,12.0,44.0,2.0,0,True,False,False,False,False,False,False,False,False,0,0,0.36850044412268196,0,0.35398329855521576
18.0,1,1,1,1,0.6666666666666666,3,1,1,1,7.496097345175956,0.0,14.0,50.0,2.0,0,True,False,True,False,False,False,False,False,False,0,0,0.4863583318640392,1,0.532039527430628
12.0,1,0,1,1,2.5,2,1,1,1,6.2166061010848646,0.0,12.0,29.0,1.0,0,True,False,False,True,False,False,False,False,False,1,1,0.7079931564488188,1,0.7493298565970192
9.0,0,0,1,1,1.6666666666666667,3,1,1,1,7.313886831633462,4.795790545596741,8.0,36.0,1.0,0,True,False,False,False,False,False,False,True,False,0,0,0.4855894586399993,0,0.4640327961793147
19.0,0,0,1,1,2.0,3,1,1,1,5.707110264748875,3.5361166995615263,3.0,40.0,2.0,0,True,False,False,True,False,False,False,False,False,0,1,0.7593904736802678,1,0.6836342963992854
14.0,1,0,1,1,3.0,3,1,1,1,6.2166061010848646,3.9318256327243257,5.0,43.0,2.0,0,True,False,False,False,False,False,False,True,False,0,0,0.4898181901106256,1,0.5149509724461552
6.0,0,0,1,0,1.6666666666666667,2,1,1,1,6.2166061010848646,0.0,12.0,33.0,2.0,0,True,False,True,False,False,False,False,False,False,1,0,0.3287260980894087,0,0.3813352687857854
8.0,1,0,1,1,1.3333333333333333,3,1,1,0,6.68586094706836,0.0,17.0,31.0,1.0,0,True,False,True,False,False,False,False,False,False,0,1,0.5247551989540561,1,0.5408264562292402
18.0,1,0,1,1,0.6666666666666666,3,1,1,1,7.313886831633462,0.0,15.0,44.0,1.0,0,True,False,False,True,False,False,False,False,False,0,1,0.739885058868108,1,0.7992303728074032
15.0,1,1,1,1,3.3333333333333335,2,1,1,1,5.303304908059076,5.8888779583328805,9.0,36.0,1.0,0,False,False,False,False,False,False,True,False,False,0,0,0.4581803859681038,0,0.39819858132393193
14.0,0,0,1,1,3.0,2,0,1,0,6.2166061010848646,3.816490578706582,12.0,38.0,1.0,1,False,False,False,True,False,False,False,False,False,0,1,0.5853592293488619,1,0.5486477890520493
9.0,0,0,1,1,2.0,3,1,1,1,6.2166061010848646,6.988720637805241,11.0,45.0,1.0,0,True,False,True,False,False,False,False,False,False,1,0,0.4455578402789004,0,0.43095637034893314
12.0,1,0,1,1,1.0,3,1,1,1,7.824445930877619,0.0,17.0,41.0,1.0,0,True,False,False,False,False,False,False,True,False,0,0,0.4753507799251989,0,0.4795921913572393
15.0,1,0,1,1,2.0,3,1,1,1,5.017279836814924,3.5115454388310208,12.0,44.0,1.0,0,True,False,False,True,False,False,False,False,False,0,1,0.763447114645429,1,0.772474349159473
8.0,0,0,1,1,1.3333333333333333,3,1,1,1,7.496097345175956,7.313886831633462,15.0,37.0,1.0,0,True,False,True,False,False,False,False,False,False,0,0,0.42563791685168356,0,0.40957799747625495
17.0,0,0,1,1,2.3333333333333335,2,1,1,1,6.2166061010848646,8.488411515705064,1.0,53.0,1.0,1,False,False,True,False,False,False,False,False,False,0,0,0.21730306352702963,0,0.2655361789358767
15.0,1,0,1,1,2.0,2,1,1,1,5.5254529391317835,8.358822508778069,9.0,40.0,1.0,0,False,False,False,False,False,True,False,False,False,0,0,0.488836493109115,0,0.4050516039472879
5.0,1,0,1,0,3.3333333333333335,2,1,1,0,6.90875477931522,2.5649493574615367,5.0,68.0,1.0,0,False,False,False,False,False,True,False,False,False,1,1,0.5271801218098898,1,0.5859581287017046
9.0,0,0,1,1,1.6666666666666667,3,1,1,1,6.2166061010848646,0.0,17.0,35.0,1.0,0,True,False,True,False,False,False,False,False,False,1,0,0.45624249105349024,0,0.3969926947644818
10.0,1,0,1,1,1.6666666666666667,3,1,1,1,6.2166061010848646,7.601402334583733,12.0,42.0,1.0,0,True,False,False,True,False,False,False,False,False,1,1,0.750215217501002,1,0.8098854259343391
6.0,0,0,1,1,1.5,3,1,1,1,6.2166061010848646,0.0,18.0,33.0,2.0,0,False,True,False,False,False,False,False,False,False,1,0,0.2855496374578979,0,0.2915860809963551
5.0,0,0,1,1,2.0,3,1,1,1,7.550135342488429,6.621405651764134,17.0,35.0,1.0,0,True,False,False,False,False,False,False,True,False,1,0,0.49239710166529854,0,0.4370333512766003
7.0,0,0,1,1,3.0,3,1,1,0,6.2166061010848646,6.90875477931522,9.0,29.0,1.0,0,True,False,True,False,False,False,False,False,False,0,1,0.5325967072833454,1,0.536564496638221
12.0,1,0,1,1,4.0,2,1,1,1,6.2166061010848646,4.151039905898646,16.0,40.0,1.0,0,True,False,True,False,False,False,False,False,False,0,0,0.3805282914481704,0,0.44437761260662056
11.0,0,0,1,1,1.3333333333333333,3,1,1,1,6.2166061010848646,0.0,14.0,51.0,1.0,0,True,False,False,False,False,False,True,False,False,0,1,0.5063137930260093,0,0.42702045497086033
7.0,0,1,1,0,3.3333333333333335,2,1,1,0,8.006700845440367,7.601402334583733,6.0,42.0,1.0,0,False,False,False,False,False,True,False,False,False,1,1,0.5684065874263906,1,0.5704621532013925
19.0,0,1,1,1,2.0,1,0,0,1,7.601402334583733,6.478509642208569,5.0,53.0,1.0,1,False,False,False,False,False,False,False,False,False,0,0,0.2049264304691987,0,0.310411622302183
11.0,0,0,1,1,1.3333333333333333,2,1,1,1,6.2166061010848646,0.0,12.0,30.0,2.0,0,True,False,True,False,False,False,False,False,False,1,0,0.3917961073277697,0,0.4021409910884502
16.0,1,0,1,1,3.0,3,1,1,0,6.2166061010848646,0.0,11.0,43.0,1.0,0,False,False,False,False,False,False,True,False,False,0,1,0.5414903738994561,1,0.5336786919206005
5.0,0,1,1,0,3.5,2,1,1,0,6.2166061010848646,5.8402262887277585,3.0,64.0,1.0,0,False,False,False,False,False,False,False,False,False,1,0,0.4621989024723077,1,0.5412562163213479
15.0,1,0,1,1,1.0,3,1,1,1,6.2166061010848646,5.898069199508429,12.0,46.0,1.0,0,True,False,False,False,False,True,False,False,False,1,1,0.5773291135647107,1,0.5269462894332245
10.0,1,0,1,1,1.75,3,1,1,1,7.313886831633462,3.780937598531884,5.0,46.0,1.0,0,True,False,False,False,False,False,False,True,False,1,0,0.4751721586705544,1,0.5014783419636336
16.0,0,0,1,1,1.25,2,1,1,1,6.90875477931522,6.398594934535208,8.0,47.0,1.0,0,False,False,False,False,False,True,False,False,False,0,0,0.48779059915551787,0,0.48493730757601083
6.0,0,1,1,1,2.5,3,1,1,1,2.3978952727983707,5.111987788356544,12.0,37.0,1.0,0,True,False,False,True,False,False,False,False,False,1,1,0.8439818648941292,1,0.7935243867096922
14.0,0,1,1,1,2.5,2,1,1,1,5.707110264748875,8.157828920190736,10.0,41.0,1.0,1,False,False,False,True,False,False,False,False,False,1,1,0.6088825343092423,1,0.6822840325683803
18.0,1,0,1,1,1.25,3,1,1,1,7.696667081526462,7.937731775260109,17.0,54.0,2.0,0,True,False,False,False,False,False,False,True,False,0,0,0.46474979237928626,1,0.5009173551068495
14.0,0,0,1,1,3.0,3,1,1,1,6.2166061010848646,6.7266330027636645,15.0,40.0,1.0,0,True,False,False,False,False,False,False,True,False,0,0,0.49986191053317774,0,0.4657273150664733
10.0,0,0,1,1,1.25,2,1,1,1,5.303304908059076,5.303304908059076,11.0,37.0,1.0,0,False,False,False,False,False,False,True,False,False,0,0,0.4094035222247407,0,0.35935633170399894
7.0,1,0,1,1,1.0,3,1,1,1,7.601402334583733,6.710523109452428,18.0,58.0,1.0,0,True,False,False,False,False,False,False,True,False,1,0,0.4844682372220314,0,0.4516187905970006
18.0,0,0,1,1,0.5714285714285714,3,1,1,1,7.313886831633462,7.1316985104669115,13.0,45.0,2.0,0,True,False,False,True,False,False,False,False,False,1,1,0.7432731175053915,1,0.768293471658815
13.0,0,0,1,1,1.6666666666666667,3,0,0,0,6.2166061010848646,7.601402334583733,12.0,37.0,1.0,0,True,False,False,False,False,False,False,False,False,0,1,0.5122863467934182,0,0.46819487134921184
16.0,0,0,1,1,1.0,3,1,1,1,5.303304908059076,0.0,16.0,44.0,1.0,0,True,False,False,True,False,False,False,False,False,1,1,0.7744799989320509,1,0.839211171331891
10.0,0,0,1,1,1.3333333333333333,3,1,1,1,5.5254529391317835,0.0,12.0,33.0,2.0,0,True,False,False,False,False,False,False,False,True,0,0,0.42353650186362707,0,0.36014820018731236
7.0,1,0,1,1,1.3333333333333333,3,1,1,1,7.313886831633462,6.439350371100098,17.0,40.0,1.0,0,True,False,True,False,False,False,False,False,False,0,0,0.4201009150845225,0,0.405763414042203
16.0,0,0,1,1,0.8333333333333334,3,1,1,1,6.2166061010848646,3.9318256327243257,12.0,35.0,1.0,0,True,False,False,True,False,False,False,False,False,1,1,0.7539160550950034,1,0.8010286761290303
8.0,0,0,1,1,2.0,2,1,1,1,5.303304908059076,4.083171261623976,10.0,43.0,1.0,0,False,False,False,False,False,False,True,False,False,1,0,0.41991410682547486,0,0.4526463044741112
7.0,0,0,1,1,1.6666666666666667,3,1,1,1,6.2166061010848646,8.188966863648876,8.0,46.0,1.0,0,False,False,False,False,False,False,False,True,False,1,0,0.47168213373189094,1,0.5646853159883447
15.0,0,0,1,1,4.0,3,1,1,1,6.2166061010848646,5.707110264748875,10.0,32.0,2.0,0,True,False,False,False,False,False,False,True,False,0,0,0.49966147126149785,0,0.4696578457327223
10.0,0,0,1,1,1.6666666666666667,3,0,1,1,5.017279836814924,6.398594934535208,12.0,34.0,1.0,0,True,False,False,False,True,False,False,False,False,0,0,0.3245591430530804,0,0.3606523811323815
11.0,0,0,1,1,4.0,2,1,1,0,5.303304908059076,6.621405651764134,4.0,45.0,1.0,0,True,False,False,False,True,False,False,False,False,1,0,0.4008767428370075,0,0.3731938506084771
17.0,1,0,1,1,0.75,3,1,1,1,6.90875477931522,8.517393171418904,12.0,43.0,2.0,0,True,False,False,False,False,False,False,True,False,1,0,0.4645341541160073,0,0.490514560039295
13.0,1,1,1,1,1.6666666666666667,3,1,1,1,6.2166061010848646,9.105090961257085,12.0,35.0,1.0,0,False,False,False,False,True,False,False,False,False,0,0,0.3664416981853472,0,0.42632121121451916
17.0,0,0,1,1,1.25,3,1,1,1,5.707110264748875,4.394449154672439,5.0,41.0,1.0,0,True,False,False,True,False,False,False,False,False,1,1,0.7570290126425075,1,0.7351852633046512
11.0,1,0,1,1,2.5,3,1,1,1,6.68586094706836,4.394449154672439,6.0,44.0,1.0,0,True,False,False,False,False,False,False,True,False,0,0,0.4827356602972076,0,0.4989827184911708
5.0,0,0,1,0,1.25,2,1,1,1,7.0909098220799835,7.3783837129967145,12.0,55.0,1.0,0,True,False,True,False,False,False,False,False,False,0,0,0.31350962643503166,0,0.36949262598443733
12.0,0,0,1,1,2.0,3,1,1,1,6.90875477931522,5.017279836814924,14.0,30.0,2.0,0,True,False,False,False,False,False,False,False,False,1,0,0.44103251562684304,0,0.43463057558697016
19.0,0,0,1,1,1.0,3,1,1,1,5.993961427306569,6.111467339502679,15.0,47.0,1.0,1,True,False,False,True,False,False,False,False,False,1,1,0.6239712971862421,1,0.6244476684171542
5.0,1,0,1,0,4.0,3,1,1,0,6.90875477931522,6.621405651764134,7.0,36.0,1.0,0,False,False,False,False,False,True,False,False,False,0,1,0.5637731624970653,1,0.5576922334743345
11.0,0,0,1,1,1.25,2,1,1,1,5.993961427306569,0.0,17.0,30.0,1.0,0,True,False,False,False,False,False,False,False,False,1,0,0.4012059588759918,0,0.43959291423206054
18.0,1,0,1,1,2.0,3,1,1,1,6.2166061010848646,4.767855768265187,12.0,47.0,2.0,1,True,False,False,True,False,False,False,False,False,0,1,0.6165766547130956,1,0.6427623588932857
17.0,1,1,1,1,2.3333333333333335,3,1,1,1,6.2166061010848646,8.208608458281915,3.0,53.0,1.0,1,False,False,False,False,False,False,False,False,True,1,0,0.27393240751917375,0,0.433111632175247
17.0,0,0,1,1,3.3333333333333335,3,1,1,1,6.2166061010848646,0.0,12.0,46.0,1.0,0,True,False,False,False,False,False,False,True,False,0,1,0.5101517630914086,1,0.5184924925924829
18.0,0,0,1,1,1.25,2,0,0,1,6.68586094706836,0.0,12.0,44.0,2.0,0,True,False,False,False,False,False,False,False,False,0,0,0.3712265264985788,0,0.3605941881190975
12.0,1,0,1,1,1.75,3,1,1,1,9.036106025364846,0.0,17.0,65.0,1.0,0,True,False,False,True,False,False,False,False,False,1,1,0.7426938283990238,1,0.751538971861119
16.0,1,0,1,1,1.0,3,1,1,1,8.006700845440367,0.0,18.0,38.0,1.0,0,True,False,False,False,False,False,False,False,True,0,0,0.36912035072609245,0,0.34497433866936883
15.0,0,0,1,1,3.0,3,1,1,0,6.2166061010848646,5.812138499293826,2.0,45.0,2.0,0,True,True,False,False,False,False,False,False,False,1,0,0.37074829612194177,0,0.4636605246364038
17.0,0,0,1,1,2.0,3,1,1,1,6.2166061010848646,5.5254529391317835,12.0,52.0,2.0,0,True,False,False,True,False,False,False,False,False,0,1,0.7637080029549553,1,0.7474529201925837
11.0,0,0,1,1,1.5,2,1,1,1,6.2166061010848646,8.805025252619144,15.0,58.0,1.0,0,True,False,False,False,False,True,False,False,False,0,1,0.5444827060935845,0,0.45764082112651927
16.0,1,0,1,1,1.3333333333333333,3,1,1,1,6.2166061010848646,0.0,14.0,39.0,1.0,0,True,False,False,False,True,False,False,False,False,0,0,0.34564384451394925,0,0.45564437343911435
18.0,1,0,1,1,1.3333333333333333,3,1,1,1,6.2166061010848646,8.740496729931813,17.0,44.0,1.0,0,True,False,False,True,False,False,False,False,False,0,1,0.7411517746569101,1,0.8169020056954411
11.0,1,0,1,1,1.0,3,1,1,0,7.0909098220799835,5.589742425278652,3.0,51.0,2.0,0,True,False,True,False,False,False,False,False,False,0,1,0.5087815111728242,1,0.5107255916919373
12.0,1,0,1,1,1.3333333333333333,3,1,1,1,6.2166061010848646,3.9318256327243257,14.0,36.0,2.0,0,True,False,False,False,False,False,False,True,False,1,0,0.4902384174026221,0,0.45943970472918366
11.0,1,0,1,1,1.25,3,1,1,1,6.2166061010848646,5.707110264748875,17.0,37.0,2.0,0,True,True,False,False,False,False,False,False,False,0,0,0.28420606555931843,0,0.2562589741300061
10.0,1,0,1,1,1.0,3,1,1,1,6.2166061010848646,0.0,17.0,36.0,1.0,0,True,False,True,False,False,False,False,False,False,0,0,0.43859710455976575,0,0.3766124823361161
15.0,1,0,1,1,3.0,2,1,1,0,6.2166061010848646,7.155396301896734,13.0,35.0,1.0,0,True,False,False,False,False,False,False,False,False,0,0,0.4587997775206491,0,0.45610710297464246
10.0,1,0,1,1,1.3333333333333333,3,1,1,1,6.2166061010848646,0.0,12.0,41.0,1.0,0,True,False,False,False,False,False,False,False,False,1,0,0.4470111239897238,0,0.44205641777018123
7.0,1,0,1,1,1.5,3,1,1,1,6.2166061010848646,0.0,12.0,40.0,2.0,0,True,False,False,False,False,False,True,False,False,0,0,0.49564441764997097,0,0.41440054934115955
17.0,0,1,1,1,1.3333333333333333,3,1,1,1,6.2166061010848646,4.836281906951478,1.0,39.0,2.0,0,True,False,False,True,False,False,False,False,False,1,1,0.7999619304778999,1,0.7024041222272202
7.0,0,0,1,1,2.5,3,1,1,1,6.2166061010848646,5.8888779583328805,12.0,30.0,1.0,0,True,False,False,True,False,False,False,False,False,1,1,0.7639029740579648,1,0.7721446495402159
10.0,1,0,1,1,4.0,2,0,0,0,5.707110264748875,8.160803920954665,10.0,35.0,2.0,0,False,False,False,False,False,False,False,False,False,1,0,0.427021166224365,0,0.4686559253497222
19.0,1,0,1,1,0.75,3,1,1,1,6.68586094706836,0.0,12.0,40.0,2.0,0,True,False,True,False,False,False,False,False,False,1,0,0.42008912475649296,0,0.419616572202829
14.0,1,0,1,1,1.0,3,1,1,1,6.2166061010848646,0.0,17.0,31.0,2.0,0,True,False,False,False,False,False,False,True,False,0,0,0.4925962101714657,0,0.43540411383146926
13.0,1,0,1,1,1.0,3,1,1,1,6.68586094706836,0.0,18.0,46.0,1.0,0,True,False,True,False,False,False,False,False,False,0,0,0.4337877217887974,0,0.3930250778702861
6.0,1,0,1,1,1.5,3,0,1,1,7.313886831633462,6.973230860941048,12.0,40.0,2.0,0,True,False,False,False,False,False,False,True,False,0,0,0.43225822561502714,0,0.4909605544865834
17.0,1,0,1,1,2.0,2,1,1,1,5.5254529391317835,6.775366090936392,12.0,39.0,1.0,0,False,False,True,False,False,False,False,False,False,0,0,0.33891802233902313,0,0.30551958571791177
17.0,1,0,1,1,1.0,2,0,1,0,3.4339872044851463,7.824445930877619,10.0,17.0,1.0,1,False,False,False,False,True,False,False,False,False,0,0,0.19099889332017495,0,0.1848378904635618
14.0,0,0,1,1,1.6666666666666667,3,1,1,0,4.61512051684126,0.0,10.0,40.0,1.0,0,False,False,False,True,False,False,False,False,False,1,1,0.818497050885171,1,0.7249279232784777
12.0,0,0,1,1,3.0,3,1,1,1,6.2166061010848646,3.713572066704308,9.0,51.0,1.0,0,True,False,False,False,False,False,False,False,True,0,0,0.4129466922347887,0,0.3493602427978433
19.0,1,0,1,1,2.5,3,1,1,1,6.2166061010848646,0.0,4.0,41.0,2.0,1,True,False,False,False,False,False,False,True,False,0,0,0.33520522758430077,0,0.36762539912020986
13.0,0,0,1,1,1.0,3,1,1,1,7.313886831633462,9.946355452763305,15.0,54.0,1.0,0,True,False,False,True,False,False,False,False,False,0,1,0.7481269955069103,1,0.747941927172681
8.0,0,0,1,1,2.0,3,1,1,1,6.2166061010848646,5.929589143389895,17.0,39.0,1.0,0,True,False,False,True,False,False,False,False,False,1,1,0.7678083173403181,1,0.8113903260538161
12.0,1,0,1,1,1.3333333333333333,3,1,1,0,6.2166061010848646,2.6026896854443837,12.0,40.0,1.0,0,True,False,False,True,False,False,False,False,False,1,1,0.8147851045139003,1,0.8092742461811162
9.0,0,0,1,1,3.5,2,0,1,0,4.61512051684126,5.6584861997410245,5.0,45.0,1.0,0,False,False,False,False,False,False,True,False,False,1,0,0.46848851056284796,1,0.5712077448161073
9.0,1,0,1,1,3.0,2,1,0,0,5.993961427306569,8.805025252619144,5.0,63.0,2.0,0,False,False,False,False,False,True,False,False,False,0,1,0.6278732470243302,1,0.5471558127666704
5.0,1,0,1,0,4.0,3,1,1,1,6.2166061010848646,5.017279836814924,12.0,29.0,1.0,0,True,False,False,False,False,False,False,True,False,1,0,0.4191837307765987,0,0.40886126757724695
13.0,1,0,1,1,2.5,2,1,1,0,6.2166061010848646,8.699681400989514,12.0,41.0,1.0,0,False,False,False,True,False,False,False,False,False,0,1,0.7464120940011356,1,0.6376636390601564
17.0,0,0,1,1,0.8571428571428571,3,1,1,1,6.90875477931522,5.589742425278652,14.0,39.0,1.0,1,True,False,False,False,False,False,True,False,False,0,0,0.31944631535226337,0,0.35662589316699234
7.0,0,0,1,1,2.0,2,1,1,1,5.5254529391317835,0.0,12.0,29.0,2.0,0,False,False,False,False,False,False,False,True,False,0,0,0.43586540758834075,0,0.35968007147925407
9.0,1,0,1,1,1.6,3,1,1,1,7.601402334583733,4.61512051684126,14.0,50.0,1.0,0,True,False,False,False,False,False,False,True,False,0,0,0.47954326874535314,0,0.4660468957162889
17.0,0,0,1,1,1.0,2,1,1,1,6.2166061010848646,6.111467339502679,12.0,40.0,1.0,0,True,False,True,False,False,False,False,False,False,1,0,0.37142157522117714,0,0.3958760641225836
18.0,0,1,1,1,1.0,3,1,1,1,6.68586094706836,5.650147258823569,12.0,60.0,1.0,0,True,False,False,True,False,False,False,False,False,1,1,0.8029829979304244,1,0.6829209996755875
7.0,1,0,1,1,4.0,3,1,1,1,6.2166061010848646,6.042632833682381,10.0,27.0,1.0,0,True,False,False,False,True,False,False,False,False,1,0,0.34749472953942834,0,0.37124725957552057
16.0,0,0,1,1,0.8,3,1,1,1,6.2166061010848646,0.0,19.0,42.0,1.0,0,True,False,False,True,False,False,False,False,False,0,1,0.765922613633088,1,0.7930740430185175
12.0,1,0,1,1,2.0,3,1,1,0,6.2166061010848646,0.0,12.0,72.0,1.0,0,False,False,False,False,False,False,False,False,False,1,1,0.5234253987363965,1,0.5321895540725508
18.0,0,0,1,1,1.6666666666666667,3,1,1,1,6.398594934535208,6.329720905522696,12.0,43.0,1.0,0,False,False,False,False,False,False,False,True,False,1,0,0.4554990851050626,1,0.560109363313366
8.0,1,0,1,1,4.0,3,1,1,1,6.2166061010848646,0.0,12.0,40.0,2.0,0,True,False,False,True,False,False,False,False,False,1,1,0.7710737675897021,1,0.7783195074822749
19.0,0,0,1,1,1.25,3,1,1,1,7.313886831633462,0.0,10.0,41.0,2.0,0,True,False,False,False,False,False,False,False,True,0,0,0.3884125571828945,0,0.3752548027069954
5.0,1,0,1,0,0.5,3,1,1,1,7.601402334583733,7.601402334583733,12.0,29.0,2.0,0,True,False,True,False,False,False,False,False,False,0,0,0.33531605871251374,0,0.37382443088104716
6.0,1,0,1,0,1.6,3,1,1,1,6.2166061010848646,5.664695085948154,6.0,50.0,2.0,0,True,False,False,False,False,False,False,False,True,0,0,0.3286935633567037,0,0.34616687993341094
13.0,0,0,1,1,1.25,3,1,1,0,6.2166061010848646,5.993961427306569,12.0,40.0,1.0,0,True,False,False,True,False,False,False,False,False,1,1,0.8185083277946359,1,0.762456809777584
12.0,0,0,1,1,4.0,3,1,1,1,7.313886831633462,5.929589143389895,3.0,45.0,1.0,0,True,True,False,False,False,False,False,False,False,1,0,0.2813195667010822,0,0.4947990059859066
14.0,0,0,1,1,1.5,3,1,1,1,6.2166061010848646,7.438971592395862,12.0,44.0,1.0,0,True,False,False,False,False,False,True,False,False,1,0,0.48205564870497736,0,0.47493130257859795
5.0,0,0,1,0,3.0,2,0,0,1,6.2166061010848646,0.0,12.0,39.0,2.0,0,True,False,False,False,False,False,False,False,False,0,0,0.3267707250345266,0,0.4041687602327201
10.0,0,0,1,1,2.0,3,1,1,1,6.2166061010848646,4.151039905898646,12.0,39.0,2.0,0,True,False,False,False,False,False,False,True,False,1,1,0.5102500397080564,0,0.4837637116566445
12.0,1,0,1,1,0.75,3,1,1,1,6.90875477931522,7.681406599201042,15.0,38.0,2.0,0,True,False,False,False,False,False,True,False,False,1,0,0.4617916283597907,0,0.4352130535529091
8.0,1,0,1,1,4.0,3,1,1,1,6.2166061010848646,0.0,12.0,33.0,2.0,0,True,False,False,True,False,False,False,False,False,1,1,0.7681868300191684,1,0.7561425282243417
17.0,1,0,1,1,1.5,3,1,1,1,6.2166061010848646,0.0,12.0,44.0,2.0,0,True,False,False,False,False,False,False,False,True,0,0,0.3956117193660465,0,0.3515767030552847
10.0,0,0,1,1,1.3333333333333333,3,1,1,1,5.993961427306569,6.587550014824796,3.0,53.0,1.0,1,False,False,False,False,False,False,False,True,False,1,0,0.32343351436173806,0,0.4898558903894321
5.0,1,0,1,0,2.5,3,1,1,0,5.303304908059076,7.0909098220799835,2.0,53.0,1.0,0,False,False,False,True,False,False,False,False,False,1,1,0.753109152318142,1,0.6720847011391782
14.0,1,1,1,1,1.5,3,1,1,1,7.0909098220799835,9.669935857254984,15.0,42.0,1.0,0,True,False,False,True,False,False,False,False,False,0,1,0.7846901351467053,1,0.788348704405294
9.0,1,0,1,1,2.5,3,1,1,1,5.707110264748875,5.303304908059076,12.0,32.0,2.0,0,True,True,False,False,False,False,False,False,False,1,0,0.2911989446154231,0,0.3530421943537707
11.0,1,0,1,1,1.5,3,1,1,0,6.90875477931522,7.215975002651466,2.0,50.0,2.0,0,True,False,False,False,False,False,False,False,False,0,1,0.5165164203185634,1,0.5252637149371996
15.0,0,0,1,1,1.5,3,1,1,1,4.795790545596741,9.53490870409457,5.0,62.0,1.0,0,False,True,False,False,False,False,False,False,False,0,0,0.2766915528530754,0,0.2675359401345706
13.0,1,0,1,1,1.6666666666666667,3,1,1,0,5.017279836814924,7.065613363597717,12.0,43.0,1.0,0,False,False,False,True,False,False,False,False,False,0,1,0.8007172484448911,1,0.6454151367089636
12.0,1,0,1,1,1.0,2,1,1,0,6.2166061010848646,9.90353755128617,4.0,44.0,1.0,1,False,False,False,False,False,False,False,False,True,1,0,0.24230641468082778,0,0.37394788895087294
13.0,0,0,1,1,3.0,2,1,1,0,5.993961427306569,6.7266330027636645,7.0,29.0,2.0,0,False,False,False,False,True,False,False,False,False,1,0,0.35374405172147594,0,0.35191078538263865
16.0,1,1,1,1,4.0,2,0,1,0,6.2166061010848646,3.258096538021482,11.0,42.0,1.0,1,False,False,False,False,False,False,False,True,False,0,0,0.35755125917071606,0,0.3706793946230366
8.0,1,0,1,1,1.6666666666666667,3,1,1,1,7.601402334583733,0.0,17.0,48.0,1.0,0,True,False,False,False,False,False,False,True,False,0,0,0.4912299869190278,0,0.4648777125975997
11.0,0,0,1,1,1.75,3,1,1,0,6.398594934535208,6.398594934535208,12.0,30.0,1.0,0,True,False,False,True,False,False,False,False,False,0,1,0.8160311746747049,1,0.7469923884076992
8.0,1,0,1,1,4.0,3,1,1,1,6.2166061010848646,4.330733340286331,8.0,45.0,1.0,0,True,False,False,False,False,False,False,False,True,1,0,0.40308963525286234,0,0.33814201441617386
8.0,1,0,1,1,1.6666666666666667,1,1,1,1,3.713572066704308,4.875197323201151,6.0,35.0,1.0,0,False,False,False,False,False,False,True,False,False,0,0,0.3601510778535634,0,0.40884644176489277
18.0,1,0,1,1,0.8,3,1,1,1,7.601402334583733,6.803505257608338,17.0,43.0,1.0,0,True,False,False,False,True,False,False,False,False,0,0,0.3168918355915959,0,0.4502236753243675
18.0,1,0,1,1,2.0,3,1,1,1,6.2166061010848646,4.836281906951478,7.0,41.0,1.0,1,True,False,False,False,False,False,False,True,False,0,0,0.32492584758861165,0,0.34259644478637846
18.0,0,0,1,1,4.5,3,1,0,0,6.2166061010848646,0.0,9.0,38.0,1.0,1,True,False,False,False,False,True,False,False,False,0,1,0.5668177756354804,0,0.35677076045678136
13.0,1,0,1,1,2.0,3,1,1,1,6.2166061010848646,6.2166061010848646,10.0,43.0,1.0,0,True,False,False,True,False,False,False,False,False,1,1,0.7485923762563831,1,0.7653806196305708
13.0,1,0,1,1,1.25,3,1,1,1,6.2166061010848646,3.4339872044851463,6.0,51.0,1.0,0,True,False,False,False,True,False,False,False,False,1,0,0.34519875669076877,0,0.4089527659251127
13.0,1,0,1,1,1.6666666666666667,2,1,1,1,5.707110264748875,0.0,5.0,48.0,1.0,0,False,False,False,False,False,False,False,True,False,1,0,0.40980444507182423,0,0.4261663460447444
8.0,1,0,1,1,1.5,3,1,1,1,6.2166061010848646,7.888959461698937,19.0,39.0,1.0,0,True,False,False,True,False,False,False,False,False,1,1,0.754299925381051,1,0.8001414270823348
17.0,1,1,1,1,1.5,3,1,1,1,7.0909098220799835,0.0,10.0,49.0,1.0,0,True,False,False,True,False,False,False,False,False,0,1,0.7940424676165746,1,0.7446687527980766
17.0,0,0,1,1,1.5,3,0,1,1,6.90875477931522,8.11202803831707,6.0,53.0,1.0,0,True,False,False,False,False,False,False,False,False,0,0,0.381197128735429,0,0.4435462710111743
8.0,1,0,1,1,4.0,3,1,1,1,6.398594934535208,0.0,15.0,31.0,1.0,0,True,False,False,False,False,False,False,True,False,0,1,0.5035916870846571,0,0.4562166870667433
5.0,1,1,1,0,1.0,2,0,1,1,5.303304908059076,9.680406499268875,5.0,37.0,2.0,0,False,False,True,False,False,False,False,False,False,1,0,0.2984635074773995,0,0.2604129088319175
8.0,1,0,1,1,1.0,3,1,1,1,6.2166061010848646,0.0,15.0,42.0,1.0,0,True,False,False,True,False,False,False,False,False,1,1,0.7634420274705465,1,0.8231313087206925
6.0,1,0,1,0,2.0,2,1,1,0,4.394449154672439,8.086717920303906,4.0,50.0,1.0,0,False,True,False,False,False,False,False,False,False,0,0,0.24170934680776154,0,0.15096900490313928
11.0,1,0,1,1,1.0,3,1,1,1,6.2166061010848646,0.0,17.0,46.0,2.0,0,True,False,False,False,False,False,False,True,False,1,1,0.506348717334201,0,0.4666362019520545
16.0,1,0,1,1,2.3333333333333335,2,1,1,1,4.61512051684126,5.880931949102981,11.0,32.0,1.0,0,False,False,False,False,True,False,False,False,False,0,0,0.27412569936609843,0,0.25266478456249386
15.0,0,0,1,1,1.0,3,1,1,1,5.707110264748875,0.0,15.0,40.0,2.0,0,True,False,True,False,False,False,False,False,False,0,0,0.4570825579372291,0,0.39071556775134814
7.0,0,0,1,1,2.5,3,0,1,1,6.2166061010848646,6.311734809152915,6.0,36.0,1.0,0,True,False,False,False,False,False,False,True,False,1,0,0.4531459160930246,0,0.47140351615688403
11.0,0,0,1,1,1.25,3,1,1,1,6.398594934535208,4.919980925828125,12.0,66.0,1.0,0,True,False,False,True,False,False,False,False,False,0,1,0.7708278069692593,1,0.6496040163264253
14.0,1,0,1,1,1.2,3,1,1,0,6.68586094706836,0.0,10.0,52.0,1.0,0,True,False,False,False,False,True,False,False,False,1,1,0.6714185785230079,1,0.5433435035412386
6.0,0,0,1,0,2.0,3,1,1,0,6.2166061010848646,0.0,12.0,30.0,1.0,0,True,False,False,True,False,False,False,False,False,1,1,0.7801413311903088,1,0.7814782153115106
8.0,1,1,1,1,8.0,2,0,1,1,2.3978952727983707,8.124446855715847,8.0,55.0,1.0,1,False,False,False,True,False,False,False,False,False,1,1,0.6233296079934549,1,0.6359477696573144
14.0,1,0,1,1,4.0,3,1,1,1,6.2166061010848646,4.330733340286331,8.0,45.0,1.0,0,True,False,False,False,False,False,False,False,True,0,0,0.39344578273100556,0,0.34607150950547905
18.0,0,0,1,1,1.25,2,1,1,1,6.2166061010848646,5.484796933490655,3.0,43.0,1.0,0,True,False,True,False,False,False,False,False,False,1,0,0.3674114594202129,0,0.4454375780913493
16.0,0,0,1,1,0.8,3,1,1,1,6.2166061010848646,4.836281906951478,15.0,65.0,1.0,0,True,False,False,True,False,False,False,False,False,1,1,0.766832051946801,1,0.7392437694658633
8.0,0,0,1,1,1.0,3,1,1,1,7.313886831633462,7.824445930877619,7.0,49.0,1.0,0,True,False,False,False,False,False,False,True,False,0,0,0.4862200707123384,1,0.5054628477454686
17.0,1,1,1,1,0.75,3,1,1,1,5.707110264748875,0.0,4.0,39.0,1.0,0,True,False,False,True,False,False,False,False,False,1,1,0.7982061069739658,1,0.7975984535156125
13.0,0,0,1,1,2.0,3,1,1,1,6.2166061010848646,6.26530121273771,17.0,54.0,1.0,0,True,False,False,False,True,False,False,False,False,1,0,0.36450942700739863,0,0.43268783033097286
15.0,1,0,1,1,2.75,2,1,1,1,5.5254529391317835,0.0,3.0,43.0,1.0,0,False,True,False,False,False,False,False,False,False,0,0,0.22105998226536253,0,0.21479882259917946
12.0,1,0,1,1,2.3333333333333335,2,1,1,0,7.601402334583733,0.0,11.0,41.0,2.0,0,True,False,False,False,False,False,False,False,False,0,0,0.4632653850172946,0,0.3993483388007498
9.0,0,0,1,1,1.25,3,1,1,1,5.707110264748875,5.8888779583328805,5.0,54.0,1.0,0,True,True,False,False,False,False,False,False,False,1,0,0.30196350153712875,0,0.3394760299468612
14.0,1,0,1,1,2.0,2,0,0,1,6.2166061010848646,4.330733340286331,12.0,42.0,2.0,0,True,False,False,False,False,False,False,False,False,0,0,0.36314192476397894,0,0.40736818891809073
6.0,0,0,1,1,2.5,2,1,0,1,5.303304908059076,8.517393171418904,8.0,26.0,1.0,0,False,False,False,False,False,True,False,False,False,1,1,0.5433848203191779,0,0.48058942925157216
16.0,1,0,1,1,1.0,3,1,1,1,6.2166061010848646,6.90875477931522,17.0,36.0,1.0,0,True,False,True,False,False,False,False,False,False,0,0,0.41577832115930885,0,0.3902819824613454
10.0,0,1,1,1,4.0,3,1,1,1,6.2166061010848646,3.9318256327243257,10.0,28.0,1.0,0,True,False,False,False,False,False,False,True,False,0,1,0.5733500143109757,1,0.5106986325996087
11.0,0,0,1,1,2.3333333333333335,2,1,1,1,5.707110264748875,0.0,12.0,45.0,1.0,0,True,False,False,True,False,False,False,False,False,0,1,0.7337732473490278,1,0.7423304617472607
15.0,1,0,1,1,1.75,3,1,1,0,6.2166061010848646,3.678107357132025,1.0,46.0,1.0,0,True,True,False,False,False,False,False,False,False,1,0,0.35303581063118905,0,0.47857696392199883
6.0,1,0,1,0,3.5,3,1,1,1,5.303304908059076,2.3978952727983707,10.0,37.0,1.0,0,True,True,False,False,False,False,False,False,False,0,0,0.24161590255461107,0,0.33569001293269274
11.0,0,0,1,1,2.0,2,0,1,0,3.4339872044851463,8.160803920954665,5.0,49.0,1.0,0,False,False,False,False,True,False,False,False,False,0,0,0.3435568059754207,0,0.22727280139754513
12.0,0,0,1,1,3.0,2,0,1,1,4.61512051684126,0.0,8.0,42.0,1.0,0,False,False,False,False,False,False,False,True,False,0,0,0.39523406044638937,0,0.4193733116907567
8.0,1,0,1,1,2.0,3,1,1,1,6.398594934535208,0.0,10.0,47.0,1.0,0,True,False,False,False,False,False,False,True,False,1,1,0.5031014593131068,0,0.4922305237190856
17.0,0,0,1,1,2.0,3,1,1,1,6.2166061010848646,4.836281906951478,12.0,49.0,1.0,0,True,False,False,False,False,False,False,False,True,0,0,0.4006751098990843,0,0.2938201118726824
10.0,1,0,1,1,4.0,3,1,1,1,5.303304908059076,5.949339620807311,11.0,38.0,1.0,0,False,False,False,True,False,False,False,False,False,1,1,0.741382556957304,1,0.6945736179701153
16.0,1,0,1,1,1.5,3,1,1,1,6.2166061010848646,0.0,12.0,36.0,2.0,0,True,False,False,False,False,True,False,False,False,1,1,0.5870232049092137,1,0.5377456121844529
18.0,0,1,1,1,4.0,2,0,1,0,4.61512051684126,8.229777750081887,6.0,29.0,1.0,1,False,False,True,False,False,False,False,False,False,0,0,0.31569828118369625,0,0.22210978321521677
18.0,1,0,1,1,1.6666666666666667,3,1,1,1,6.90875477931522,6.523562306149512,3.0,47.0,1.0,1,True,False,False,False,False,False,False,False,False,0,0,0.2712426889881172,0,0.3367179678812306
15.0,0,0,1,1,1.0,3,1,1,1,6.90875477931522,4.767855768265187,5.0,61.0,2.0,1,True,False,False,False,False,False,False,True,False,1,0,0.3445819954405138,0,0.36569553789442577
19.0,1,0,1,1,1.25,3,1,1,0,5.5254529391317835,1.6094379124341003,2.0,52.0,2.0,0,True,False,False,True,False,False,False,False,False,1,1,0.8170634584925831,1,0.7050130511429216
10.0,0,0,1,1,1.3333333333333333,3,1,1,1,7.601402334583733,6.775366090936392,19.0,42.0,1.0,0,True,False,True,False,False,False,False,False,False,1,0,0.4275761702551383,0,0.41258492747920483
19.0,0,0,1,1,1.5,3,0,1,0,6.2166061010848646,0.0,12.0,19.0,2.0,0,True,False,False,False,False,False,False,False,False,0,0,0.4809335517265022,0,0.4728822207594514
15.0,1,0,1,1,1.0,2,1,1,1,6.2166061010848646,3.5115454388310208,3.0,40.0,1.0,0,True,False,True,False,False,False,False,False,False,0,0,0.35966290132486817,0,0.41895650283087427
18.0,0,0,1,1,1.3333333333333333,2,1,1,1,6.2166061010848646,0.0,17.0,42.0,2.0,0,True,False,True,False,False,False,False,False,False,0,0,0.3906267647808358,0,0.4786703514355941
11.0,1,0,1,1,1.0,3,1,1,1,6.2166061010848646,0.0,19.0,44.0,1.0,0,True,False,True,False,False,False,False,False,False,0,0,0.44292362455841977,0,0.38212440671108894
11.0,1,0,1,1,0.8333333333333334,3,1,1,1,5.5254529391317835,7.601402334583733,12.0,53.0,1.0,0,True,False,False,True,False,False,False,False,False,1,1,0.7587414902504064,1,0.8278942182290219
9.0,0,0,1,1,1.6666666666666667,3,1,1,1,6.90875477931522,5.198497031265826,13.0,39.0,1.0,0,True,False,False,False,False,True,False,False,False,1,1,0.5922626342376551,1,0.5787661345864782
8.0,1,0,1,1,1.25,3,1,1,1,6.7464121285733745,7.244941546337007,12.0,38.0,2.0,0,True,False,False,False,False,False,False,False,True,0,0,0.38581677327018543,0,0.33279626085418934
14.0,0,0,1,1,1.5,3,1,1,1,6.2166061010848646,7.824445930877619,17.0,50.0,1.0,0,True,False,False,True,False,False,False,False,False,1,1,0.7614261903257674,1,0.8299990767492668
15.0,1,1,1,1,1.6666666666666667,2,0,1,1,4.61512051684126,6.523562306149512,3.0,45.0,1.0,0,False,False,False,False,False,False,True,False,False,1,0,0.4137312734515744,0,0.43337463245376034
10.0,1,0,1,1,1.0,3,1,1,1,7.0909098220799835,0.0,12.0,35.0,2.0,0,True,False,False,False,False,True,False,False,False,1,1,0.5831639712725396,1,0.5532466000955292
10.0,1,0,1,1,1.5,3,1,1,1,6.2166061010848646,4.767855768265187,3.0,31.0,2.0,0,True,False,False,False,False,False,False,False,True,0,0,0.38483009046195926,0,0.38811865416665453
18.0,1,0,1,1,1.0,3,1,1,0,5.707110264748875,7.419180722820095,8.0,48.0,1.0,0,False,False,False,False,False,False,True,False,False,0,1,0.5254271037491037,1,0.5582949368400599
7.0,0,0,1,1,3.5,2,1,1,1,5.303304908059076,4.864232301059824,12.0,29.0,1.0,0,False,False,False,False,False,False,True,False,False,1,0,0.41810932150818503,0,0.3847689899797057
13.0,0,0,1,1,1.0,3,1,1,0,5.5254529391317835,0.0,12.0,35.0,2.0,0,True,False,False,False,False,False,True,False,False,1,1,0.5953673386875542,1,0.6043642626878024
15.0,1,0,1,1,1.5,3,1,1,1,7.0909098220799835,6.797196088415073,12.0,47.0,1.0,0,True,False,False,True,False,False,False,False,False,1,1,0.7377659884005009,1,0.698277377018671
14.0,1,0,1,1,2.0,3,1,1,1,6.2166061010848646,7.208600337960199,6.0,33.0,2.0,1,False,True,False,False,False,False,False,False,False,0,0,0.14940495856942762,0,0.3024925181130641
7.0,1,0,1,1,3.5,3,1,1,0,5.860786223465865,0.0,8.0,28.0,1.0,0,False,False,False,False,False,False,False,False,False,0,1,0.5129461477032138,1,0.5880947886248975
11.0,1,0,1,1,1.0,3,1,1,1,7.170888478512505,0.0,15.0,42.0,1.0,0,True,False,False,False,False,False,False,True,False,0,0,0.48506719467231746,0,0.4669182915629139
16.0,1,0,1,1,1.6666666666666667,3,1,1,1,6.2166061010848646,0.0,8.0,39.0,1.0,0,True,False,False,False,False,False,False,True,False,0,0,0.4850573386926361,0,0.474371144233739
7.0,0,0,1,1,1.25,3,1,1,1,6.2166061010848646,4.007333185232471,12.0,42.0,1.0,0,True,False,True,False,False,False,False,False,False,0,0,0.45118459853490217,0,0.40793746988626345
18.0,0,0,1,1,1.2,3,1,1,1,6.2166061010848646,4.694401319716034,12.0,43.0,1.0,0,True,False,False,False,True,False,False,False,False,1,0,0.34817785101638615,0,0.45039285265227313
12.0,0,0,1,1,0.6666666666666666,3,1,1,1,5.707110264748875,0.0,12.0,35.0,2.0,0,True,False,False,True,False,False,False,False,False,1,1,0.7721562857295142,1,0.8043560915171041
16.0,0,0,1,1,1.6666666666666667,3,1,1,0,6.68586094706836,0.0,11.0,42.0,1.0,0,True,False,False,False,False,False,False,True,False,1,1,0.58766306366143,1,0.5798113865395199
5.0,1,0,1,0,2.5,2,0,1,0,6.2166061010848646,0.0,11.0,34.0,1.0,0,False,False,False,True,False,False,False,False,False,0,1,0.660486332057948,1,0.5753185510420649
18.0,1,0,1,1,3.0,2,1,1,0,6.2166061010848646,6.0212930001533715,9.0,60.0,1.0,1,True,False,False,True,False,False,False,False,False,0,1,0.6474189682421937,1,0.6003772862594715
12.0,0,0,1,1,1.6666666666666667,3,1,1,0,6.2166061010848646,5.484796933490655,12.0,38.0,1.0,0,True,False,False,True,False,False,False,False,False,1,1,0.8201635672309652,1,0.7564662571296268
9.0,0,0,1,1,1.75,3,1,1,1,6.2166061010848646,2.7269186854065928,0.0,46.0,1.0,0,True,False,False,False,False,False,False,True,False,1,1,0.5049004467011788,0,0.49634752446988256
15.0,0,0,1,1,1.6666666666666667,3,1,1,1,8.006700845440367,0.0,19.0,44.0,1.0,0,True,False,False,False,False,False,False,False,True,1,0,0.39042991870784133,0,0.33560455136506584
16.0,0,0,1,1,2.0,3,1,1,1,6.2166061010848646,0.0,12.0,37.0,1.0,0,True,True,False,False,False,False,False,False,False,1,0,0.29363428731877006,0,0.2895643911597062
6.0,1,0,1,1,1.3333333333333333,2,1,1,1,5.5254529391317835,8.922791623969637,12.0,29.0,1.0,0,False,False,False,False,False,False,True,False,False,0,0,0.3886826351017185,0,0.2477172254081549
10.0,0,0,1,1,1.6666666666666667,3,1,1,1,7.313886831633462,0.0,12.0,38.0,1.0,0,True,False,False,False,False,False,False,True,False,0,0,0.4970995471383172,0,0.4488542901220878
15.0,1,0,1,1,1.3333333333333333,3,1,1,0,7.0909098220799835,0.0,17.0,40.0,2.0,0,True,False,False,True,False,False,False,False,False,1,1,0.8124681240991616,1,0.8458693298351949
17.0,0,0,1,1,3.0,3,1,1,0,5.993961427306569,0.0,6.0,37.0,2.0,0,True,False,False,False,True,False,False,False,False,0,0,0.4509679743873729,0,0.444374488565791
9.0,1,0,1,1,3.0,2,1,1,1,6.2166061010848646,0.0,12.0,28.0,2.0,0,True,False,True,False,False,False,False,False,False,1,0,0.3849059952306905,0,0.413341762999846
6.0,0,1,1,1,2.5,2,1,1,0,4.61512051684126,7.313886831633462,17.0,39.0,1.0,0,False,False,False,False,True,False,False,False,False,0,0,0.4548960257980377,0,0.3476706993283789
19.0,0,0,1,1,1.5,3,1,1,0,7.601402334583733,3.5361166995615263,17.0,44.0,1.0,0,True,False,False,False,False,True,False,False,False,0,1,0.6609901689443775,1,0.54284639054888
16.0,0,0,1,1,0.6666666666666666,2,1,1,1,6.2166061010848646,0.0,17.0,66.0,2.0,0,True,False,False,False,False,False,False,False,False,0,0,0.4130516509057983,0,0.4976673904344034
8.0,1,0,1,1,1.6,3,1,1,1,6.2166061010848646,5.664695085948154,6.0,50.0,2.0,0,True,False,False,False,False,False,False,False,True,0,0,0.3992380928487333,0,0.33185409626053963
9.0,1,0,1,1,0.75,3,1,1,1,7.313886831633462,0.0,16.0,32.0,2.0,0,True,False,False,False,False,True,False,False,False,1,1,0.5821356537479639,1,0.5557143071156925
8.0,0,0,1,1,2.5,2,1,1,1,6.2166061010848646,5.707110264748875,5.0,42.0,1.0,0,True,False,True,False,False,False,False,False,False,0,0,0.3872253713135333,0,0.42346442647044
13.0,0,0,1,1,1.5,3,1,1,1,6.2166061010848646,7.824445930877619,15.0,41.0,1.0,0,True,False,False,False,False,False,False,True,False,1,0,0.4953164123119668,0,0.4827894097065383
10.0,0,0,1,1,1.6666666666666667,3,1,1,1,6.2166061010848646,3.713572066704308,5.0,38.0,2.0,0,True,False,False,False,False,False,False,False,True,1,0,0.40652818548707415,0,0.38456672306946926
6.0,0,0,1,1,1.3333333333333333,3,1,1,0,6.2166061010848646,2.6026896854443837,12.0,40.0,1.0,0,True,False,False,True,False,False,False,False,False,1,1,0.8292466048290354,1,0.815216306138455
13.0,1,0,1,1,1.5,2,0,1,0,3.9318256327243257,7.58460368657258,1.0,52.0,2.0,1,False,False,True,False,False,False,False,False,False,0,0,0.26745392409243873,0,0.28312003768915966
17.0,1,0,1,1,0.75,2,1,1,0,6.90875477931522,8.198180971038273,12.0,47.0,1.0,0,True,False,False,True,False,False,False,False,False,1,1,0.7571327992946739,1,0.6931475682982423
9.0,1,0,1,1,1.6666666666666667,2,0,1,0,3.713572066704308,6.175867270105761,12.0,36.0,1.0,0,False,False,False,False,False,False,True,False,False,1,0,0.45911110326071775,1,0.5428298232195984
6.0,1,0,1,1,1.75,2,1,1,1,6.2166061010848646,3.2851984677992734,12.0,37.0,1.0,0,False,False,False,False,False,False,True,False,False,0,0,0.3957169752604955,0,0.31419202125115203
15.0,1,0,1,1,2.5,3,1,1,1,6.2166061010848646,0.0,12.0,46.0,1.0,0,True,False,False,False,False,False,False,True,False,0,0,0.4962354547596575,0,0.48773612377199577
15.0,1,0,1,1,1.5,2,1,0,0,6.2166061010848646,9.141454637606989,12.0,45.0,1.0,1,False,False,False,False,False,True,False,False,False,0,0,0.4457377053144892,0,0.35574568157588743
8.0,1,0,1,1,4.0,2,0,1,0,5.707110264748875,5.707110264748875,12.0,23.0,2.0,0,True,False,False,False,False,False,False,False,False,1,0,0.43146487743149436,0,0.4417665875925676
6.0,0,0,1,1,2.0,2,1,1,0,7.0909098220799835,0.0,12.0,49.0,1.0,0,True,False,False,False,False,False,False,False,False,0,0,0.4946051618419781,0,0.45223477865364603
11.0,1,0,1,1,1.4,3,1,1,1,7.313886831633462,6.754770585794848,8.0,67.0,1.0,0,True,False,True,False,False,False,False,False,False,1,0,0.4222861794657269,0,0.404549978797609
6.0,1,0,1,0,3.0,3,0,0,1,6.2166061010848646,4.083171261623976,13.0,28.0,2.0,0,True,False,False,False,False,False,False,True,False,0,0,0.4017774083758692,0,0.46181338217030243
6.0,0,0,1,1,1.75,3,1,1,0,6.2166061010848646,6.754770585794848,8.0,46.0,1.0,0,False,False,False,True,False,False,False,False,False,1,1,0.806941641412761,1,0.6869734022794499
10.0,1,0,1,1,1.5,3,1,1,1,6.2166061010848646,7.419180722820095,12.0,39.0,1.0,0,True,False,False,False,False,False,False,False,True,0,0,0.38610863412674723,0,0.35014632976646254
16.0,1,0,1,1,1.0,2,1,1,1,6.2166061010848646,3.9318256327243257,17.0,48.0,1.0,0,True,False,True,False,False,False,False,False,False,0,0,0.370844109483891,0,0.4936774633431266
5.0,0,0,1,0,1.5,3,1,1,1,5.707110264748875,7.118286292245503,15.0,38.0,2.0,0,True,False,False,True,False,False,False,False,False,1,1,0.7150136906699116,1,0.8312539170611322
19.0,1,0,1,1,0.375,2,1,1,1,8.006700845440367,6.90875477931522,8.0,69.0,2.0,0,True,False,False,False,False,False,False,False,False,1,0,0.35374423419679135,0,0.43801518772599046
14.0,1,0,1,1,1.25,3,1,1,1,5.993961427306569,8.188966863648876,14.0,33.0,1.0,0,False,False,False,False,False,True,False,False,False,1,1,0.5412930360030693,1,0.5368543684565724
13.0,0,0,1,1,1.25,3,1,1,1,6.2166061010848646,0.0,17.0,52.0,1.0,0,True,False,True,False,False,False,False,False,False,1,0,0.45810287078191547,0,0.3907535883706782
12.0,1,0,1,1,1.0,3,1,1,1,6.2166061010848646,0.0,8.0,48.0,2.0,0,True,False,False,False,False,False,False,True,False,0,0,0.4994784349190779,0,0.47399434712108324
16.0,0,0,1,1,6.0,3,0,1,1,6.2166061010848646,2.662587827025453,11.0,33.0,1.0,0,True,False,False,False,False,False,False,False,False,1,0,0.407497680746704,0,0.44598187008819407
16.0,1,0,1,1,3.0,2,1,1,1,5.993961427306569,3.7534179752515073,3.0,50.0,1.0,0,False,False,False,False,False,True,False,False,False,1,0,0.49433403578723223,1,0.5852145608467181
16.0,0,0,1,1,1.6666666666666667,2,1,1,0,6.2166061010848646,5.942799375126701,2.0,42.0,1.0,0,False,True,False,False,False,False,False,False,False,1,0,0.2801003574928371,0,0.3506655662277475
13.0,0,0,1,1,4.0,3,1,1,0,6.2166061010848646,0.0,3.0,31.0,2.0,0,True,True,False,False,False,False,False,False,False,0,0,0.3803183610203539,0,0.4458309582437044
10.0,0,0,1,1,2.3333333333333335,3,1,1,1,6.68586094706836,2.097141118779237,12.0,41.0,1.0,0,True,False,False,False,False,True,False,False,False,1,1,0.601741008063205,1,0.5975267488785615
16.0,1,0,1,1,1.6666666666666667,3,1,1,1,6.2166061010848646,6.90875477931522,12.0,36.0,2.0,0,True,False,False,True,False,False,False,False,False,1,1,0.7444383592013014,1,0.7549141963902478
16.0,0,0,1,1,2.5,3,1,0,1,6.2166061010848646,6.90875477931522,14.0,46.0,1.0,0,True,False,False,False,False,True,False,False,False,1,1,0.6220671216046809,1,0.6055556370183328
16.0,1,0,1,1,0.6666666666666666,3,1,1,0,4.795790545596741,0.0,0.0,57.0,2.0,1,False,False,False,False,False,False,True,False,False,0,0,0.4030584520973781,0,0.4344694495772181
14.0,0,0,1,1,3.5,3,1,1,1,6.2166061010848646,0.0,11.0,35.0,1.0,0,True,True,False,False,False,False,False,False,False,0,0,0.29878889006551496,0,0.31677590655340493
10.0,0,0,1,0,2.5,2,0,0,0,4.61512051684126,0.0,12.0,51.0,1.0,0,False,False,False,False,False,True,False,False,False,0,1,0.5422738848982437,1,0.5754977393384415
16.0,1,0,1,1,3.0,2,1,1,0,5.707110264748875,3.8642323415917974,3.0,58.0,1.0,1,True,False,False,False,False,False,False,True,False,0,0,0.3738861749426778,0,0.388460340777925
7.0,1,0,1,0,2.0,3,1,1,1,6.2166061010848646,0.0,11.0,25.0,2.0,0,True,True,False,False,False,False,False,False,False,0,0,0.23016078083601374,0,0.28576437792591103
15.0,1,0,1,1,1.3333333333333333,2,1,1,1,6.90875477931522,5.096812990337308,12.0,41.0,1.0,0,True,False,False,False,False,False,False,False,False,0,0,0.3630185652607443,0,0.3878358953514232
13.0,0,0,1,1,2.0,2,1,1,1,6.90875477931522,4.110873864173311,9.0,54.0,1.0,0,True,False,True,False,False,False,False,False,False,1,0,0.3810800295693488,0,0.4545826920222668
9.0,1,0,1,1,1.4,3,1,1,1,5.5254529391317835,5.8888779583328805,12.0,45.0,2.0,0,False,False,False,True,False,False,False,False,False,0,1,0.7413668554325378,1,0.638328781835731
12.0,1,0,1,1,1.3333333333333333,3,1,1,1,6.2166061010848646,0.0,12.0,35.0,1.0,0,True,False,False,False,False,False,False,True,False,0,0,0.4912162150563119,0,0.44926228604134866
17.0,0,0,1,1,1.6666666666666667,3,1,1,1,6.2166061010848646,6.2166061010848646,12.0,39.0,1.0,0,True,False,False,False,False,False,False,False,True,0,0,0.39157789065428167,0,0.3077817485879603
9.0,1,1,1,0,3.3333333333333335,2,1,1,0,8.006700845440367,7.601402334583733,6.0,42.0,1.0,0,False,False,False,False,False,True,False,False,False,1,1,0.5506486944982704,1,0.5652820212791453
16.0,1,0,1,1,2.0,3,1,1,1,6.55250788703459,5.303304908059076,8.0,41.0,1.0,0,True,False,False,False,False,False,False,False,True,0,0,0.37604810378579345,0,0.3616800812996126
5.0,1,0,1,0,2.5,2,1,1,1,6.55250788703459,4.394449154672439,13.0,41.0,1.0,0,False,False,False,False,False,False,False,False,False,0,0,0.28947666503367714,0,0.3664931821843648
8.0,1,0,1,1,2.6666666666666665,3,1,1,1,6.2166061010848646,3.4339872044851463,12.0,33.0,2.0,0,True,False,False,False,False,False,False,True,False,1,0,0.4989178178719272,0,0.4933854014084681
14.0,1,0,1,1,0.6666666666666666,3,1,1,1,5.860786223465865,4.51085950651685,4.0,60.0,2.0,0,True,False,False,False,False,False,False,False,True,1,0,0.3977723263482476,0,0.3591704386160188
19.0,0,0,1,1,2.0,2,1,1,1,5.303304908059076,4.083171261623976,10.0,43.0,1.0,0,False,False,False,False,False,False,True,False,False,1,0,0.4020562838591942,0,0.42178199588759563
16.0,0,1,1,1,1.4,2,1,1,1,6.2166061010848646,6.2166061010848646,4.0,41.0,2.0,0,False,False,True,False,False,False,False,False,False,1,0,0.4095260527140843,0,0.44662249449548314
10.0,1,1,1,1,2.0,3,1,1,1,6.2166061010848646,0.0,15.0,34.0,2.0,0,True,False,False,True,False,False,False,False,False,1,1,0.8096526413951817,1,0.8131505233680639
7.0,0,0,1,1,1.0,3,1,1,1,6.2166061010848646,5.160969175396813,5.0,42.0,2.0,0,True,False,False,False,False,False,False,True,False,1,1,0.5070121963661466,0,0.4969513182120011
8.0,0,1,1,1,2.0,2,1,1,1,4.61512051684126,7.937731775260109,12.0,28.0,1.0,0,False,False,False,False,False,False,True,False,False,0,0,0.483204807801026,0,0.3253432773242455
7.0,0,0,1,1,4.0,3,1,1,0,6.2166061010848646,0.0,12.0,25.0,1.0,0,True,False,False,False,False,False,True,False,False,0,1,0.5950496506008505,1,0.5277872387492955
12.0,1,1,1,1,1.3333333333333333,2,1,1,1,4.61512051684126,6.398594934535208,3.0,69.0,1.0,1,False,False,False,False,False,False,True,False,False,0,0,0.330443670374872,0,0.38896415350627306
9.0,0,0,1,1,2.0,2,1,1,0,5.993961427306569,0.0,9.0,32.0,1.0,0,False,False,False,False,False,True,False,False,False,1,1,0.6082155885727989,1,0.5515552735826101
14.0,1,0,1,1,1.3333333333333333,2,1,1,1,6.2166061010848646,0.0,17.0,42.0,2.0,0,True,False,True,False,False,False,False,False,False,0,0,0.3830797534583087,0,0.49556442010940704
8.0,0,0,1,1,0.6,3,1,1,1,8.853808274977197,0.0,17.0,33.0,2.0,0,True,False,False,False,False,False,False,True,False,0,0,0.4813795648997091,0,0.44572494747584296
7.0,0,0,1,1,2.0,3,1,1,1,6.2166061010848646,0.0,12.0,35.0,1.0,0,True,False,False,False,False,False,False,True,False,0,1,0.516342823666597,0,0.44823860700712187
5.0,0,0,1,1,2.0,3,1,1,1,6.90875477931522,2.1972245773362196,10.0,65.0,2.0,0,True,False,True,False,False,False,False,False,False,1,0,0.46737463019688913,0,0.41503136187013057
10.0,0,0,1,1,1.3333333333333333,2,0,1,1,4.61512051684126,6.621405651764134,5.0,50.0,1.0,0,False,True,False,False,False,False,False,False,False,0,0,0.20407845517553308,0,0.27066206829854034
13.0,1,0,1,1,2.0,2,0,1,1,4.61512051684126,7.719129840906732,2.0,51.0,1.0,1,False,False,True,False,False,False,False,False,False,0,0,0.19421944088460455,0,0.1789909268960831
19.0,0,0,1,1,1.0,3,1,1,1,6.2166061010848646,7.3783837129967145,15.0,23.0,2.0,1,True,False,False,True,False,False,False,False,False,1,1,0.6099417952989654,1,0.5800374340621243
14.0,1,0,1,1,2.0,2,1,1,1,6.2166061010848646,0.0,14.0,36.0,2.0,0,False,False,False,False,True,False,False,False,False,0,0,0.2747921896075906,0,0.2974515043526194
16.0,1,0,1,1,0.5,3,1,1,1,6.2166061010848646,6.621405651764134,12.0,52.0,1.0,0,True,False,False,True,False,False,False,False,False,1,1,0.7456768847272647,1,0.7117996015198476
10.0,1,0,1,1,2.0,3,1,1,1,6.2166061010848646,0.0,18.0,45.0,1.0,0,True,False,False,True,False,False,False,False,False,1,1,0.7660625982185894,1,0.74592343631322
7.0,0,0,1,1,5.0,2,0,1,1,6.2166061010848646,5.484796933490655,15.0,29.0,1.0,0,True,False,True,False,False,False,False,False,False,0,0,0.3502814466339811,0,0.36845324415409153
10.0,0,0,1,1,3.5,2,0,1,1,6.2166061010848646,4.51085950651685,8.0,39.0,1.0,0,False,True,False,False,False,False,False,False,False,0,0,0.19436887046047469,0,0.23093065458171438
13.0,0,0,1,1,2.0,2,0,1,1,6.2166061010848646,3.3202283191284883,7.0,61.0,1.0,0,False,False,False,False,False,False,False,True,False,0,0,0.37383248561656957,0,0.4106143779539731
10.0,1,0,1,1,1.5,3,1,1,1,6.90875477931522,6.503789046997708,11.0,43.0,1.0,0,True,False,False,False,True,False,False,False,False,1,0,0.3356707268559528,0,0.40533907853966233
9.0,0,0,1,1,0.8333333333333334,3,1,1,1,6.2166061010848646,4.110873864173311,2.0,70.0,1.0,0,True,False,False,False,False,False,False,True,False,1,1,0.5147395776288017,0,0.4751333065547116
19.0,1,0,1,1,2.0,2,1,1,1,6.2166061010848646,6.564325561793425,5.0,49.0,1.0,0,False,False,True,False,False,False,False,False,False,1,0,0.3287112679189583,0,0.39140601521248863
14.0,1,0,1,1,3.0,3,1,1,1,6.2166061010848646,0.0,0.0,44.0,1.0,1,True,True,False,False,False,False,False,False,False,0,0,0.17436108275141043,0,0.3692051568921896
11.0,0,0,1,1,1.3333333333333333,1,1,1,1,2.3978952727983707,8.517393171418904,12.0,31.0,1.0,0,False,False,False,False,False,True,False,False,False,1,0,0.48741605493490725,0,0.37669022097088095
18.0,1,1,1,1,2.0,3,1,1,1,5.707110264748875,6.556067876554444,12.0,51.0,2.0,1,True,False,False,True,False,False,False,False,False,1,1,0.6847420038174789,1,0.6441183828590026
11.0,0,1,1,1,3.0,2,0,1,1,5.707110264748875,6.7266330027636645,11.0,25.0,1.0,0,False,False,False,False,False,False,True,False,False,0,0,0.41793555468358795,0,0.39894820288824234
17.0,1,0,1,1,2.0,3,1,1,1,6.90875477931522,4.02535169073515,15.0,42.0,1.0,0,True,False,False,False,False,False,False,False,True,1,0,0.37741693278912103,0,0.3232004467895383
10.0,1,0,1,1,1.25,3,1,1,1,6.2166061010848646,7.2485040723706105,5.0,39.0,2.0,0,True,True,False,False,False,False,False,False,False,0,0,0.2772652281617073,0,0.2861974959881757
12.0,0,0,1,1,1.0,3,1,1,0,6.2166061010848646,0.0,12.0,45.0,2.0,0,True,False,True,False,False,False,False,False,False,1,1,0.5471085582412522,1,0.5372050726259874
6.0,0,0,1,1,3.0,3,0,1,1,6.2166061010848646,0.0,12.0,35.0,1.0,0,True,False,False,False,False,False,False,True,False,0,0,0.47204756772732065,0,0.46489328627797344
17.0,0,1,1,1,3.0,3,1,1,1,6.2166061010848646,8.789913898727859,11.0,29.0,1.0,1,True,False,False,True,False,False,False,False,False,0,1,0.6762049542235433,1,0.6988558209669411
12.0,0,0,1,1,1.0,3,1,1,1,6.2166061010848646,0.0,18.0,47.0,1.0,0,True,False,False,False,True,False,False,False,False,0,0,0.37120921098476345,0,0.4628903376880294
14.0,0,0,1,1,1.5,3,1,1,1,8.160803920954665,3.7534179752515073,6.0,56.0,2.0,0,True,False,False,False,False,False,False,False,True,0,0,0.3849471180570851,0,0.30003632283682113
10.0,0,0,1,1,1.0,3,1,1,1,8.006700845440367,0.0,18.0,40.0,1.0,0,True,False,False,True,False,False,False,False,False,1,1,0.7546080222106867,1,0.7943174075471537
19.0,0,0,1,1,3.0,2,0,1,1,4.61512051684126,6.791096610987463,5.0,38.0,1.0,1,False,False,True,False,False,False,False,False,False,0,0,0.19678140439418654,0,0.16706261315879356
16.0,1,0,1,1,1.6,3,1,1,1,7.601402334583733,4.61512051684126,14.0,50.0,1.0,0,True,False,False,False,False,False,False,True,False,1,0,0.46783881275083616,0,0.4794360692652011
13.0,1,0,1,1,1.6666666666666667,3,1,1,1,6.2166061010848646,4.110873864173311,12.0,41.0,1.0,0,True,False,False,True,False,False,False,False,False,0,1,0.7510283331132787,1,0.7684637085901416
17.0,1,0,1,1,1.3333333333333333,3,1,1,0,7.313886831633462,3.6506582412937387,4.0,57.0,1.0,0,True,False,False,False,False,False,False,True,False,0,1,0.5591521104593922,0,0.47747156263992574
9.0,0,0,1,1,4.0,2,1,1,0,5.707110264748875,6.152200638293575,12.0,39.0,1.0,0,False,False,False,False,True,False,False,False,False,0,0,0.37188038819383634,0,0.29299258463632244
10.0,0,0,1,1,1.3333333333333333,3,1,1,1,6.2166061010848646,7.226936018493289,14.0,43.0,1.0,0,True,False,False,True,False,False,False,False,False,1,1,0.7622550248019244,1,0.8516270993697826
11.0,1,0,1,1,2.0,2,1,1,0,4.61512051684126,8.658866349732383,11.0,32.0,1.0,1,False,False,False,True,False,False,False,False,False,1,1,0.6279580763424991,1,0.6209488096916124
19.0,0,0,1,1,1.0,3,1,1,1,8.006700845440367,0.0,17.0,55.0,1.0,0,True,False,False,False,False,False,False,True,False,0,0,0.48392392052144817,1,0.5003698396283587
7.0,1,1,1,1,1.6666666666666667,1,0,0,0,6.2166061010848646,8.476579508530941,6.0,39.0,1.0,0,False,False,False,False,False,False,False,False,False,1,0,0.4217837489821589,0,0.4182543157815443
13.0,1,0,1,1,1.3333333333333333,3,1,1,1,6.2166061010848646,8.699681400989514,9.0,32.0,1.0,0,True,False,False,False,False,False,False,False,True,1,0,0.37273633537847956,0,0.43925846327589935
17.0,0,0,1,1,0.75,3,1,1,1,7.824445930877619,0.0,17.0,51.0,2.0,0,True,False,False,False,False,False,False,True,False,0,0,0.4912142150211508,1,0.5018172036693037
7.0,1,0,1,1,6.0,1,0,1,0,5.303304908059076,8.517393171418904,4.0,37.0,1.0,0,False,True,False,False,False,False,False,False,False,0,0,0.21419511628225596,0,0.24532071932287822
18.0,1,1,1,1,4.0,3,1,1,1,6.2166061010848646,0.0,10.0,43.0,2.0,0,True,False,False,False,True,False,False,False,False,1,0,0.4195448306710664,1,0.5151929600073051
18.0,0,1,1,1,1.0,2,1,1,1,5.5254529391317835,6.2166061010848646,7.0,41.0,2.0,0,False,False,False,True,False,False,False,False,False,0,1,0.7424031928899577,1,0.5944196658784044
17.0,0,1,1,1,0.8,2,1,1,1,5.303304908059076,4.483002552013883,6.0,52.0,1.0,1,False,False,True,False,False,False,False,False,False,1,0,0.28269641207882273,0,0.3605993391749525
10.0,0,0,1,1,1.2857142857142858,2,1,1,1,8.006700845440367,4.767855768265187,5.0,53.0,1.0,0,True,False,False,False,False,False,True,False,False,0,0,0.41033178090138867,0,0.362729822733018
18.0,1,0,1,1,1.0,3,1,1,1,6.55250788703459,8.922791623969637,12.0,42.0,2.0,0,True,False,False,True,False,False,False,False,False,1,1,0.736456287391072,1,0.7691028307282352
14.0,0,0,1,1,3.0,2,1,1,0,6.2166061010848646,6.0212930001533715,9.0,60.0,1.0,0,True,False,False,True,False,False,False,False,False,1,1,0.7891971867885801,1,0.7256150177722539
8.0,1,0,1,1,2.3333333333333335,2,1,0,0,5.303304908059076,8.18100091560234,10.0,39.0,1.0,0,False,False,False,False,False,True,False,False,False,0,1,0.6233571685222316,0,0.4819048033726377
10.0,0,0,1,1,3.0,3,1,1,1,6.90875477931522,3.5361166995615263,12.0,52.0,1.0,0,True,False,True,False,False,False,False,False,False,1,0,0.4489654407870296,0,0.408237810957619
8.0,0,0,1,1,4.0,3,1,1,1,6.2166061010848646,5.929589143389895,4.0,37.0,2.0,0,True,False,False,False,False,False,False,False,True,0,0,0.4114790852821744,0,0.38038510929783553
18.0,1,0,1,1,1.5,3,1,1,0,7.601402334583733,3.5361166995615263,17.0,44.0,1.0,0,True,False,False,False,False,True,False,False,False,0,1,0.6492559575118071,1,0.5408868189100888
6.0,0,0,1,1,2.5,3,1,1,0,5.017279836814924,7.659642954564682,1.0,49.0,1.0,0,True,False,False,True,False,False,False,False,False,0,1,0.8335754306827672,1,0.7741683089339558
6.0,1,1,1,1,1.3333333333333333,3,1,1,1,5.017279836814924,7.53689712956617,8.0,28.0,1.0,0,True,False,False,True,False,False,False,False,False,1,1,0.8055872555598395,1,0.7832010322168663
16.0,0,0,1,1,1.25,3,1,1,1,6.398594934535208,0.0,4.0,50.0,1.0,0,True,False,True,False,False,False,False,False,False,0,0,0.4404384539284953,0,0.3770787193181274
9.0,0,0,1,1,1.3333333333333333,3,1,1,1,6.2166061010848646,7.824445930877619,12.0,59.0,1.0,0,True,False,False,False,False,False,False,False,True,1,0,0.41168092506155723,0,0.37529840359926697
12.0,1,1,1,1,3.5,2,0,1,1,5.303304908059076,8.874008125555884,5.0,42.0,1.0,1,False,False,True,False,False,False,False,False,False,0,0,0.2352753056262511,0,0.19780398977610503
10.0,1,0,1,1,1.0,2,1,1,1,5.017279836814924,10.12667110305036,12.0,52.0,1.0,0,False,False,False,True,False,False,False,False,False,0,1,0.6889553722064456,1,0.6388434764099011
7.0,0,0,1,1,2.0,3,1,1,1,6.2166061010848646,7.925759885593921,14.0,44.0,2.0,0,True,False,False,False,False,False,False,False,False,0,0,0.4611905078079098,0,0.45115828259995566
19.0,1,0,1,1,1.5,3,0,0,0,5.707110264748875,6.68586094706836,4.0,72.0,1.0,0,True,False,False,False,False,False,False,False,False,1,1,0.5104304647390805,0,0.45127727024734376
9.0,1,0,1,1,1.25,2,1,1,1,6.2166061010848646,4.110873864173311,12.0,37.0,1.0,0,True,False,True,False,False,False,False,False,False,0,0,0.37294483385364446,0,0.3961842689132154
11.0,0,0,1,1,1.25,3,1,1,1,7.601402334583733,10.308985993422082,5.0,37.0,1.0,0,True,False,False,False,False,False,False,True,False,1,0,0.4649588024343756,0,0.4549119249723138
8.0,0,0,1,1,1.0,3,1,1,1,6.2166061010848646,4.214593690373678,12.0,35.0,2.0,0,True,False,True,False,False,False,False,False,False,1,0,0.4488523249475934,0,0.41698481582742525
13.0,1,0,1,1,0.6666666666666666,3,1,1,1,6.90875477931522,0.0,17.0,40.0,2.0,0,True,False,True,False,False,False,False,False,False,0,0,0.4301584578273136,0,0.36213375029507167
17.0,1,1,1,1,1.5,2,0,1,0,6.111467339502679,8.412054873292933,10.0,50.0,1.0,1,False,False,False,True,False,False,False,False,False,0,1,0.6265120573787889,1,0.562228278767736
13.0,1,1,1,1,1.0,2,0,1,1,6.2166061010848646,8.11202803831707,5.0,59.0,1.0,0,False,True,False,False,False,False,False,False,False,1,0,0.2237009930069672,0,0.2239157137830111
11.0,1,1,1,1,3.0,2,1,1,0,5.017279836814924,7.467942332285852,8.0,39.0,1.0,0,False,False,False,False,True,False,False,False,False,0,0,0.42181933035499425,0,0.30132670921796045
15.0,1,0,1,1,1.6666666666666667,3,1,1,1,5.707110264748875,0.0,0.0,71.0,2.0,0,True,True,False,False,False,False,False,False,False,1,0,0.3009604644891694,0,0.37512162529772547
6.0,1,1,1,1,1.6666666666666667,2,1,0,1,6.2166061010848646,0.0,17.0,57.0,1.0,0,False,False,False,False,False,True,False,False,False,0,1,0.6213896947601385,1,0.5176394041281074
16.0,0,0,1,1,2.0,3,1,1,0,6.2166061010848646,4.483002552013883,14.0,47.0,2.0,0,True,False,False,True,False,False,False,False,False,1,1,0.8245331702157275,1,0.7813536016982887
10.0,0,0,1,1,1.25,3,1,1,1,6.2166061010848646,0.0,17.0,42.0,1.0,0,True,False,False,True,False,False,False,False,False,1,1,0.7730578074414086,1,0.8378557028344331
15.0,0,1,1,1,1.0,3,1,1,1,5.993961427306569,3.4339872044851463,5.0,42.0,1.0,0,False,False,False,False,False,False,False,False,True,1,0,0.4344596519777551,1,0.5560078325119426
10.0,1,0,1,1,0.5714285714285714,3,1,1,1,7.313886831633462,7.1316985104669115,13.0,45.0,2.0,0,True,False,False,True,False,False,False,False,False,1,1,0.7423198583821506,1,0.751317020024171
15.0,0,0,1,1,1.3333333333333333,2,1,1,1,5.5254529391317835,9.328212292571072,15.0,35.0,2.0,0,False,False,False,False,False,False,True,False,False,0,0,0.39724432733292864,0,0.2589300348464133
18.0,1,0,1,1,2.0,3,1,1,1,6.2166061010848646,6.90875477931522,13.0,41.0,2.0,0,True,False,False,True,False,False,False,False,False,0,1,0.7454296635606745,1,0.7785410884463677
9.0,1,1,1,1,5.0,2,0,1,0,4.61512051684126,7.00397413672268,5.0,40.0,1.0,0,False,False,False,False,False,False,True,False,False,1,1,0.522307750057401,1,0.5315455844763346
19.0,0,0,1,1,1.5,3,1,1,1,5.993961427306569,8.699681400989514,12.0,25.0,1.0,0,True,False,False,True,False,False,False,False,False,0,1,0.7427077387110979,1,0.728148281879605
13.0,0,0,1,1,6.0,3,0,1,1,5.707110264748875,0.0,12.0,36.0,1.0,0,True,False,False,False,False,False,False,True,False,1,0,0.47720057796807047,0,0.4898176865481619
13.0,1,0,1,1,0.6,3,1,1,1,8.160803920954665,0.0,17.0,49.0,1.0,0,True,True,False,False,False,False,False,False,False,0,0,0.26942149005430466,0,0.21807026418505632
15.0,1,0,1,1,1.6666666666666667,2,1,1,1,5.303304908059076,7.244941546337007,5.0,42.0,1.0,0,False,False,True,False,False,False,False,False,False,0,0,0.3400207839583748,0,0.3139796036878386
8.0,0,0,1,1,2.3333333333333335,2,1,1,1,5.707110264748875,0.0,12.0,45.0,1.0,0,True,False,False,True,False,False,False,False,False,0,1,0.737685433773111,1,0.7386335796771238
6.0,0,0,1,0,2.5,2,1,1,0,5.707110264748875,0.0,2.0,28.0,2.0,0,True,False,True,False,False,False,False,False,False,0,0,0.4133423055144349,0,0.47991681985273765
5.0,0,0,1,0,7.0,3,1,1,0,6.2166061010848646,0.0,12.0,30.0,1.0,0,True,False,False,False,False,False,False,True,False,0,1,0.5440005543079982,0,0.4581681196750724
19.0,1,0,1,1,1.75,3,1,1,1,7.313886831633462,6.572682063274631,17.0,50.0,1.0,1,True,False,False,True,False,False,False,False,False,0,1,0.5973628352168533,1,0.6322112722383708
5.0,1,0,1,1,2.6666666666666665,3,1,1,1,6.55250788703459,0.0,10.0,63.0,1.0,0,True,False,False,True,False,False,False,False,False,0,1,0.7736603852620806,1,0.6805234611738079
12.0,0,0,1,1,2.0,1,1,1,0,5.707110264748875,8.612685172875459,12.0,33.0,1.0,0,False,False,False,False,False,True,False,False,False,1,1,0.5351322717867354,0,0.46700178158452055
16.0,0,1,1,1,1.6666666666666667,2,0,1,0,4.61512051684126,6.90875477931522,5.0,39.0,2.0,0,False,False,False,False,True,False,False,False,False,0,0,0.3852135823967403,0,0.32875999220457763
10.0,0,0,1,1,5.0,3,0,1,1,6.2166061010848646,0.0,2.0,30.0,1.0,0,True,False,False,False,True,False,False,False,False,1,0,0.3219517949750387,0,0.46116970436567195
10.0,1,0,1,1,1.5,3,1,1,1,6.2166061010848646,4.61512051684126,12.0,48.0,1.0,0,True,False,False,False,False,False,False,True,False,0,0,0.49379530954331863,0,0.4863094642043849
6.0,1,0,1,1,1.5,2,1,1,0,5.993961427306569,8.517393171418904,8.0,56.0,1.0,0,False,False,False,True,False,False,False,False,False,0,1,0.7597099595394254,1,0.6384849404996477
18.0,0,0,1,1,2.5,3,1,1,1,6.2166061010848646,0.0,14.0,40.0,2.0,1,True,False,False,False,False,False,False,True,False,0,0,0.35584256099362166,0,0.38472498911228326
15.0,1,0,1,1,1.0,3,1,1,1,6.2166061010848646,7.923348211930154,5.0,48.0,2.0,0,True,False,False,False,False,False,False,False,True,1,0,0.3803836083875532,0,0.3649589299638338
6.0,1,0,1,1,4.0,3,1,1,1,4.61512051684126,7.026426808699636,9.0,35.0,1.0,0,False,False,False,False,False,False,True,False,False,1,0,0.47236060226850907,1,0.5104950182157068
8.0,1,0,1,1,4.0,3,1,1,1,6.2166061010848646,3.713572066704308,10.0,33.0,1.0,0,True,False,True,False,False,False,False,False,False,0,0,0.43754712879219426,0,0.4108924017727411
10.0,0,0,1,1,3.0,2,1,1,1,6.2166061010848646,0.0,8.0,29.0,2.0,0,True,False,True,False,False,False,False,False,False,0,0,0.3951269639513433,0,0.38092609744052447
17.0,0,0,1,1,0.6666666666666666,3,1,1,1,5.993961427306569,7.1316985104669115,6.0,63.0,2.0,0,True,False,False,False,False,False,False,True,False,0,1,0.5013652038175631,1,0.5204123828412196
9.0,1,0,1,1,1.25,3,1,1,1,6.2166061010848646,6.293419278846481,12.0,57.0,1.0,0,True,False,False,False,False,False,False,True,False,1,0,0.49670231763438216,0,0.46611935983517994
11.0,1,0,1,1,1.6666666666666667,2,1,1,1,3.9318256327243257,6.46302945692067,15.0,37.0,1.0,0,False,False,False,False,True,False,False,False,False,0,0,0.290495491576599,0,0.2557257294881502
7.0,0,0,1,1,1.6666666666666667,3,1,1,1,6.2166061010848646,7.916078096302786,5.0,51.0,1.0,0,True,False,False,False,False,False,False,True,False,1,1,0.5044750926684378,1,0.5263753842011948
6.0,1,0,1,1,6.0,3,0,1,1,5.5254529391317835,4.0103589061490075,11.0,45.0,1.0,0,True,False,False,False,False,False,False,False,False,0,0,0.4229351032188467,0,0.4401087681411944
5.0,0,0,1,0,1.25,3,1,1,1,6.90875477931522,7.244941546337007,17.0,42.0,1.0,0,True,False,False,False,False,False,False,False,True,0,0,0.3298809439514815,0,0.3427330068191251
5.0,1,0,1,0,2.0,3,1,1,0,6.2166061010848646,5.484796933490655,12.0,33.0,1.0,0,True,False,False,True,False,False,False,False,False,1,1,0.7648454305913204,1,0.7483500706637352
16.0,1,0,1,1,1.3333333333333333,2,1,1,1,7.313886831633462,7.601402334583733,18.0,43.0,1.0,0,True,False,False,False,False,True,False,False,False,1,1,0.5018190874306954,1,0.5373917712156835
16.0,1,1,1,1,1.5,2,1,1,1,4.61512051684126,7.7554816189874085,0.0,57.0,2.0,1,False,True,False,False,False,False,False,False,False,0,0,0.16810909642321184,0,0.19457449290036288
19.0,0,0,1,1,1.0,3,1,1,1,7.0909098220799835,7.0909098220799835,17.0,43.0,2.0,0,True,False,True,False,False,False,False,False,False,0,0,0.4216558169214694,0,0.43597249868524857
5.0,0,0,1,0,7.0,2,1,0,0,6.2166061010848646,7.447334942975405,8.0,39.0,2.0,0,True,False,False,False,False,False,False,False,False,1,0,0.4553423243065353,0,0.45749505138201785
8.0,0,0,1,1,2.5,3,1,1,1,6.2166061010848646,0.0,12.0,39.0,2.0,0,True,False,False,False,False,False,False,True,False,1,1,0.5231196281972065,0,0.4707394846724804
18.0,0,0,1,1,0.8571428571428571,3,1,1,0,6.90875477931522,5.070998443823346,5.0,74.0,1.0,0,True,False,False,False,False,False,False,True,False,0,1,0.5835097815662733,0,0.48007298983661123
13.0,0,0,1,1,2.5,3,1,1,1,7.0909098220799835,3.713572066704308,11.0,40.0,1.0,0,True,False,False,False,False,False,False,False,True,0,0,0.3935878892562714,0,0.3450094034968624
15.0,1,0,1,1,1.5,3,1,1,0,6.2166061010848646,3.3202283191284883,12.0,35.0,2.0,0,True,False,True,False,False,False,False,False,False,0,1,0.5169295706406756,0,0.4889729914126296
7.0,1,0,1,1,1.3333333333333333,3,1,1,1,6.90875477931522,0.0,17.0,50.0,1.0,0,True,False,False,False,False,True,False,False,False,1,1,0.5988578956103701,1,0.552240105904479
5.0,0,0,1,1,2.0,2,1,1,0,4.110873864173311,8.922791623969637,7.0,31.0,1.0,0,False,False,False,False,True,False,False,False,False,0,0,0.3799951378754748,0,0.2765836422402838
8.0,1,0,1,1,1.3333333333333333,3,1,1,0,7.0909098220799835,7.313886831633462,12.0,31.0,1.0,0,True,False,False,False,False,True,False,False,False,1,1,0.653657606010598,1,0.5994984139794248
19.0,1,0,1,1,2.6666666666666665,2,0,1,1,7.313886831633462,0.0,10.0,34.0,2.0,1,True,False,False,False,False,False,False,False,False,0,0,0.20061895761008383,0,0.28678243196660735
11.0,0,0,1,1,2.3333333333333335,3,1,1,1,6.2166061010848646,0.0,17.0,44.0,2.0,0,True,False,False,True,False,False,False,False,False,1,1,0.7782441351012879,1,0.8132916420173031
17.0,0,0,1,1,1.5,3,1,1,0,6.2166061010848646,4.43477720005941,10.0,17.0,2.0,0,False,False,False,False,False,False,False,False,False,0,0,0.49082102402502215,0,0.48832426762717257
5.0,0,0,1,1,3.0,3,1,1,1,6.2166061010848646,7.888959461698937,15.0,44.0,2.0,0,True,False,False,False,False,False,True,False,False,1,1,0.5076636311848138,0,0.44021008611878204
8.0,0,0,1,1,5.0,3,1,1,0,6.2166061010848646,5.303304908059076,12.0,40.0,1.0,0,True,False,False,False,False,False,False,True,False,1,1,0.6065215495888888,1,0.5742205286078328
16.0,1,0,1,1,2.0,3,0,1,1,5.993961427306569,5.929589143389895,12.0,44.0,1.0,0,False,False,False,False,True,False,False,False,False,0,0,0.27290886118891594,0,0.3543683389883557
12.0,1,0,1,1,3.0,3,1,1,1,6.2166061010848646,8.160803920954665,12.0,38.0,1.0,0,True,False,False,False,False,False,False,True,False,1,0,0.4825269021188054,0,0.493524587435212
7.0,0,0,1,1,2.3333333333333335,3,0,1,1,6.2166061010848646,5.848501056671288,2.0,54.0,1.0,0,False,False,False,False,False,False,False,False,False,1,0,0.3806095735393634,1,0.5226142484268301
12.0,0,0,1,1,1.5,2,1,1,1,6.2166061010848646,0.0,4.0,46.0,1.0,0,True,False,False,False,False,False,False,True,False,0,0,0.44753110061560814,0,0.4160639719005236
18.0,1,0,1,1,1.5,3,1,1,1,5.5254529391317835,0.0,7.0,58.0,1.0,0,True,False,False,True,False,False,False,False,False,0,1,0.761884938656923,1,0.7157069689961656
19.0,0,0,1,1,0.75,3,1,1,1,7.601402334583733,0.0,19.0,51.0,2.0,0,True,False,False,False,False,False,False,False,True,0,0,0.3947948598322233,0,0.3534814705194032
9.0,1,0,1,1,1.25,3,1,1,1,7.313886831633462,4.634728988229636,17.0,50.0,1.0,0,True,False,False,False,False,False,False,False,True,0,0,0.3872905203053775,0,0.2929542709194401
15.0,0,0,1,1,1.0,3,1,1,0,3.9318256327243257,5.929589143389895,5.0,55.0,1.0,0,False,False,False,False,False,False,True,False,False,1,1,0.5735518605963371,1,0.6378928555166068
17.0,0,0,1,1,1.6666666666666667,3,0,1,0,6.398594934535208,4.795790545596741,5.0,61.0,1.0,0,False,False,False,False,False,False,False,False,False,0,0,0.45662898350052444,0,0.47309863860949775
13.0,1,0,1,1,1.0,3,1,1,1,6.2166061010848646,5.812138499293826,17.0,37.0,2.0,0,True,False,False,True,False,False,False,False,False,1,1,0.75134649417897,1,0.7728803104343239
8.0,1,0,1,1,4.0,2,1,1,1,5.5254529391317835,2.691243082785829,3.0,52.0,1.0,0,False,False,False,False,False,False,False,False,True,1,0,0.3305819826103782,0,0.47714396481558274
16.0,1,1,1,1,1.25,3,1,1,1,6.803505257608338,0.0,9.0,50.0,2.0,0,True,False,False,True,False,False,False,False,False,1,1,0.8000271028755963,1,0.7428318930261705
19.0,1,1,1,1,2.0,2,0,0,1,3.9318256327243257,0.0,12.0,19.0,1.0,1,False,False,False,False,False,False,False,True,False,0,0,0.3142725469620879,0,0.30088648964379755
9.0,0,1,1,1,1.5,3,1,1,1,5.707110264748875,0.0,12.0,32.0,1.0,0,True,False,False,True,False,False,False,False,False,1,1,0.8180420283284314,1,0.8137846462731886
7.0,0,0,1,1,2.0,3,1,0,1,6.2166061010848646,3.258096538021482,14.0,38.0,1.0,0,True,False,True,False,False,False,False,False,False,1,0,0.48338022872629427,0,0.4156090131804094
13.0,0,0,1,1,2.0,2,1,1,1,3.9318256327243257,6.439350371100098,12.0,42.0,1.0,0,False,False,False,False,True,False,False,False,False,0,0,0.3014854361969641,0,0.2306209905934512
14.0,1,0,1,1,1.0,3,1,1,1,7.170888478512505,0.0,19.0,58.0,1.0,0,True,False,True,False,False,False,False,False,False,1,0,0.4332112419210581,0,0.3820864066557512
5.0,0,0,1,1,1.3333333333333333,3,1,1,1,6.2166061010848646,7.313886831633462,18.0,48.0,1.0,0,True,False,False,False,False,False,False,True,False,0,1,0.5153731874203701,0,0.4619478960642896
19.0,0,0,1,1,1.0,2,1,1,1,5.993961427306569,0.0,5.0,53.0,2.0,0,True,False,True,False,False,False,False,False,False,1,0,0.3889405049295307,0,0.4674092622429672
11.0,1,0,1,1,1.3333333333333333,3,1,1,1,6.2166061010848646,8.81744592104187,12.0,45.0,2.0,0,True,False,True,False,False,False,False,False,False,1,0,0.4275218755282652,0,0.39608769724868714
11.0,1,0,1,1,1.0,3,1,1,1,7.313886831633462,6.439350371100098,12.0,38.0,1.0,0,True,False,True,False,False,False,False,False,False,0,0,0.40802355945879987,0,0.35091743704930833
14.0,1,0,1,1,1.25,3,1,1,1,7.313886831633462,0.0,17.0,41.0,1.0,0,True,False,False,False,False,False,False,True,False,0,0,0.47971323069276145,0,0.47661642420008093
6.0,0,0,1,1,1.25,3,1,1,1,6.2166061010848646,0.0,17.0,45.0,1.0,0,True,False,False,True,False,False,False,False,False,0,1,0.7789340811058643,1,0.811660046391224
6.0,0,0,1,0,6.0,3,1,1,1,6.90875477931522,4.9605109069136875,16.0,32.0,1.0,0,True,False,False,False,False,False,False,True,False,0,0,0.43338305569282615,0,0.3859993820052347
6.0,0,0,1,0,0.8,2,1,1,1,7.313886831633462,0.0,17.0,37.0,1.0,0,True,False,True,False,False,False,False,False,False,0,0,0.3144610895709206,0,0.3937855543017044
17.0,0,0,1,1,2.0,3,1,1,1,6.2166061010848646,0.0,12.0,43.0,2.0,0,True,False,False,False,False,False,False,True,False,1,1,0.5088044931404221,1,0.5114536081351787
11.0,1,0,1,1,5.5,3,1,1,1,6.2166061010848646,0.0,12.0,37.0,1.0,0,True,False,False,True,False,False,False,False,False,1,1,0.7663446261687091,1,0.7667259489147706
18.0,1,0,1,1,0.4,3,1,1,1,7.824445930877619,7.824445930877619,17.0,38.0,2.0,0,True,False,True,False,False,False,False,False,False,1,0,0.3935077628871656,0,0.4156732772023354
9.0,0,0,1,1,0.6666666666666666,3,1,1,0,5.017279836814924,0.0,12.0,32.0,2.0,0,True,False,False,False,True,False,False,False,False,1,0,0.4715578509265882,0,0.48854641884708633
10.0,1,1,1,1,2.5,3,1,1,1,6.2166061010848646,0.0,11.0,44.0,1.0,0,True,False,False,True,False,False,False,False,False,1,1,0.8096424961701125,1,0.7581708807248658
13.0,0,1,1,1,1.0,3,1,1,1,7.601402334583733,7.104691738127173,12.0,67.0,1.0,0,True,False,False,True,False,False,False,False,False,1,1,0.8012147869471488,1,0.705206848087099
8.0,1,1,1,0,1.5,1,0,0,1,6.2166061010848646,6.503789046997708,12.0,47.0,2.0,0,False,False,False,False,False,False,False,False,False,1,0,0.2809704317268547,0,0.4142068282163182
19.0,1,0,1,1,0.6666666666666666,3,1,1,1,8.517393171418904,6.621405651764134,0.0,68.0,2.0,0,True,False,False,False,False,True,False,False,False,0,1,0.5462896021126888,1,0.537697691038714
14.0,0,0,1,1,1.3333333333333333,3,1,1,0,6.2166061010848646,7.189922170745808,5.0,51.0,2.0,0,True,False,False,False,True,False,False,False,False,0,0,0.44150147392055483,0,0.39497190618989697
16.0,0,0,1,1,1.0,3,1,1,0,7.313886831633462,0.0,0.0,67.0,2.0,0,True,False,False,True,False,False,False,False,False,1,1,0.820028516341534,1,0.7270544029899599
8.0,1,0,1,1,2.5,3,1,1,0,6.2166061010848646,3.4965075614664802,3.0,31.0,1.0,0,False,False,False,False,True,False,False,False,False,0,0,0.39962719336901414,0,0.4982242665999621
10.0,1,0,1,1,0.8,3,1,1,1,6.68586094706836,0.0,17.0,45.0,1.0,0,True,False,False,False,False,False,False,True,False,0,0,0.4958653921618308,0,0.4560716182678705
15.0,0,0,1,1,1.2,3,1,1,1,6.2166061010848646,6.90875477931522,12.0,49.0,2.0,0,True,False,False,True,False,False,False,False,False,1,1,0.7611354108726145,1,0.7314712788802004
14.0,1,0,1,1,1.6666666666666667,3,1,1,1,6.2166061010848646,8.131824785007195,17.0,47.0,1.0,0,True,False,True,False,False,False,False,False,False,1,0,0.42502878220223633,0,0.44212185424882255
